participation_code,level_id,start_treasury,no_rounds,user_id,timestamp,readable_timestamp,start_approval,country,round_number,action_number,population,round_start_treasury,current_treasury,action,cost,x_loc,y_loc
null,Mountain Pass,0,12,0bf81b41b33644bf94313c26355ebd82,1730943215,2024-11-07T01:33:35,50,US,0,0,9,1,6,CHOP,-5,4,5
null,Mountain Pass,0,12,0bf81b41b33644bf94313c26355ebd82,1730943215,2024-11-07T01:33:35,50,US,0,1,9,1,11,CHOP,-5,1,4
null,Mountain Pass,0,12,0bf81b41b33644bf94313c26355ebd82,1730943215,2024-11-07T01:33:35,50,US,0,2,9,1,8,FARM,3,10,3
null,Mountain Pass,0,12,0bf81b41b33644bf94313c26355ebd82,1730943215,2024-11-07T01:33:35,50,US,0,3,9,1,5,FARM,3,10,2
null,Mountain Pass,0,12,0bf81b41b33644bf94313c26355ebd82,1730943215,2024-11-07T01:33:35,50,US,0,4,9,1,10,CHOP,-5,12,2
null,Mountain Pass,0,12,0bf81b41b33644bf94313c26355ebd82,1730943215,2024-11-07T01:33:35,50,US,0,5,9,1,15,CHOP,-5,12,2
null,Mountain Pass,0,12,0bf81b41b33644bf94313c26355ebd82,1730943215,2024-11-07T01:33:35,50,US,0,6,9,1,20,CHOP,-5,12,2
null,Mountain Pass,0,12,0bf81b41b33644bf94313c26355ebd82,1730943215,2024-11-07T01:33:35,50,US,0,7,9,1,25,CHOP,-5,12,2
null,Mountain Pass,0,12,0bf81b41b33644bf94313c26355ebd82,1730943215,2024-11-07T01:33:35,50,US,0,8,9,1,30,CHOP,-5,11,2
null,Mountain Pass,0,12,0bf81b41b33644bf94313c26355ebd82,1730943215,2024-11-07T01:33:35,50,US,0,9,9,1,35,CHOP,-5,11,2
null,Mountain Pass,0,12,0bf81b41b33644bf94313c26355ebd82,1730943215,2024-11-07T01:33:35,50,US,0,10,9,1,40,CHOP,-5,11,2
null,Mountain Pass,0,12,0bf81b41b33644bf94313c26355ebd82,1730943215,2024-11-07T01:33:35,50,US,0,11,9,1,45,CHOP,-5,11,2
null,Mountain Pass,0,12,0bf81b41b33644bf94313c26355ebd82,1730943215,2024-11-07T01:33:35,50,US,0,12,9,1,39,CLEAN,6,4,7
null,Mountain Pass,0,12,0bf81b41b33644bf94313c26355ebd82,1730943215,2024-11-07T01:33:35,50,US,0,13,9,1,29,PLANT_TREE,10,5,7
null,Mountain Pass,0,12,0bf81b41b33644bf94313c26355ebd82,1730943215,2024-11-07T01:33:35,50,US,0,14,9,1,19,PLANT_TREE,10,1,4
null,Mountain Pass,0,12,0bf81b41b33644bf94313c26355ebd82,1730943215,2024-11-07T01:33:35,50,US,0,15,9,1,16,FARM,3,12,3
null,Mountain Pass,0,12,0bf81b41b33644bf94313c26355ebd82,1730943215,2024-11-07T01:33:35,50,US,0,16,9,1,13,FARM,3,11,2
null,Mountain Pass,0,12,0bf81b41b33644bf94313c26355ebd82,1730943215,2024-11-07T01:33:35,50,US,0,17,9,1,10,FARM,3,12,2
null,Mountain Pass,0,12,0bf81b41b33644bf94313c26355ebd82,1730943215,2024-11-07T01:33:35,50,US,0,18,9,1,5,CONCRETE,5,4,5
null,Mountain Pass,0,12,0bf81b41b33644bf94313c26355ebd82,1730943215,2024-11-07T01:33:35,50,US,0,19,9,1,2,FARM,3,13,2
null,Mountain Pass,0,12,0bf81b41b33644bf94313c26355ebd82,1730943215,2024-11-07T01:33:35,50,US,1,0,14,0,-6,CLEAN,6,3,2
null,Mountain Pass,0,12,0bf81b41b33644bf94313c26355ebd82,1730943215,2024-11-07T01:33:35,50,US,1,1,14,0,-11,CONCRETE,5,3,2
null,Mountain Pass,0,12,0bf81b41b33644bf94313c26355ebd82,1730943215,2024-11-07T01:33:35,50,US,1,2,14,0,-14,FARM,3,8,1
null,Mountain Pass,0,12,0bf81b41b33644bf94313c26355ebd82,1730943215,2024-11-07T01:33:35,50,US,1,3,14,0,-17,FARM,3,10,1
null,Mountain Pass,0,12,0bf81b41b33644bf94313c26355ebd82,1730943215,2024-11-07T01:33:35,50,US,1,4,14,0,-20,FARM,3,11,1
null,Mountain Pass,0,12,0bf81b41b33644bf94313c26355ebd82,1730943215,2024-11-07T01:33:35,50,US,1,5,14,0,-15,CHOP,-5,11,6
null,Mountain Pass,0,12,0bf81b41b33644bf94313c26355ebd82,1730943215,2024-11-07T01:33:35,50,US,1,6,14,0,-18,FARM,3,12,1
null,Mountain Pass,0,12,0bf81b41b33644bf94313c26355ebd82,1730943215,2024-11-07T01:33:35,50,US,1,7,14,0,-21,FARM,3,13,1
null,Mountain Pass,0,12,0bf81b41b33644bf94313c26355ebd82,1730943215,2024-11-07T01:33:35,50,US,2,0,18,1,-9,PLANT_TREE,10,10,6
null,Mountain Pass,0,12,0bf81b41b33644bf94313c26355ebd82,1730943215,2024-11-07T01:33:35,50,US,2,1,18,1,-19,PLANT_TREE,10,9,5
null,Mountain Pass,0,12,0bf81b41b33644bf94313c26355ebd82,1730943215,2024-11-07T01:33:35,50,US,2,2,18,1,-29,PLANT_TREE,10,3,1
null,Mountain Pass,0,12,0bf81b41b33644bf94313c26355ebd82,1730943215,2024-11-07T01:33:35,50,US,2,3,18,1,-35,CLEAN,6,4,1
null,Mountain Pass,0,12,0bf81b41b33644bf94313c26355ebd82,1730943215,2024-11-07T01:33:35,50,US,2,4,18,1,-30,CHOP,-5,11,6
null,Mountain Pass,0,12,0bf81b41b33644bf94313c26355ebd82,1730943215,2024-11-07T01:33:35,50,US,2,5,18,1,-25,CHOP,-5,9,2
null,Mountain Pass,0,12,0bf81b41b33644bf94313c26355ebd82,1730943215,2024-11-07T01:33:35,50,US,2,6,18,1,-35,PLANT_TREE,10,3,7
null,Mountain Pass,0,12,0bf81b41b33644bf94313c26355ebd82,1730943215,2024-11-07T01:33:35,50,US,3,0,21,11,8,FARM,3,10,0
null,Mountain Pass,0,12,0bf81b41b33644bf94313c26355ebd82,1730943215,2024-11-07T01:33:35,50,US,3,1,21,11,5,FARM,3,9,0
null,Mountain Pass,0,12,0bf81b41b33644bf94313c26355ebd82,1730943215,2024-11-07T01:33:35,50,US,3,2,21,11,2,FARM,3,8,0
null,Mountain Pass,0,12,0bf81b41b33644bf94313c26355ebd82,1730943215,2024-11-07T01:33:35,50,US,3,3,21,11,-4,CLEAN,6,1,1
null,Mountain Pass,0,12,0bf81b41b33644bf94313c26355ebd82,1730943215,2024-11-07T01:33:35,50,US,3,4,21,11,-10,CLEAN,6,5,4
null,Mountain Pass,0,12,0bf81b41b33644bf94313c26355ebd82,1730943215,2024-11-07T01:33:35,50,US,3,5,21,11,-13,FARM,3,14,2
null,Mountain Pass,0,12,0bf81b41b33644bf94313c26355ebd82,1730943215,2024-11-07T01:33:35,50,US,3,6,21,11,-16,FARM,3,14,3
null,Mountain Pass,0,12,0bf81b41b33644bf94313c26355ebd82,1730943215,2024-11-07T01:33:35,50,US,3,7,21,11,-19,FARM,3,14,1
null,Mountain Pass,0,12,0bf81b41b33644bf94313c26355ebd82,1730943215,2024-11-07T01:33:35,50,US,3,8,21,11,-22,FARM,3,7,1
null,Mountain Pass,0,12,0bf81b41b33644bf94313c26355ebd82,1730943215,2024-11-07T01:33:35,50,US,4,0,25,3,-7,PLANT_TREE,10,5,1
null,Mountain Pass,0,12,0bf81b41b33644bf94313c26355ebd82,1730943215,2024-11-07T01:33:35,50,US,4,1,25,3,-17,PLANT_TREE,10,4,8
null,Mountain Pass,0,12,0bf81b41b33644bf94313c26355ebd82,1730943215,2024-11-07T01:33:35,50,US,4,2,25,3,-23,CLEAN,6,7,7
null,Mountain Pass,0,12,0bf81b41b33644bf94313c26355ebd82,1730943215,2024-11-07T01:33:35,50,US,4,3,25,3,-26,FARM,3,8,2
null,Mountain Pass,0,12,0bf81b41b33644bf94313c26355ebd82,1730943215,2024-11-07T01:33:35,50,US,4,4,25,3,-29,FARM,3,9,3
null,Mountain Pass,0,12,0bf81b41b33644bf94313c26355ebd82,1730943215,2024-11-07T01:33:35,50,US,4,5,25,3,-32,FARM,3,8,3
null,Mountain Pass,0,12,0bf81b41b33644bf94313c26355ebd82,1730943215,2024-11-07T01:33:35,50,US,4,6,25,3,-42,PLANT_TREE,10,13,6
null,Mountain Pass,0,12,0bf81b41b33644bf94313c26355ebd82,1730943215,2024-11-07T01:33:35,50,US,4,7,25,3,-52,PLANT_TREE,10,11,5
null,Mountain Pass,0,12,0bf81b41b33644bf94313c26355ebd82,1730943215,2024-11-07T01:33:35,50,US,4,8,25,3,-55,FARM,3,13,4
null,Mountain Pass,0,12,0bf81b41b33644bf94313c26355ebd82,1730943215,2024-11-07T01:33:35,50,US,4,9,25,3,-58,FARM,3,9,4
null,Mountain Pass,0,12,0bf81b41b33644bf94313c26355ebd82,1730943215,2024-11-07T01:33:35,50,US,4,10,25,3,-53,CHOP,-5,5,7
null,Mountain Pass,0,12,0bf81b41b33644bf94313c26355ebd82,1730943215,2024-11-07T01:33:35,50,US,4,11,25,3,-59,CLEAN,6,2,5
null,Mountain Pass,0,12,0bf81b41b33644bf94313c26355ebd82,1730943215,2024-11-07T01:33:35,50,US,5,0,29,0,-3,FARM,3,11,4
null,Mountain Pass,0,12,0bf81b41b33644bf94313c26355ebd82,1730943215,2024-11-07T01:33:35,50,US,5,1,29,0,-9,CLEAN,6,0,3
null,Mountain Pass,0,12,0bf81b41b33644bf94313c26355ebd82,1730943215,2024-11-07T01:33:35,50,US,5,2,29,0,-19,PLANT_TREE,10,1,5
null,Mountain Pass,0,12,0bf81b41b33644bf94313c26355ebd82,1730943215,2024-11-07T01:33:35,50,US,5,3,29,0,-24,CONCRETE,5,3,3
null,Mountain Pass,0,12,0bf81b41b33644bf94313c26355ebd82,1730943215,2024-11-07T01:33:35,50,US,5,4,29,0,-27,FARM,3,12,5
null,Mountain Pass,0,12,0bf81b41b33644bf94313c26355ebd82,1730943215,2024-11-07T01:33:35,50,US,5,5,29,0,-22,CHOP,-5,13,6
null,Mountain Pass,0,12,0bf81b41b33644bf94313c26355ebd82,1730943215,2024-11-07T01:33:35,50,US,5,6,29,0,-25,FARM,3,13,5
null,Mountain Pass,0,12,0bf81b41b33644bf94313c26355ebd82,1730943215,2024-11-07T01:33:35,50,US,5,7,29,0,-28,FARM,3,13,6
null,Mountain Pass,0,12,0bf81b41b33644bf94313c26355ebd82,1730943215,2024-11-07T01:33:35,50,US,6,0,28,0,-10,PLANT_TREE,10,4,2
null,Mountain Pass,0,12,0bf81b41b33644bf94313c26355ebd82,1730943215,2024-11-07T01:33:35,50,US,6,1,28,0,-13,FARM,3,10,5
null,Mountain Pass,0,12,0bf81b41b33644bf94313c26355ebd82,1730943215,2024-11-07T01:33:35,50,US,6,2,28,0,-16,FARM,3,6,0
null,Mountain Pass,0,12,0bf81b41b33644bf94313c26355ebd82,1730943215,2024-11-07T01:33:35,50,US,6,3,28,0,-26,PLANT_TREE,10,1,3
null,Mountain Pass,0,12,0bf81b41b33644bf94313c26355ebd82,1730943215,2024-11-07T01:33:35,50,US,6,4,28,0,-36,PLANT_TREE,10,4,0
null,Mountain Pass,0,12,0bf81b41b33644bf94313c26355ebd82,1730943215,2024-11-07T01:33:35,50,US,6,5,28,0,-46,PLANT_TREE,10,4,4
null,Mountain Pass,0,12,0bf81b41b33644bf94313c26355ebd82,1730943215,2024-11-07T01:33:35,50,US,6,6,28,0,-56,PLANT_TREE,10,4,7
null,Mountain Pass,0,12,0bf81b41b33644bf94313c26355ebd82,1730943215,2024-11-07T01:33:35,50,US,6,7,28,0,-51,CHOP,-5,5,7
null,Mountain Pass,0,12,0bf81b41b33644bf94313c26355ebd82,1730943215,2024-11-07T01:33:35,50,US,6,8,28,0,-54,FARM,3,0,4
null,Mountain Pass,0,12,0bf81b41b33644bf94313c26355ebd82,1730943215,2024-11-07T01:33:35,50,US,6,9,28,0,-57,FARM,3,1,1
null,Mountain Pass,0,12,0bf81b41b33644bf94313c26355ebd82,1730943215,2024-11-07T01:33:35,50,US,6,10,28,0,-63,CLEAN,6,2,3
null,Mountain Pass,0,12,0bf81b41b33644bf94313c26355ebd82,1730943215,2024-11-07T01:33:35,50,US,7,0,30,2,-8,PLANT_TREE,10,5,5
null,Mountain Pass,0,12,0bf81b41b33644bf94313c26355ebd82,1730943215,2024-11-07T01:33:35,50,US,7,1,30,2,-13,CONCRETE,5,4,1
null,Mountain Pass,0,12,0bf81b41b33644bf94313c26355ebd82,1730943215,2024-11-07T01:33:35,50,US,7,2,30,2,-19,CLEAN,6,5,0
null,Mountain Pass,0,12,0bf81b41b33644bf94313c26355ebd82,1730943215,2024-11-07T01:33:35,50,US,7,3,30,2,-29,PLANT_TREE,10,5,0
null,Mountain Pass,0,12,0bf81b41b33644bf94313c26355ebd82,1730943215,2024-11-07T01:33:35,50,US,7,4,30,2,-24,CHOP,-5,5,7
null,Mountain Pass,0,12,0bf81b41b33644bf94313c26355ebd82,1730943215,2024-11-07T01:33:35,50,US,7,5,30,2,-19,CHOP,-5,3,7
null,Mountain Pass,0,12,0bf81b41b33644bf94313c26355ebd82,1730943215,2024-11-07T01:33:35,50,US,7,6,30,2,-22,FARM,3,0,3
null,Mountain Pass,0,12,0bf81b41b33644bf94313c26355ebd82,1730943215,2024-11-07T01:33:35,50,US,7,7,30,2,-25,FARM,3,2,4
null,Mountain Pass,0,12,0bf81b41b33644bf94313c26355ebd82,1730943215,2024-11-07T01:33:35,50,US,7,8,30,2,-20,CHOP,-5,11,5
null,Mountain Pass,0,12,0bf81b41b33644bf94313c26355ebd82,1730943215,2024-11-07T01:33:35,50,US,7,9,30,2,-23,FARM,3,11,5
null,Mountain Pass,0,12,0bf81b41b33644bf94313c26355ebd82,1730943215,2024-11-07T01:33:35,50,US,7,10,30,2,-28,CONCRETE,5,1,2
null,Mountain Pass,0,12,0bf81b41b33644bf94313c26355ebd82,1730943215,2024-11-07T01:33:35,50,US,8,0,33,5,-1,CLEAN,6,1,6
null,Mountain Pass,0,12,0bf81b41b33644bf94313c26355ebd82,1730943215,2024-11-07T01:33:35,50,US,8,1,33,5,-7,CLEAN,6,4,6
null,Mountain Pass,0,12,0bf81b41b33644bf94313c26355ebd82,1730943215,2024-11-07T01:33:35,50,US,8,2,33,5,-13,CLEAN,6,5,3
null,Mountain Pass,0,12,0bf81b41b33644bf94313c26355ebd82,1730943215,2024-11-07T01:33:35,50,US,8,3,33,5,-8,CHOP,-5,4,7
null,Mountain Pass,0,12,0bf81b41b33644bf94313c26355ebd82,1730943215,2024-11-07T01:33:35,50,US,8,4,33,5,-3,CHOP,-5,4,7
null,Mountain Pass,0,12,0bf81b41b33644bf94313c26355ebd82,1730943215,2024-11-07T01:33:35,50,US,8,5,33,5,-9,CLEAN,6,2,0
null,Mountain Pass,0,12,0bf81b41b33644bf94313c26355ebd82,1730943215,2024-11-07T01:33:35,50,US,8,6,33,5,-4,CHOP,-5,1,4
null,Mountain Pass,0,12,0bf81b41b33644bf94313c26355ebd82,1730943215,2024-11-07T01:33:35,50,US,8,7,33,5,-10,CLEAN,6,3,4
null,Mountain Pass,0,12,0bf81b41b33644bf94313c26355ebd82,1730943215,2024-11-07T01:33:35,50,US,9,0,42,40,34,CLEAN,6,0,5
null,Mountain Pass,0,12,0bf81b41b33644bf94313c26355ebd82,1730943215,2024-11-07T01:33:35,50,US,9,1,42,40,28,CLEAN,6,1,7
null,Mountain Pass,0,12,0bf81b41b33644bf94313c26355ebd82,1730943215,2024-11-07T01:33:35,50,US,9,2,42,40,23,CONCRETE,5,1,7
null,Mountain Pass,0,12,0bf81b41b33644bf94313c26355ebd82,1730943215,2024-11-07T01:33:35,50,US,9,3,42,40,18,CONCRETE,5,3,5
null,Mountain Pass,0,12,0bf81b41b33644bf94313c26355ebd82,1730943215,2024-11-07T01:33:35,50,US,9,4,42,40,13,CONCRETE,5,5,3
null,Mountain Pass,0,12,0bf81b41b33644bf94313c26355ebd82,1730943215,2024-11-07T01:33:35,50,US,9,5,42,40,18,CHOP,-5,4,2
null,Mountain Pass,0,12,0bf81b41b33644bf94313c26355ebd82,1730943215,2024-11-07T01:33:35,50,US,9,6,42,40,23,CHOP,-5,4,4
null,Mountain Pass,0,12,0bf81b41b33644bf94313c26355ebd82,1730943215,2024-11-07T01:33:35,50,US,9,7,42,40,28,CHOP,-5,4,4
null,Mountain Pass,0,12,0bf81b41b33644bf94313c26355ebd82,1730943215,2024-11-07T01:33:35,50,US,9,8,42,40,33,CHOP,-5,5,5
null,Mountain Pass,0,12,0bf81b41b33644bf94313c26355ebd82,1730943215,2024-11-07T01:33:35,50,US,9,9,42,40,38,CHOP,-5,5,5
null,Mountain Pass,0,12,0bf81b41b33644bf94313c26355ebd82,1730943215,2024-11-07T01:33:35,50,US,9,10,42,40,32,CLEAN,6,6,1
null,Mountain Pass,0,12,0bf81b41b33644bf94313c26355ebd82,1730943215,2024-11-07T01:33:35,50,US,9,11,42,40,27,CONCRETE,5,5,5
null,Mountain Pass,0,12,0bf81b41b33644bf94313c26355ebd82,1730943215,2024-11-07T01:33:35,50,US,10,0,46,84,89,CHOP,-5,5,0
null,Mountain Pass,0,12,0bf81b41b33644bf94313c26355ebd82,1730943215,2024-11-07T01:33:35,50,US,10,1,46,84,94,CHOP,-5,5,0
null,Mountain Pass,0,12,0bf81b41b33644bf94313c26355ebd82,1730943215,2024-11-07T01:33:35,50,US,10,2,46,84,91,FARM,3,0,5
null,Mountain Pass,0,12,0bf81b41b33644bf94313c26355ebd82,1730943215,2024-11-07T01:33:35,50,US,10,3,46,84,88,FARM,3,0,7
null,Mountain Pass,0,12,0bf81b41b33644bf94313c26355ebd82,1730943215,2024-11-07T01:33:35,50,US,10,4,46,84,85,FARM,3,1,6
null,Mountain Pass,0,12,0bf81b41b33644bf94313c26355ebd82,1730943215,2024-11-07T01:33:35,50,US,10,5,46,84,82,FARM,3,2,7
null,Mountain Pass,0,12,0bf81b41b33644bf94313c26355ebd82,1730943215,2024-11-07T01:33:35,50,US,10,6,46,84,79,FARM,3,9,6
null,Mountain Pass,0,12,0bf81b41b33644bf94313c26355ebd82,1730943215,2024-11-07T01:33:35,50,US,10,7,46,84,76,FARM,3,1,0
null,Mountain Pass,0,12,0bf81b41b33644bf94313c26355ebd82,1730943215,2024-11-07T01:33:35,50,US,10,8,46,84,73,FARM,3,2,0
null,Mountain Pass,0,12,0bf81b41b33644bf94313c26355ebd82,1730943215,2024-11-07T01:33:35,50,US,11,0,54,155,155,PASS,0,-1,-1
null,Mountain Pass,0,12,3d3c99808cd84dd4983e0502eaf7ea60,1731599022,2024-11-14T15:43:42,50,US,0,0,7,2,7,CHOP,-5,11,6
null,Mountain Pass,0,12,3d3c99808cd84dd4983e0502eaf7ea60,1731599022,2024-11-14T15:43:42,50,US,0,1,7,2,12,CHOP,-5,11,6
null,Mountain Pass,0,12,3d3c99808cd84dd4983e0502eaf7ea60,1731599022,2024-11-14T15:43:42,50,US,0,2,7,2,17,CHOP,-5,11,6
null,Mountain Pass,0,12,3d3c99808cd84dd4983e0502eaf7ea60,1731599022,2024-11-14T15:43:42,50,US,0,3,7,2,22,CHOP,-5,11,6
null,Mountain Pass,0,12,3d3c99808cd84dd4983e0502eaf7ea60,1731599022,2024-11-14T15:43:42,50,US,0,4,7,2,16,CLEAN,6,3,1
null,Mountain Pass,0,12,3d3c99808cd84dd4983e0502eaf7ea60,1731599022,2024-11-14T15:43:42,50,US,0,5,7,2,10,CLEAN,6,4,2
null,Mountain Pass,0,12,3d3c99808cd84dd4983e0502eaf7ea60,1731599022,2024-11-14T15:43:42,50,US,0,6,7,2,4,CLEAN,6,4,4
null,Mountain Pass,0,12,3d3c99808cd84dd4983e0502eaf7ea60,1731599022,2024-11-14T15:43:42,50,US,0,7,7,2,9,CHOP,-5,12,6
null,Mountain Pass,0,12,3d3c99808cd84dd4983e0502eaf7ea60,1731599022,2024-11-14T15:43:42,50,US,0,8,7,2,14,CHOP,-5,12,6
null,Mountain Pass,0,12,3d3c99808cd84dd4983e0502eaf7ea60,1731599022,2024-11-14T15:43:42,50,US,0,9,7,2,19,CHOP,-5,12,6
null,Mountain Pass,0,12,3d3c99808cd84dd4983e0502eaf7ea60,1731599022,2024-11-14T15:43:42,50,US,0,10,7,2,24,CHOP,-5,12,6
null,Mountain Pass,0,12,3d3c99808cd84dd4983e0502eaf7ea60,1731599022,2024-11-14T15:43:42,50,US,0,11,7,2,18,CLEAN,6,5,1
null,Mountain Pass,0,12,3d3c99808cd84dd4983e0502eaf7ea60,1731599022,2024-11-14T15:43:42,50,US,0,12,7,2,12,CLEAN,6,7,1
null,Mountain Pass,0,12,3d3c99808cd84dd4983e0502eaf7ea60,1731599022,2024-11-14T15:43:42,50,US,0,13,7,2,6,CLEAN,6,5,3
null,Mountain Pass,0,12,3d3c99808cd84dd4983e0502eaf7ea60,1731599022,2024-11-14T15:43:42,50,US,0,14,7,2,3,FARM,3,3,0
null,Mountain Pass,0,12,3d3c99808cd84dd4983e0502eaf7ea60,1731599022,2024-11-14T15:43:42,50,US,0,15,7,2,8,CHOP,-5,12,4
null,Mountain Pass,0,12,3d3c99808cd84dd4983e0502eaf7ea60,1731599022,2024-11-14T15:43:42,50,US,0,16,7,2,13,CHOP,-5,12,4
null,Mountain Pass,0,12,3d3c99808cd84dd4983e0502eaf7ea60,1731599022,2024-11-14T15:43:42,50,US,0,17,7,2,18,CHOP,-5,12,4
null,Mountain Pass,0,12,3d3c99808cd84dd4983e0502eaf7ea60,1731599022,2024-11-14T15:43:42,50,US,0,18,7,2,23,CHOP,-5,12,4
null,Mountain Pass,0,12,3d3c99808cd84dd4983e0502eaf7ea60,1731599022,2024-11-14T15:43:42,50,US,0,19,7,2,20,FARM,3,5,0
null,Mountain Pass,0,12,3d3c99808cd84dd4983e0502eaf7ea60,1731599022,2024-11-14T15:43:42,50,US,0,20,7,2,14,CLEAN,6,4,0
null,Mountain Pass,0,12,3d3c99808cd84dd4983e0502eaf7ea60,1731599022,2024-11-14T15:43:42,50,US,0,21,7,2,11,FARM,3,4,0
null,Mountain Pass,0,12,3d3c99808cd84dd4983e0502eaf7ea60,1731599022,2024-11-14T15:43:42,50,US,0,22,7,2,5,CLEAN,6,6,0
null,Mountain Pass,0,12,3d3c99808cd84dd4983e0502eaf7ea60,1731599022,2024-11-14T15:43:42,50,US,0,23,7,2,2,FARM,3,6,0
null,Mountain Pass,0,12,3d3c99808cd84dd4983e0502eaf7ea60,1731599022,2024-11-14T15:43:42,50,US,0,24,7,2,7,CHOP,-5,4,5
null,Mountain Pass,0,12,3d3c99808cd84dd4983e0502eaf7ea60,1731599022,2024-11-14T15:43:42,50,US,0,25,7,2,4,FARM,3,8,0
null,Mountain Pass,0,12,3d3c99808cd84dd4983e0502eaf7ea60,1731599022,2024-11-14T15:43:42,50,US,1,0,9,13,10,FARM,3,7,1
null,Mountain Pass,0,12,3d3c99808cd84dd4983e0502eaf7ea60,1731599022,2024-11-14T15:43:42,50,US,1,1,9,13,7,FARM,3,6,1
null,Mountain Pass,0,12,3d3c99808cd84dd4983e0502eaf7ea60,1731599022,2024-11-14T15:43:42,50,US,2,0,11,4,-2,CLEAN,6,3,4
null,Mountain Pass,0,12,3d3c99808cd84dd4983e0502eaf7ea60,1731599022,2024-11-14T15:43:42,50,US,2,1,11,4,-8,CLEAN,6,4,5
null,Mountain Pass,0,12,3d3c99808cd84dd4983e0502eaf7ea60,1731599022,2024-11-14T15:43:42,50,US,2,2,11,4,-14,CLEAN,6,5,4
null,Mountain Pass,0,12,3d3c99808cd84dd4983e0502eaf7ea60,1731599022,2024-11-14T15:43:42,50,US,2,3,11,4,-20,CLEAN,6,3,2
null,Mountain Pass,0,12,3d3c99808cd84dd4983e0502eaf7ea60,1731599022,2024-11-14T15:43:42,50,US,2,4,11,4,-23,FARM,3,4,1
null,Mountain Pass,0,12,3d3c99808cd84dd4983e0502eaf7ea60,1731599022,2024-11-14T15:43:42,50,US,2,5,11,4,-26,FARM,3,8,1
null,Mountain Pass,0,12,3d3c99808cd84dd4983e0502eaf7ea60,1731599022,2024-11-14T15:43:42,50,US,3,0,13,0,-3,FARM,3,5,1
null,Mountain Pass,0,12,3d3c99808cd84dd4983e0502eaf7ea60,1731599022,2024-11-14T15:43:42,50,US,3,1,13,0,-6,FARM,3,3,1
null,Mountain Pass,0,12,3d3c99808cd84dd4983e0502eaf7ea60,1731599022,2024-11-14T15:43:42,50,US,3,2,13,0,-12,CLEAN,6,2,2
null,Mountain Pass,0,12,3d3c99808cd84dd4983e0502eaf7ea60,1731599022,2024-11-14T15:43:42,50,US,3,3,13,0,-18,CLEAN,6,3,3
null,Mountain Pass,0,12,3d3c99808cd84dd4983e0502eaf7ea60,1731599022,2024-11-14T15:43:42,50,US,3,4,13,0,-24,CLEAN,6,0,3
null,Mountain Pass,0,12,3d3c99808cd84dd4983e0502eaf7ea60,1731599022,2024-11-14T15:43:42,50,US,3,5,13,0,-30,CLEAN,6,1,3
null,Mountain Pass,0,12,3d3c99808cd84dd4983e0502eaf7ea60,1731599022,2024-11-14T15:43:42,50,US,4,0,14,0,-6,CLEAN,6,1,6
null,Mountain Pass,0,12,3d3c99808cd84dd4983e0502eaf7ea60,1731599022,2024-11-14T15:43:42,50,US,4,1,14,0,-12,CLEAN,6,1,5
null,Mountain Pass,0,12,3d3c99808cd84dd4983e0502eaf7ea60,1731599022,2024-11-14T15:43:42,50,US,4,2,14,0,-18,CLEAN,6,9,5
null,Mountain Pass,0,12,3d3c99808cd84dd4983e0502eaf7ea60,1731599022,2024-11-14T15:43:42,50,US,4,3,14,0,-21,FARM,3,9,0
null,Mountain Pass,0,12,3d3c99808cd84dd4983e0502eaf7ea60,1731599022,2024-11-14T15:43:42,50,US,4,4,14,0,-24,FARM,3,10,0
null,Mountain Pass,0,12,3d3c99808cd84dd4983e0502eaf7ea60,1731599022,2024-11-14T15:43:42,50,US,4,5,14,0,-27,FARM,3,10,1
null,Mountain Pass,0,12,3d3c99808cd84dd4983e0502eaf7ea60,1731599022,2024-11-14T15:43:42,50,US,4,6,14,0,-30,FARM,3,11,1
null,Mountain Pass,0,12,3d3c99808cd84dd4983e0502eaf7ea60,1731599022,2024-11-14T15:43:42,50,US,5,0,17,0,-3,FARM,3,12,1
null,Mountain Pass,0,12,3d3c99808cd84dd4983e0502eaf7ea60,1731599022,2024-11-14T15:43:42,50,US,5,1,17,0,-9,CLEAN,6,3,2
null,Mountain Pass,0,12,3d3c99808cd84dd4983e0502eaf7ea60,1731599022,2024-11-14T15:43:42,50,US,5,2,17,0,-14,CONCRETE,5,14,1
null,Mountain Pass,0,12,3d3c99808cd84dd4983e0502eaf7ea60,1731599022,2024-11-14T15:43:42,50,US,5,3,17,0,-17,FARM,3,13,2
null,Mountain Pass,0,12,3d3c99808cd84dd4983e0502eaf7ea60,1731599022,2024-11-14T15:43:42,50,US,5,4,17,0,-20,FARM,3,13,1
null,Mountain Pass,0,12,3d3c99808cd84dd4983e0502eaf7ea60,1731599022,2024-11-14T15:43:42,50,US,5,5,17,0,-26,CLEAN,6,5,5
null,Mountain Pass,0,12,3d3c99808cd84dd4983e0502eaf7ea60,1731599022,2024-11-14T15:43:42,50,US,5,6,17,0,-32,CLEAN,6,2,4
null,Mountain Pass,0,12,3d3c99808cd84dd4983e0502eaf7ea60,1731599022,2024-11-14T15:43:42,50,US,6,0,19,0,-6,CLEAN,6,1,2
null,Mountain Pass,0,12,3d3c99808cd84dd4983e0502eaf7ea60,1731599022,2024-11-14T15:43:42,50,US,6,1,19,0,-16,PLANT_TREE,10,4,6
null,Mountain Pass,0,12,3d3c99808cd84dd4983e0502eaf7ea60,1731599022,2024-11-14T15:43:42,50,US,6,2,19,0,-26,PLANT_TREE,10,1,6
null,Mountain Pass,0,12,3d3c99808cd84dd4983e0502eaf7ea60,1731599022,2024-11-14T15:43:42,50,US,6,3,19,0,-32,CLEAN,6,3,5
null,Mountain Pass,0,12,3d3c99808cd84dd4983e0502eaf7ea60,1731599022,2024-11-14T15:43:42,50,US,6,4,19,0,-35,FARM,3,9,3
null,Mountain Pass,0,12,3d3c99808cd84dd4983e0502eaf7ea60,1731599022,2024-11-14T15:43:42,50,US,7,0,25,1,-5,CLEAN,6,1,1
null,Mountain Pass,0,12,3d3c99808cd84dd4983e0502eaf7ea60,1731599022,2024-11-14T15:43:42,50,US,7,1,25,1,-15,PLANT_TREE,10,1,5
null,Mountain Pass,0,12,3d3c99808cd84dd4983e0502eaf7ea60,1731599022,2024-11-14T15:43:42,50,US,7,2,25,1,-25,PLANT_TREE,10,0,4
null,Mountain Pass,0,12,3d3c99808cd84dd4983e0502eaf7ea60,1731599022,2024-11-14T15:43:42,50,US,7,3,25,1,-28,FARM,3,8,2
null,Mountain Pass,0,12,3d3c99808cd84dd4983e0502eaf7ea60,1731599022,2024-11-14T15:43:42,50,US,7,4,25,1,-33,CONCRETE,5,14,2
null,Mountain Pass,0,12,3d3c99808cd84dd4983e0502eaf7ea60,1731599022,2024-11-14T15:43:42,50,US,7,5,25,1,-39,CLEAN,6,1,2
null,Mountain Pass,0,12,3d3c99808cd84dd4983e0502eaf7ea60,1731599022,2024-11-14T15:43:42,50,US,7,6,25,1,-44,CONCRETE,5,1,1
null,Mountain Pass,0,12,3d3c99808cd84dd4983e0502eaf7ea60,1731599022,2024-11-14T15:43:42,50,US,8,0,28,24,14,PLANT_TREE,10,1,3
null,Mountain Pass,0,12,3d3c99808cd84dd4983e0502eaf7ea60,1731599022,2024-11-14T15:43:42,50,US,8,1,28,24,4,PLANT_TREE,10,2,3
null,Mountain Pass,0,12,3d3c99808cd84dd4983e0502eaf7ea60,1731599022,2024-11-14T15:43:42,50,US,8,2,28,24,-2,CLEAN,6,1,2
null,Mountain Pass,0,12,3d3c99808cd84dd4983e0502eaf7ea60,1731599022,2024-11-14T15:43:42,50,US,8,3,28,24,-12,PLANT_TREE,10,1,7
null,Mountain Pass,0,12,3d3c99808cd84dd4983e0502eaf7ea60,1731599022,2024-11-14T15:43:42,50,US,8,4,28,24,-18,CLEAN,6,1,0
null,Mountain Pass,0,12,3d3c99808cd84dd4983e0502eaf7ea60,1731599022,2024-11-14T15:43:42,50,US,9,0,33,9,4,CONCRETE,5,2,0
null,Mountain Pass,0,12,3d3c99808cd84dd4983e0502eaf7ea60,1731599022,2024-11-14T15:43:42,50,US,9,1,33,9,-1,CONCRETE,5,1,0
null,Mountain Pass,0,12,3d3c99808cd84dd4983e0502eaf7ea60,1731599022,2024-11-14T15:43:42,50,US,9,2,33,9,-6,CONCRETE,5,1,2
null,Mountain Pass,0,12,3d3c99808cd84dd4983e0502eaf7ea60,1731599022,2024-11-14T15:43:42,50,US,9,3,33,9,-11,CONCRETE,5,4,4
null,Mountain Pass,0,12,3d3c99808cd84dd4983e0502eaf7ea60,1731599022,2024-11-14T15:43:42,50,US,9,4,33,9,-14,FARM,3,10,3
null,Mountain Pass,0,12,3d3c99808cd84dd4983e0502eaf7ea60,1731599022,2024-11-14T15:43:42,50,US,9,5,33,9,-17,FARM,3,10,2
null,Mountain Pass,0,12,3d3c99808cd84dd4983e0502eaf7ea60,1731599022,2024-11-14T15:43:42,50,US,9,6,33,9,-20,FARM,3,12,3
null,Mountain Pass,0,12,3d3c99808cd84dd4983e0502eaf7ea60,1731599022,2024-11-14T15:43:42,50,US,9,7,33,9,-23,FARM,3,14,3
null,Mountain Pass,0,12,3d3c99808cd84dd4983e0502eaf7ea60,1731599022,2024-11-14T15:43:42,50,US,9,8,33,9,-26,FARM,3,8,3
null,Mountain Pass,0,12,3d3c99808cd84dd4983e0502eaf7ea60,1731599022,2024-11-14T15:43:42,50,US,9,9,33,9,-29,FARM,3,13,4
null,Mountain Pass,0,12,3d3c99808cd84dd4983e0502eaf7ea60,1731599022,2024-11-14T15:43:42,50,US,9,10,33,9,-32,FARM,3,12,4
null,Mountain Pass,0,12,3d3c99808cd84dd4983e0502eaf7ea60,1731599022,2024-11-14T15:43:42,50,US,9,11,33,9,-35,FARM,3,13,5
null,Mountain Pass,0,12,3d3c99808cd84dd4983e0502eaf7ea60,1731599022,2024-11-14T15:43:42,50,US,9,12,33,9,-38,FARM,3,5,2
null,Mountain Pass,0,12,3d3c99808cd84dd4983e0502eaf7ea60,1731599022,2024-11-14T15:43:42,50,US,9,13,33,9,-44,CLEAN,6,11,5
null,Mountain Pass,0,12,3d3c99808cd84dd4983e0502eaf7ea60,1731599022,2024-11-14T15:43:42,50,US,9,14,33,9,-54,PLANT_TREE,10,2,7
null,Mountain Pass,0,12,3d3c99808cd84dd4983e0502eaf7ea60,1731599022,2024-11-14T15:43:42,50,US,9,15,33,9,-60,CLEAN,6,3,2
null,Mountain Pass,0,12,3d3c99808cd84dd4983e0502eaf7ea60,1731599022,2024-11-14T15:43:42,50,US,9,16,33,9,-66,CLEAN,6,2,2
null,Mountain Pass,0,12,3d3c99808cd84dd4983e0502eaf7ea60,1731599022,2024-11-14T15:43:42,50,US,9,17,33,9,-69,FARM,3,11,4
null,Mountain Pass,0,12,3d3c99808cd84dd4983e0502eaf7ea60,1731599022,2024-11-14T15:43:42,50,US,10,0,35,2,-1,FARM,3,9,4
null,Mountain Pass,0,12,3d3c99808cd84dd4983e0502eaf7ea60,1731599022,2024-11-14T15:43:42,50,US,10,1,35,2,-4,FARM,3,11,5
null,Mountain Pass,0,12,3d3c99808cd84dd4983e0502eaf7ea60,1731599022,2024-11-14T15:43:42,50,US,10,2,35,2,-7,FARM,3,12,5
null,Mountain Pass,0,12,3d3c99808cd84dd4983e0502eaf7ea60,1731599022,2024-11-14T15:43:42,50,US,10,3,35,2,-10,FARM,3,13,6
null,Mountain Pass,0,12,3d3c99808cd84dd4983e0502eaf7ea60,1731599022,2024-11-14T15:43:42,50,US,10,4,35,2,-13,FARM,3,11,6
null,Mountain Pass,0,12,3d3c99808cd84dd4983e0502eaf7ea60,1731599022,2024-11-14T15:43:42,50,US,10,5,35,2,-16,FARM,3,10,5
null,Mountain Pass,0,12,3d3c99808cd84dd4983e0502eaf7ea60,1731599022,2024-11-14T15:43:42,50,US,10,6,35,2,-19,FARM,3,9,5
null,Mountain Pass,0,12,3d3c99808cd84dd4983e0502eaf7ea60,1731599022,2024-11-14T15:43:42,50,US,10,7,35,2,-25,CLEAN,6,12,6
null,Mountain Pass,0,12,3d3c99808cd84dd4983e0502eaf7ea60,1731599022,2024-11-14T15:43:42,50,US,10,8,35,2,-35,PLANT_TREE,10,12,6
null,Mountain Pass,0,12,3d3c99808cd84dd4983e0502eaf7ea60,1731599022,2024-11-14T15:43:42,50,US,10,9,35,2,-41,CLEAN,6,3,6
null,Mountain Pass,0,12,3d3c99808cd84dd4983e0502eaf7ea60,1731599022,2024-11-14T15:43:42,50,US,10,10,35,2,-51,PLANT_TREE,10,3,2
null,Mountain Pass,0,12,3d3c99808cd84dd4983e0502eaf7ea60,1731599022,2024-11-14T15:43:42,50,US,10,11,35,2,-54,FARM,3,3,7
null,Mountain Pass,0,12,3d3c99808cd84dd4983e0502eaf7ea60,1731599022,2024-11-14T15:43:42,50,US,11,0,41,0,-5,CONCRETE,5,2,2
null,Mountain Pass,0,12,3d3c99808cd84dd4983e0502eaf7ea60,1731599022,2024-11-14T15:43:42,50,US,11,1,41,0,-10,CONCRETE,5,5,3
null,Mountain Pass,0,12,3d3c99808cd84dd4983e0502eaf7ea60,1731599022,2024-11-14T15:43:42,50,US,11,2,41,0,-16,CLEAN,6,5,6
null,Mountain Pass,0,12,3d3c99808cd84dd4983e0502eaf7ea60,1731599022,2024-11-14T15:43:42,50,US,11,3,41,0,-22,CLEAN,6,10,6
null,Mountain Pass,0,12,3d3c99808cd84dd4983e0502eaf7ea60,1731599022,2024-11-14T15:43:42,50,US,11,4,41,0,-25,FARM,3,10,6
null,Mountain Pass,0,12,3d3c99808cd84dd4983e0502eaf7ea60,1731599022,2024-11-14T15:43:42,50,US,11,5,41,0,-28,FARM,3,9,6
null,Mountain Pass,0,12,3d3c99808cd84dd4983e0502eaf7ea60,1731599022,2024-11-14T15:43:42,50,US,11,6,41,0,-34,CLEAN,6,7,7
null,Mountain Pass,0,12,3d3c99808cd84dd4983e0502eaf7ea60,1731599022,2024-11-14T15:43:42,50,US,11,7,41,0,-44,PLANT_TREE,10,7,7
null,Mountain Pass,0,12,3d3c99808cd84dd4983e0502eaf7ea60,1731599022,2024-11-14T15:43:42,50,US,11,8,41,0,-54,PLANT_TREE,10,6,7
CM42VDNQ60,Mountain Pass,0,12,9a0dd95fbc5341128ab295206932da24,1732895001,2024-11-29T15:43:21,50,US,0,0,6,2,7,CHOP,-5,8,4
CM42VDNQ60,Mountain Pass,0,12,9a0dd95fbc5341128ab295206932da24,1732895001,2024-11-29T15:43:21,50,US,0,1,6,2,12,CHOP,-5,10,4
CM42VDNQ60,Mountain Pass,0,12,9a0dd95fbc5341128ab295206932da24,1732895001,2024-11-29T15:43:21,50,US,0,2,6,2,17,CHOP,-5,11,6
CM42VDNQ60,Mountain Pass,0,12,9a0dd95fbc5341128ab295206932da24,1732895001,2024-11-29T15:43:21,50,US,0,3,6,2,22,CHOP,-5,12,6
CM42VDNQ60,Mountain Pass,0,12,9a0dd95fbc5341128ab295206932da24,1732895001,2024-11-29T15:43:21,50,US,0,4,6,2,27,CHOP,-5,12,4
CM42VDNQ60,Mountain Pass,0,12,9a0dd95fbc5341128ab295206932da24,1732895001,2024-11-29T15:43:21,50,US,0,5,6,2,32,CHOP,-5,11,3
CM42VDNQ60,Mountain Pass,0,12,9a0dd95fbc5341128ab295206932da24,1732895001,2024-11-29T15:43:21,50,US,0,6,6,2,37,CHOP,-5,13,3
CM42VDNQ60,Mountain Pass,0,12,9a0dd95fbc5341128ab295206932da24,1732895001,2024-11-29T15:43:21,50,US,0,7,6,2,42,CHOP,-5,12,2
CM42VDNQ60,Mountain Pass,0,12,9a0dd95fbc5341128ab295206932da24,1732895001,2024-11-29T15:43:21,50,US,0,8,6,2,47,CHOP,-5,11,2
CM42VDNQ60,Mountain Pass,0,12,9a0dd95fbc5341128ab295206932da24,1732895001,2024-11-29T15:43:21,50,US,0,9,6,2,52,CHOP,-5,9,2
CM42VDNQ60,Mountain Pass,0,12,9a0dd95fbc5341128ab295206932da24,1732895001,2024-11-29T15:43:21,50,US,0,10,6,2,57,CHOP,-5,9,1
CM42VDNQ60,Mountain Pass,0,12,9a0dd95fbc5341128ab295206932da24,1732895001,2024-11-29T15:43:21,50,US,0,11,6,2,62,CHOP,-5,7,0
CM42VDNQ60,Mountain Pass,0,12,9a0dd95fbc5341128ab295206932da24,1732895001,2024-11-29T15:43:21,50,US,0,12,6,2,56,CLEAN,6,3,3
CM42VDNQ60,Mountain Pass,0,12,9a0dd95fbc5341128ab295206932da24,1732895001,2024-11-29T15:43:21,50,US,0,13,6,2,50,CLEAN,6,4,1
CM42VDNQ60,Mountain Pass,0,12,9a0dd95fbc5341128ab295206932da24,1732895001,2024-11-29T15:43:21,50,US,0,14,6,2,47,FARM,3,4,0
CM42VDNQ60,Mountain Pass,0,12,9a0dd95fbc5341128ab295206932da24,1732895001,2024-11-29T15:43:21,50,US,0,15,6,2,44,FARM,3,3,4
CM42VDNQ60,Mountain Pass,0,12,9a0dd95fbc5341128ab295206932da24,1732895001,2024-11-29T15:43:21,50,US,0,16,6,2,34,PLANT_TREE,10,5,1
CM42VDNQ60,Mountain Pass,0,12,9a0dd95fbc5341128ab295206932da24,1732895001,2024-11-29T15:43:21,50,US,0,17,6,2,24,PLANT_TREE,10,2,3
CM42VDNQ60,Mountain Pass,0,12,9a0dd95fbc5341128ab295206932da24,1732895001,2024-11-29T15:43:21,50,US,0,18,6,2,14,PLANT_TREE,10,3,1
CM42VDNQ60,Mountain Pass,0,12,9a0dd95fbc5341128ab295206932da24,1732895001,2024-11-29T15:43:21,50,US,0,19,6,2,4,PLANT_TREE,10,4,2
CM42VDNQ60,Mountain Pass,0,12,9a0dd95fbc5341128ab295206932da24,1732895001,2024-11-29T15:43:21,50,US,1,0,8,1,6,CHOP,-5,11,6
CM42VDNQ60,Mountain Pass,0,12,9a0dd95fbc5341128ab295206932da24,1732895001,2024-11-29T15:43:21,50,US,1,1,8,1,11,CHOP,-5,10,4
CM42VDNQ60,Mountain Pass,0,12,9a0dd95fbc5341128ab295206932da24,1732895001,2024-11-29T15:43:21,50,US,1,2,8,1,16,CHOP,-5,12,4
CM42VDNQ60,Mountain Pass,0,12,9a0dd95fbc5341128ab295206932da24,1732895001,2024-11-29T15:43:21,50,US,1,3,8,1,21,CHOP,-5,12,2
CM42VDNQ60,Mountain Pass,0,12,9a0dd95fbc5341128ab295206932da24,1732895001,2024-11-29T15:43:21,50,US,1,4,8,1,26,CHOP,-5,9,2
CM42VDNQ60,Mountain Pass,0,12,9a0dd95fbc5341128ab295206932da24,1732895001,2024-11-29T15:43:21,50,US,1,5,8,1,31,CHOP,-5,8,4
CM42VDNQ60,Mountain Pass,0,12,9a0dd95fbc5341128ab295206932da24,1732895001,2024-11-29T15:43:21,50,US,1,6,8,1,25,CLEAN,6,1,3
CM42VDNQ60,Mountain Pass,0,12,9a0dd95fbc5341128ab295206932da24,1732895001,2024-11-29T15:43:21,50,US,1,7,8,1,19,CLEAN,6,3,5
CM42VDNQ60,Mountain Pass,0,12,9a0dd95fbc5341128ab295206932da24,1732895001,2024-11-29T15:43:21,50,US,1,8,8,1,13,CLEAN,6,5,4
CM42VDNQ60,Mountain Pass,0,12,9a0dd95fbc5341128ab295206932da24,1732895001,2024-11-29T15:43:21,50,US,1,9,8,1,10,FARM,3,5,5
CM42VDNQ60,Mountain Pass,0,12,9a0dd95fbc5341128ab295206932da24,1732895001,2024-11-29T15:43:21,50,US,1,10,8,1,7,FARM,3,3,6
CM42VDNQ60,Mountain Pass,0,12,9a0dd95fbc5341128ab295206932da24,1732895001,2024-11-29T15:43:21,50,US,1,11,8,1,2,CONCRETE,5,3,5
CM42VDNQ60,Mountain Pass,0,12,9a0dd95fbc5341128ab295206932da24,1732895001,2024-11-29T15:43:21,50,US,1,12,8,1,-1,FARM,3,1,2
CM42VDNQ60,Mountain Pass,0,12,9a0dd95fbc5341128ab295206932da24,1732895001,2024-11-29T15:43:21,50,US,1,13,8,1,-4,FARM,3,0,3
CM42VDNQ60,Mountain Pass,0,12,9a0dd95fbc5341128ab295206932da24,1732895001,2024-11-29T15:43:21,50,US,1,14,8,1,1,CHOP,-5,13,3
CM42VDNQ60,Mountain Pass,0,12,9a0dd95fbc5341128ab295206932da24,1732895001,2024-11-29T15:43:21,50,US,1,15,8,1,6,CHOP,-5,7,0
CM42VDNQ60,Mountain Pass,0,12,9a0dd95fbc5341128ab295206932da24,1732895001,2024-11-29T15:43:21,50,US,1,16,8,1,-4,PLANT_TREE,10,5,3
CM42VDNQ60,Mountain Pass,0,12,9a0dd95fbc5341128ab295206932da24,1732895001,2024-11-29T15:43:21,50,US,1,17,8,1,-10,CLEAN,6,6,1
CM42VDNQ60,Mountain Pass,0,12,9a0dd95fbc5341128ab295206932da24,1732895001,2024-11-29T15:43:21,50,US,2,0,13,0,-3,FARM,3,13,5
CM42VDNQ60,Mountain Pass,0,12,9a0dd95fbc5341128ab295206932da24,1732895001,2024-11-29T15:43:21,50,US,2,1,13,0,-6,FARM,3,14,3
CM42VDNQ60,Mountain Pass,0,12,9a0dd95fbc5341128ab295206932da24,1732895001,2024-11-29T15:43:21,50,US,2,2,13,0,-9,FARM,3,14,1
CM42VDNQ60,Mountain Pass,0,12,9a0dd95fbc5341128ab295206932da24,1732895001,2024-11-29T15:43:21,50,US,2,3,13,0,-12,FARM,3,13,1
CM42VDNQ60,Mountain Pass,0,12,9a0dd95fbc5341128ab295206932da24,1732895001,2024-11-29T15:43:21,50,US,2,4,13,0,-7,CHOP,-5,13,3
CM42VDNQ60,Mountain Pass,0,12,9a0dd95fbc5341128ab295206932da24,1732895001,2024-11-29T15:43:21,50,US,2,5,13,0,-2,CHOP,-5,11,2
CM42VDNQ60,Mountain Pass,0,12,9a0dd95fbc5341128ab295206932da24,1732895001,2024-11-29T15:43:21,50,US,2,6,13,0,3,CHOP,-5,11,3
CM42VDNQ60,Mountain Pass,0,12,9a0dd95fbc5341128ab295206932da24,1732895001,2024-11-29T15:43:21,50,US,2,7,13,0,8,CHOP,-5,12,4
CM42VDNQ60,Mountain Pass,0,12,9a0dd95fbc5341128ab295206932da24,1732895001,2024-11-29T15:43:21,50,US,2,8,13,0,13,CHOP,-5,11,6
CM42VDNQ60,Mountain Pass,0,12,9a0dd95fbc5341128ab295206932da24,1732895001,2024-11-29T15:43:21,50,US,2,9,13,0,18,CHOP,-5,9,2
CM42VDNQ60,Mountain Pass,0,12,9a0dd95fbc5341128ab295206932da24,1732895001,2024-11-29T15:43:21,50,US,2,10,13,0,23,CHOP,-5,9,1
CM42VDNQ60,Mountain Pass,0,12,9a0dd95fbc5341128ab295206932da24,1732895001,2024-11-29T15:43:21,50,US,2,11,13,0,13,PLANT_TREE,10,2,5
CM42VDNQ60,Mountain Pass,0,12,9a0dd95fbc5341128ab295206932da24,1732895001,2024-11-29T15:43:21,50,US,2,12,13,0,3,PLANT_TREE,10,1,3
CM42VDNQ60,Mountain Pass,0,12,9a0dd95fbc5341128ab295206932da24,1732895001,2024-11-29T15:43:21,50,US,2,13,13,0,-7,PLANT_TREE,10,14,2
CM42VDNQ60,Mountain Pass,0,12,9a0dd95fbc5341128ab295206932da24,1732895001,2024-11-29T15:43:21,50,US,2,14,13,0,-12,CONCRETE,5,11,4
CM42VDNQ60,Mountain Pass,0,12,9a0dd95fbc5341128ab295206932da24,1732895001,2024-11-29T15:43:21,50,US,2,15,13,0,-15,FARM,3,10,0
CM42VDNQ60,Mountain Pass,0,12,9a0dd95fbc5341128ab295206932da24,1732895001,2024-11-29T15:43:21,50,US,3,0,10,2,-1,FARM,3,8,3
CM42VDNQ60,Mountain Pass,0,12,9a0dd95fbc5341128ab295206932da24,1732895001,2024-11-29T15:43:21,50,US,3,1,10,2,-4,FARM,3,8,1
CM42VDNQ60,Mountain Pass,0,12,9a0dd95fbc5341128ab295206932da24,1732895001,2024-11-29T15:43:21,50,US,3,2,10,2,-7,FARM,3,10,1
CM42VDNQ60,Mountain Pass,0,12,9a0dd95fbc5341128ab295206932da24,1732895001,2024-11-29T15:43:21,50,US,3,3,10,2,-10,FARM,3,10,3
CM42VDNQ60,Mountain Pass,0,12,9a0dd95fbc5341128ab295206932da24,1732895001,2024-11-29T15:43:21,50,US,3,4,10,2,-5,CHOP,-5,11,6
CM42VDNQ60,Mountain Pass,0,12,9a0dd95fbc5341128ab295206932da24,1732895001,2024-11-29T15:43:21,50,US,3,5,10,2,0,CHOP,-5,11,3
CM42VDNQ60,Mountain Pass,0,12,9a0dd95fbc5341128ab295206932da24,1732895001,2024-11-29T15:43:21,50,US,3,6,10,2,5,CHOP,-5,12,4
CM42VDNQ60,Mountain Pass,0,12,9a0dd95fbc5341128ab295206932da24,1732895001,2024-11-29T15:43:21,50,US,3,7,10,2,10,CHOP,-5,13,3
CM42VDNQ60,Mountain Pass,0,12,9a0dd95fbc5341128ab295206932da24,1732895001,2024-11-29T15:43:21,50,US,3,8,10,2,15,CHOP,-5,12,2
CM42VDNQ60,Mountain Pass,0,12,9a0dd95fbc5341128ab295206932da24,1732895001,2024-11-29T15:43:21,50,US,3,9,10,2,20,CHOP,-5,9,2
CM42VDNQ60,Mountain Pass,0,12,9a0dd95fbc5341128ab295206932da24,1732895001,2024-11-29T15:43:21,50,US,3,10,10,2,25,CHOP,-5,9,1
CM42VDNQ60,Mountain Pass,0,12,9a0dd95fbc5341128ab295206932da24,1732895001,2024-11-29T15:43:21,50,US,3,11,10,2,15,PLANT_TREE,10,7,1
CM42VDNQ60,Mountain Pass,0,12,9a0dd95fbc5341128ab295206932da24,1732895001,2024-11-29T15:43:21,50,US,3,12,10,2,9,CLEAN,6,3,2
CM42VDNQ60,Mountain Pass,0,12,9a0dd95fbc5341128ab295206932da24,1732895001,2024-11-29T15:43:21,50,US,3,13,10,2,3,CLEAN,6,9,5
CM42VDNQ60,Mountain Pass,0,12,9a0dd95fbc5341128ab295206932da24,1732895001,2024-11-29T15:43:21,50,US,3,14,10,2,-7,PLANT_TREE,10,9,6
CM42VDNQ60,Mountain Pass,0,12,9a0dd95fbc5341128ab295206932da24,1732895001,2024-11-29T15:43:21,50,US,3,15,10,2,-10,FARM,3,9,5
CM42VDNQ60,Mountain Pass,0,12,9a0dd95fbc5341128ab295206932da24,1732895001,2024-11-29T15:43:21,50,US,3,16,10,2,-5,CHOP,-5,2,6
CM42VDNQ60,Mountain Pass,0,12,9a0dd95fbc5341128ab295206932da24,1732895001,2024-11-29T15:43:21,50,US,3,17,10,2,-8,FARM,3,11,5
CM42VDNQ60,Mountain Pass,0,12,9a0dd95fbc5341128ab295206932da24,1732895001,2024-11-29T15:43:21,50,US,4,0,20,1,6,CHOP,-5,13,3
CM42VDNQ60,Mountain Pass,0,12,9a0dd95fbc5341128ab295206932da24,1732895001,2024-11-29T15:43:21,50,US,4,1,20,1,11,CHOP,-5,13,3
CM42VDNQ60,Mountain Pass,0,12,9a0dd95fbc5341128ab295206932da24,1732895001,2024-11-29T15:43:21,50,US,4,2,20,1,16,CHOP,-5,13,3
CM42VDNQ60,Mountain Pass,0,12,9a0dd95fbc5341128ab295206932da24,1732895001,2024-11-29T15:43:21,50,US,4,3,20,1,21,CHOP,-5,11,3
CM42VDNQ60,Mountain Pass,0,12,9a0dd95fbc5341128ab295206932da24,1732895001,2024-11-29T15:43:21,50,US,4,4,20,1,26,CHOP,-5,11,3
CM42VDNQ60,Mountain Pass,0,12,9a0dd95fbc5341128ab295206932da24,1732895001,2024-11-29T15:43:21,50,US,4,5,20,1,31,CHOP,-5,11,3
CM42VDNQ60,Mountain Pass,0,12,9a0dd95fbc5341128ab295206932da24,1732895001,2024-11-29T15:43:21,50,US,4,6,20,1,36,CHOP,-5,11,3
CM42VDNQ60,Mountain Pass,0,12,9a0dd95fbc5341128ab295206932da24,1732895001,2024-11-29T15:43:21,50,US,4,7,20,1,33,FARM,3,11,3
CM42VDNQ60,Mountain Pass,0,12,9a0dd95fbc5341128ab295206932da24,1732895001,2024-11-29T15:43:21,50,US,4,8,20,1,30,FARM,3,12,3
CM42VDNQ60,Mountain Pass,0,12,9a0dd95fbc5341128ab295206932da24,1732895001,2024-11-29T15:43:21,50,US,4,9,20,1,27,FARM,3,13,3
CM42VDNQ60,Mountain Pass,0,12,9a0dd95fbc5341128ab295206932da24,1732895001,2024-11-29T15:43:21,50,US,4,10,20,1,24,FARM,3,11,1
CM42VDNQ60,Mountain Pass,0,12,9a0dd95fbc5341128ab295206932da24,1732895001,2024-11-29T15:43:21,50,US,4,11,20,1,21,FARM,3,12,1
CM42VDNQ60,Mountain Pass,0,12,9a0dd95fbc5341128ab295206932da24,1732895001,2024-11-29T15:43:21,50,US,4,12,20,1,18,FARM,3,13,2
CM42VDNQ60,Mountain Pass,0,12,9a0dd95fbc5341128ab295206932da24,1732895001,2024-11-29T15:43:21,50,US,4,13,20,1,15,FARM,3,10,2
CM42VDNQ60,Mountain Pass,0,12,9a0dd95fbc5341128ab295206932da24,1732895001,2024-11-29T15:43:21,50,US,4,14,20,1,10,CONCRETE,5,5,4
CM42VDNQ60,Mountain Pass,0,12,9a0dd95fbc5341128ab295206932da24,1732895001,2024-11-29T15:43:21,50,US,4,15,20,1,5,CONCRETE,5,3,3
CM42VDNQ60,Mountain Pass,0,12,9a0dd95fbc5341128ab295206932da24,1732895001,2024-11-29T15:43:21,50,US,4,16,20,1,0,CONCRETE,5,2,2
CM42VDNQ60,Mountain Pass,0,12,9a0dd95fbc5341128ab295206932da24,1732895001,2024-11-29T15:43:21,50,US,5,0,31,2,-3,CONCRETE,5,4,4
CM42VDNQ60,Mountain Pass,0,12,9a0dd95fbc5341128ab295206932da24,1732895001,2024-11-29T15:43:21,50,US,5,1,31,2,-8,CONCRETE,5,4,6
CM42VDNQ60,Mountain Pass,0,12,9a0dd95fbc5341128ab295206932da24,1732895001,2024-11-29T15:43:21,50,US,5,2,31,2,-13,CONCRETE,5,3,2
CM42VDNQ60,Mountain Pass,0,12,9a0dd95fbc5341128ab295206932da24,1732895001,2024-11-29T15:43:21,50,US,5,3,31,2,-18,CONCRETE,5,4,1
CM42VDNQ60,Mountain Pass,0,12,9a0dd95fbc5341128ab295206932da24,1732895001,2024-11-29T15:43:21,50,US,6,0,38,1,6,CHOP,-5,1,4
CM42VDNQ60,Mountain Pass,0,12,9a0dd95fbc5341128ab295206932da24,1732895001,2024-11-29T15:43:21,50,US,6,1,38,1,11,CHOP,-5,1,4
CM42VDNQ60,Mountain Pass,0,12,9a0dd95fbc5341128ab295206932da24,1732895001,2024-11-29T15:43:21,50,US,6,2,38,1,16,CHOP,-5,1,3
CM42VDNQ60,Mountain Pass,0,12,9a0dd95fbc5341128ab295206932da24,1732895001,2024-11-29T15:43:21,50,US,6,3,38,1,21,CHOP,-5,1,3
CM42VDNQ60,Mountain Pass,0,12,9a0dd95fbc5341128ab295206932da24,1732895001,2024-11-29T15:43:21,50,US,6,4,38,1,26,CHOP,-5,1,3
CM42VDNQ60,Mountain Pass,0,12,9a0dd95fbc5341128ab295206932da24,1732895001,2024-11-29T15:43:21,50,US,6,5,38,1,21,CONCRETE,5,2,4
CM42VDNQ60,Mountain Pass,0,12,9a0dd95fbc5341128ab295206932da24,1732895001,2024-11-29T15:43:21,50,US,6,6,38,1,16,CONCRETE,5,1,3
CM42VDNQ60,Mountain Pass,0,12,9a0dd95fbc5341128ab295206932da24,1732895001,2024-11-29T15:43:21,50,US,6,7,38,1,11,CONCRETE,5,1,4
CM42VDNQ60,Mountain Pass,0,12,9a0dd95fbc5341128ab295206932da24,1732895001,2024-11-29T15:43:21,50,US,6,8,38,1,8,FARM,3,9,0
CM42VDNQ60,Mountain Pass,0,12,9a0dd95fbc5341128ab295206932da24,1732895001,2024-11-29T15:43:21,50,US,6,9,38,1,5,FARM,3,8,0
CM42VDNQ60,Mountain Pass,0,12,9a0dd95fbc5341128ab295206932da24,1732895001,2024-11-29T15:43:21,50,US,6,10,38,1,2,FARM,3,8,2
CM42VDNQ60,Mountain Pass,0,12,9a0dd95fbc5341128ab295206932da24,1732895001,2024-11-29T15:43:21,50,US,6,11,38,1,-1,FARM,3,9,3
CM42VDNQ60,Mountain Pass,0,12,9a0dd95fbc5341128ab295206932da24,1732895001,2024-11-29T15:43:21,50,US,6,12,38,1,-4,FARM,3,9,4
CM42VDNQ60,Mountain Pass,0,12,9a0dd95fbc5341128ab295206932da24,1732895001,2024-11-29T15:43:21,50,US,6,13,38,1,-10,CLEAN,6,1,0
CM42VDNQ60,Mountain Pass,0,12,9a0dd95fbc5341128ab295206932da24,1732895001,2024-11-29T15:43:21,50,US,6,14,38,1,-20,PLANT_TREE,10,1,0
CM42VDNQ60,Mountain Pass,0,12,9a0dd95fbc5341128ab295206932da24,1732895001,2024-11-29T15:43:21,50,US,6,15,38,1,-23,FARM,3,12,5
CM42VDNQ60,Mountain Pass,0,12,9a0dd95fbc5341128ab295206932da24,1732895001,2024-11-29T15:43:21,50,US,6,16,38,1,-26,FARM,3,13,4
CM42VDNQ60,Mountain Pass,0,12,9a0dd95fbc5341128ab295206932da24,1732895001,2024-11-29T15:43:21,50,US,7,0,45,1,6,CHOP,-5,11,6
CM42VDNQ60,Mountain Pass,0,12,9a0dd95fbc5341128ab295206932da24,1732895001,2024-11-29T15:43:21,50,US,7,1,45,1,11,CHOP,-5,11,6
CM42VDNQ60,Mountain Pass,0,12,9a0dd95fbc5341128ab295206932da24,1732895001,2024-11-29T15:43:21,50,US,7,2,45,1,16,CHOP,-5,11,6
CM42VDNQ60,Mountain Pass,0,12,9a0dd95fbc5341128ab295206932da24,1732895001,2024-11-29T15:43:21,50,US,7,3,45,1,21,CHOP,-5,11,6
CM42VDNQ60,Mountain Pass,0,12,9a0dd95fbc5341128ab295206932da24,1732895001,2024-11-29T15:43:21,50,US,7,4,45,1,15,CLEAN,6,0,4
CM42VDNQ60,Mountain Pass,0,12,9a0dd95fbc5341128ab295206932da24,1732895001,2024-11-29T15:43:21,50,US,7,5,45,1,9,CLEAN,6,4,8
CM42VDNQ60,Mountain Pass,0,12,9a0dd95fbc5341128ab295206932da24,1732895001,2024-11-29T15:43:21,50,US,7,6,45,1,14,CHOP,-5,5,1
CM42VDNQ60,Mountain Pass,0,12,9a0dd95fbc5341128ab295206932da24,1732895001,2024-11-29T15:43:21,50,US,7,7,45,1,4,PLANT_TREE,10,4,8
CM42VDNQ60,Mountain Pass,0,12,9a0dd95fbc5341128ab295206932da24,1732895001,2024-11-29T15:43:21,50,US,7,8,45,1,1,FARM,3,10,5
CM42VDNQ60,Mountain Pass,0,12,9a0dd95fbc5341128ab295206932da24,1732895001,2024-11-29T15:43:21,50,US,8,0,57,1,-5,CLEAN,6,5,7
CM42VDNQ60,Mountain Pass,0,12,9a0dd95fbc5341128ab295206932da24,1732895001,2024-11-29T15:43:21,50,US,8,1,57,1,-15,PLANT_TREE,10,6,7
CM42VDNQ60,Mountain Pass,0,12,9a0dd95fbc5341128ab295206932da24,1732895001,2024-11-29T15:43:21,50,US,8,2,57,1,-21,CLEAN,6,0,7
CM42VDNQ60,Mountain Pass,0,12,9a0dd95fbc5341128ab295206932da24,1732895001,2024-11-29T15:43:21,50,US,8,3,57,1,-27,CLEAN,6,5,0
CM42VDNQ60,Mountain Pass,0,12,9a0dd95fbc5341128ab295206932da24,1732895001,2024-11-29T15:43:21,50,US,8,4,57,1,-32,CONCRETE,5,5,0
CM42VDNQ60,Mountain Pass,0,12,9a0dd95fbc5341128ab295206932da24,1732895001,2024-11-29T15:43:21,50,US,8,5,57,1,-37,CONCRETE,5,5,1
CM42VDNQ60,Mountain Pass,0,12,9a0dd95fbc5341128ab295206932da24,1732895001,2024-11-29T15:43:21,50,US,8,6,57,1,-40,FARM,3,13,6
CM42VDNQ60,Mountain Pass,0,12,9a0dd95fbc5341128ab295206932da24,1732895001,2024-11-29T15:43:21,50,US,8,7,57,1,-43,FARM,3,11,6
CM42VDNQ60,Mountain Pass,0,12,9a0dd95fbc5341128ab295206932da24,1732895001,2024-11-29T15:43:21,50,US,9,0,67,2,-1,FARM,3,10,6
CM42VDNQ60,Mountain Pass,0,12,9a0dd95fbc5341128ab295206932da24,1732895001,2024-11-29T15:43:21,50,US,9,1,67,2,-7,CLEAN,6,7,7
CM42VDNQ60,Mountain Pass,0,12,9a0dd95fbc5341128ab295206932da24,1732895001,2024-11-29T15:43:21,50,US,9,2,67,2,-13,CLEAN,6,3,7
CM42VDNQ60,Mountain Pass,0,12,9a0dd95fbc5341128ab295206932da24,1732895001,2024-11-29T15:43:21,50,US,9,3,67,2,-16,FARM,3,0,7
CM42VDNQ60,Mountain Pass,0,12,9a0dd95fbc5341128ab295206932da24,1732895001,2024-11-29T15:43:21,50,US,9,4,67,2,-19,FARM,3,1,6
CM42VDNQ60,Mountain Pass,0,12,9a0dd95fbc5341128ab295206932da24,1732895001,2024-11-29T15:43:21,50,US,9,5,67,2,-22,FARM,3,0,5
CM42VDNQ60,Mountain Pass,0,12,9a0dd95fbc5341128ab295206932da24,1732895001,2024-11-29T15:43:21,50,US,9,6,67,2,-25,FARM,3,2,7
CM42VDNQ60,Mountain Pass,0,12,9a0dd95fbc5341128ab295206932da24,1732895001,2024-11-29T15:43:21,50,US,9,7,67,2,-30,CONCRETE,5,1,7
CM42VDNQ60,Mountain Pass,0,12,9a0dd95fbc5341128ab295206932da24,1732895001,2024-11-29T15:43:21,50,US,9,8,67,2,-33,FARM,3,1,5
CM42VDNQ60,Mountain Pass,0,12,9a0dd95fbc5341128ab295206932da24,1732895001,2024-11-29T15:43:21,50,US,9,9,67,2,-38,CONCRETE,5,5,6
CM42VDNQ60,Mountain Pass,0,12,9a0dd95fbc5341128ab295206932da24,1732895001,2024-11-29T15:43:21,50,US,9,10,67,2,-43,CONCRETE,5,3,7
CM42VDNQ60,Mountain Pass,0,12,9a0dd95fbc5341128ab295206932da24,1732895001,2024-11-29T15:43:21,50,US,9,11,67,2,-46,FARM,3,6,0
CM42VDNQ60,Mountain Pass,0,12,9a0dd95fbc5341128ab295206932da24,1732895001,2024-11-29T15:43:21,50,US,9,12,67,2,-49,FARM,3,6,1
CM42VDNQ60,Mountain Pass,0,12,9a0dd95fbc5341128ab295206932da24,1732895001,2024-11-29T15:43:21,50,US,9,13,67,2,-55,CLEAN,6,2,0
CM42VDNQ60,Mountain Pass,0,12,9a0dd95fbc5341128ab295206932da24,1732895001,2024-11-29T15:43:21,50,US,9,14,67,2,-58,FARM,3,3,0
CM42VDNQ60,Mountain Pass,0,12,9a0dd95fbc5341128ab295206932da24,1732895001,2024-11-29T15:43:21,50,US,9,15,67,2,-64,CLEAN,6,2,0
CM42VDNQ60,Mountain Pass,0,12,9a0dd95fbc5341128ab295206932da24,1732895001,2024-11-29T15:43:21,50,US,9,16,67,2,-74,PLANT_TREE,10,0,4
CM42VDNQ60,Mountain Pass,0,12,9a0dd95fbc5341128ab295206932da24,1732895001,2024-11-29T15:43:21,50,US,9,17,67,2,-80,CLEAN,6,7,7
CM42VDNQ60,Mountain Pass,0,12,9a0dd95fbc5341128ab295206932da24,1732895001,2024-11-29T15:43:21,50,US,9,18,67,2,-86,CLEAN,6,2,0
CM42VDNQ60,Mountain Pass,0,12,9a0dd95fbc5341128ab295206932da24,1732895001,2024-11-29T15:43:21,50,US,9,19,67,2,-89,FARM,3,5,2
CM42VDNQ60,Mountain Pass,0,12,9a0dd95fbc5341128ab295206932da24,1732895001,2024-11-29T15:43:21,50,US,10,0,88,8,13,CHOP,-5,1,0
CM42VDNQ60,Mountain Pass,0,12,9a0dd95fbc5341128ab295206932da24,1732895001,2024-11-29T15:43:21,50,US,10,1,88,8,8,CONCRETE,5,1,0
CM42VDNQ60,Mountain Pass,0,12,9a0dd95fbc5341128ab295206932da24,1732895001,2024-11-29T15:43:21,50,US,10,2,88,8,3,CONCRETE,5,1,1
CM42VDNQ60,Mountain Pass,0,12,9a0dd95fbc5341128ab295206932da24,1732895001,2024-11-29T15:43:21,50,US,10,3,88,8,-2,CONCRETE,5,2,0
CM42VDNQ60,Mountain Pass,0,12,9a0dd95fbc5341128ab295206932da24,1732895001,2024-11-29T15:43:21,50,US,10,4,88,8,-7,CONCRETE,5,3,8
CM42VDNQ60,Mountain Pass,0,12,9a0dd95fbc5341128ab295206932da24,1732895001,2024-11-29T15:43:21,50,US,10,5,88,8,-12,CONCRETE,5,4,7
CM42VDNQ60,Mountain Pass,0,12,9a0dd95fbc5341128ab295206932da24,1732895001,2024-11-29T15:43:21,50,US,10,6,88,8,-17,CONCRETE,5,5,7
CM42VDNQ60,Mountain Pass,0,12,9a0dd95fbc5341128ab295206932da24,1732895001,2024-11-29T15:43:21,50,US,10,7,88,8,-22,CONCRETE,5,7,7
CM42VDNQ60,Mountain Pass,0,12,9a0dd95fbc5341128ab295206932da24,1732895001,2024-11-29T15:43:21,50,US,11,0,101,60,60,PASS,0,-1,-1
CM42VDNQ60,Mountain Pass,0,12,9a0dd95fbc5341128ab295206932da24,1732895809,2024-11-29T15:56:49,50,US,0,0,11,3,8,CHOP,-5,4,5
CM42VDNQ60,Mountain Pass,0,12,9a0dd95fbc5341128ab295206932da24,1732895809,2024-11-29T15:56:49,50,US,0,1,11,3,13,CHOP,-5,2,6
CM42VDNQ60,Mountain Pass,0,12,9a0dd95fbc5341128ab295206932da24,1732895809,2024-11-29T15:56:49,50,US,0,2,11,3,18,CHOP,-5,1,4
CM42VDNQ60,Mountain Pass,0,12,9a0dd95fbc5341128ab295206932da24,1732895809,2024-11-29T15:56:49,50,US,0,3,11,3,23,CHOP,-5,0,6
CM42VDNQ60,Mountain Pass,0,12,9a0dd95fbc5341128ab295206932da24,1732895809,2024-11-29T15:56:49,50,US,0,4,11,3,28,CHOP,-5,11,3
CM42VDNQ60,Mountain Pass,0,12,9a0dd95fbc5341128ab295206932da24,1732895809,2024-11-29T15:56:49,50,US,0,5,11,3,33,CHOP,-5,11,3
CM42VDNQ60,Mountain Pass,0,12,9a0dd95fbc5341128ab295206932da24,1732895809,2024-11-29T15:56:49,50,US,0,6,11,3,38,CHOP,-5,11,3
CM42VDNQ60,Mountain Pass,0,12,9a0dd95fbc5341128ab295206932da24,1732895809,2024-11-29T15:56:49,50,US,0,7,11,3,43,CHOP,-5,11,3
CM42VDNQ60,Mountain Pass,0,12,9a0dd95fbc5341128ab295206932da24,1732895809,2024-11-29T15:56:49,50,US,0,8,11,3,40,FARM,3,8,0
CM42VDNQ60,Mountain Pass,0,12,9a0dd95fbc5341128ab295206932da24,1732895809,2024-11-29T15:56:49,50,US,0,9,11,3,37,FARM,3,9,0
CM42VDNQ60,Mountain Pass,0,12,9a0dd95fbc5341128ab295206932da24,1732895809,2024-11-29T15:56:49,50,US,0,10,11,3,34,FARM,3,10,0
CM42VDNQ60,Mountain Pass,0,12,9a0dd95fbc5341128ab295206932da24,1732895809,2024-11-29T15:56:49,50,US,0,11,11,3,31,FARM,3,10,1
CM42VDNQ60,Mountain Pass,0,12,9a0dd95fbc5341128ab295206932da24,1732895809,2024-11-29T15:56:49,50,US,0,12,11,3,28,FARM,3,8,1
CM42VDNQ60,Mountain Pass,0,12,9a0dd95fbc5341128ab295206932da24,1732895809,2024-11-29T15:56:49,50,US,0,13,11,3,25,FARM,3,8,2
CM42VDNQ60,Mountain Pass,0,12,9a0dd95fbc5341128ab295206932da24,1732895809,2024-11-29T15:56:49,50,US,0,14,11,3,19,CLEAN,6,2,3
CM42VDNQ60,Mountain Pass,0,12,9a0dd95fbc5341128ab295206932da24,1732895809,2024-11-29T15:56:49,50,US,0,15,11,3,14,CONCRETE,5,2,3
CM42VDNQ60,Mountain Pass,0,12,9a0dd95fbc5341128ab295206932da24,1732895809,2024-11-29T15:56:49,50,US,0,16,11,3,9,CONCRETE,5,2,2
CM42VDNQ60,Mountain Pass,0,12,9a0dd95fbc5341128ab295206932da24,1732895809,2024-11-29T15:56:49,50,US,0,17,11,3,6,FARM,3,10,2
CM42VDNQ60,Mountain Pass,0,12,9a0dd95fbc5341128ab295206932da24,1732895809,2024-11-29T15:56:49,50,US,1,0,17,0,-3,FARM,3,8,3
CM42VDNQ60,Mountain Pass,0,12,9a0dd95fbc5341128ab295206932da24,1732895809,2024-11-29T15:56:49,50,US,1,1,17,0,-6,FARM,3,9,3
CM42VDNQ60,Mountain Pass,0,12,9a0dd95fbc5341128ab295206932da24,1732895809,2024-11-29T15:56:49,50,US,1,2,17,0,-9,FARM,3,9,4
CM42VDNQ60,Mountain Pass,0,12,9a0dd95fbc5341128ab295206932da24,1732895809,2024-11-29T15:56:49,50,US,1,3,17,0,-12,FARM,3,10,3
CM42VDNQ60,Mountain Pass,0,12,9a0dd95fbc5341128ab295206932da24,1732895809,2024-11-29T15:56:49,50,US,1,4,17,0,-15,FARM,3,11,3
CM42VDNQ60,Mountain Pass,0,12,9a0dd95fbc5341128ab295206932da24,1732895809,2024-11-29T15:56:49,50,US,1,5,17,0,-18,FARM,3,11,1
CM42VDNQ60,Mountain Pass,0,12,9a0dd95fbc5341128ab295206932da24,1732895809,2024-11-29T15:56:49,50,US,1,6,17,0,-21,FARM,3,12,1
CM42VDNQ60,Mountain Pass,0,12,9a0dd95fbc5341128ab295206932da24,1732895809,2024-11-29T15:56:49,50,US,1,7,17,0,-26,CONCRETE,5,2,4
CM42VDNQ60,Mountain Pass,0,12,9a0dd95fbc5341128ab295206932da24,1732895809,2024-11-29T15:56:49,50,US,1,8,17,0,-29,FARM,3,12,3
CM42VDNQ60,Mountain Pass,0,12,9a0dd95fbc5341128ab295206932da24,1732895809,2024-11-29T15:56:49,50,US,2,0,30,2,-3,CONCRETE,5,14,1
CM42VDNQ60,Mountain Pass,0,12,9a0dd95fbc5341128ab295206932da24,1732895809,2024-11-29T15:56:49,50,US,2,1,30,2,-6,FARM,3,13,1
CM42VDNQ60,Mountain Pass,0,12,9a0dd95fbc5341128ab295206932da24,1732895809,2024-11-29T15:56:49,50,US,2,2,30,2,-9,FARM,3,13,2
CM42VDNQ60,Mountain Pass,0,12,9a0dd95fbc5341128ab295206932da24,1732895809,2024-11-29T15:56:49,50,US,2,3,30,2,-12,FARM,3,14,3
CM42VDNQ60,Mountain Pass,0,12,9a0dd95fbc5341128ab295206932da24,1732895809,2024-11-29T15:56:49,50,US,2,4,30,2,-17,CONCRETE,5,14,2
CM42VDNQ60,Mountain Pass,0,12,9a0dd95fbc5341128ab295206932da24,1732895809,2024-11-29T15:56:49,50,US,2,5,30,2,-20,FARM,3,11,4
CM42VDNQ60,Mountain Pass,0,12,9a0dd95fbc5341128ab295206932da24,1732895809,2024-11-29T15:56:49,50,US,2,6,30,2,-23,FARM,3,13,4
CM42VDNQ60,Mountain Pass,0,12,9a0dd95fbc5341128ab295206932da24,1732895809,2024-11-29T15:56:49,50,US,2,7,30,2,-28,CONCRETE,5,3,3
CM42VDNQ60,Mountain Pass,0,12,9a0dd95fbc5341128ab295206932da24,1732895809,2024-11-29T15:56:49,50,US,2,8,30,2,-33,CONCRETE,5,1,3
CM42VDNQ60,Mountain Pass,0,12,9a0dd95fbc5341128ab295206932da24,1732895809,2024-11-29T15:56:49,50,US,2,9,30,2,-38,CONCRETE,5,1,4
CM42VDNQ60,Mountain Pass,0,12,9a0dd95fbc5341128ab295206932da24,1732895809,2024-11-29T15:56:49,50,US,3,0,36,2,-1,FARM,3,13,6
CM42VDNQ60,Mountain Pass,0,12,9a0dd95fbc5341128ab295206932da24,1732895809,2024-11-29T15:56:49,50,US,3,1,36,2,-4,FARM,3,12,5
CM42VDNQ60,Mountain Pass,0,12,9a0dd95fbc5341128ab295206932da24,1732895809,2024-11-29T15:56:49,50,US,3,2,36,2,-7,FARM,3,11,5
CM42VDNQ60,Mountain Pass,0,12,9a0dd95fbc5341128ab295206932da24,1732895809,2024-11-29T15:56:49,50,US,3,3,36,2,-10,FARM,3,10,5
CM42VDNQ60,Mountain Pass,0,12,9a0dd95fbc5341128ab295206932da24,1732895809,2024-11-29T15:56:49,50,US,3,4,36,2,-13,FARM,3,10,6
CM42VDNQ60,Mountain Pass,0,12,9a0dd95fbc5341128ab295206932da24,1732895809,2024-11-29T15:56:49,50,US,3,5,36,2,-16,FARM,3,13,5
CM42VDNQ60,Mountain Pass,0,12,9a0dd95fbc5341128ab295206932da24,1732895809,2024-11-29T15:56:49,50,US,3,6,36,2,-19,FARM,3,9,5
CM42VDNQ60,Mountain Pass,0,12,9a0dd95fbc5341128ab295206932da24,1732895809,2024-11-29T15:56:49,50,US,3,7,36,2,-25,CLEAN,6,4,7
CM42VDNQ60,Mountain Pass,0,12,9a0dd95fbc5341128ab295206932da24,1732895809,2024-11-29T15:56:49,50,US,3,8,36,2,-35,PLANT_TREE,10,4,7
CM42VDNQ60,Mountain Pass,0,12,9a0dd95fbc5341128ab295206932da24,1732895809,2024-11-29T15:56:49,50,US,3,9,36,2,-41,CLEAN,6,1,6
CM42VDNQ60,Mountain Pass,0,12,9a0dd95fbc5341128ab295206932da24,1732895809,2024-11-29T15:56:49,50,US,3,10,36,2,-51,PLANT_TREE,10,1,6
CM42VDNQ60,Mountain Pass,0,12,9a0dd95fbc5341128ab295206932da24,1732895809,2024-11-29T15:56:49,50,US,3,11,36,2,-57,CLEAN,6,5,1
CM42VDNQ60,Mountain Pass,0,12,9a0dd95fbc5341128ab295206932da24,1732895809,2024-11-29T15:56:49,50,US,4,0,43,18,12,CLEAN,6,4,5
CM42VDNQ60,Mountain Pass,0,12,9a0dd95fbc5341128ab295206932da24,1732895809,2024-11-29T15:56:49,50,US,4,1,43,18,6,CLEAN,6,3,1
CM42VDNQ60,Mountain Pass,0,12,9a0dd95fbc5341128ab295206932da24,1732895809,2024-11-29T15:56:49,50,US,4,2,43,18,-4,PLANT_TREE,10,4,4
CM42VDNQ60,Mountain Pass,0,12,9a0dd95fbc5341128ab295206932da24,1732895809,2024-11-29T15:56:49,50,US,4,3,43,18,-10,CLEAN,6,3,6
CM42VDNQ60,Mountain Pass,0,12,9a0dd95fbc5341128ab295206932da24,1732895809,2024-11-29T15:56:49,50,US,4,4,43,18,-20,PLANT_TREE,10,3,6
CM42VDNQ60,Mountain Pass,0,12,9a0dd95fbc5341128ab295206932da24,1732895809,2024-11-29T15:56:49,50,US,4,5,43,18,-23,FARM,3,6,0
CM42VDNQ60,Mountain Pass,0,12,9a0dd95fbc5341128ab295206932da24,1732895809,2024-11-29T15:56:49,50,US,4,6,43,18,-26,FARM,3,6,1
CM42VDNQ60,Mountain Pass,0,12,9a0dd95fbc5341128ab295206932da24,1732895809,2024-11-29T15:56:49,50,US,4,7,43,18,-29,FARM,3,7,1
CM42VDNQ60,Mountain Pass,0,12,9a0dd95fbc5341128ab295206932da24,1732895809,2024-11-29T15:56:49,50,US,4,8,43,18,-34,CONCRETE,5,3,1
CM42VDNQ60,Mountain Pass,0,12,9a0dd95fbc5341128ab295206932da24,1732895809,2024-11-29T15:56:49,50,US,4,9,43,18,-39,CONCRETE,5,3,2
CM42VDNQ60,Mountain Pass,0,12,9a0dd95fbc5341128ab295206932da24,1732895809,2024-11-29T15:56:49,50,US,5,0,50,5,-1,CLEAN,6,0,4
CM42VDNQ60,Mountain Pass,0,12,9a0dd95fbc5341128ab295206932da24,1732895809,2024-11-29T15:56:49,50,US,5,1,50,5,-7,CLEAN,6,0,7
CM42VDNQ60,Mountain Pass,0,12,9a0dd95fbc5341128ab295206932da24,1732895809,2024-11-29T15:56:49,50,US,5,2,50,5,-17,PLANT_TREE,10,0,7
CM42VDNQ60,Mountain Pass,0,12,9a0dd95fbc5341128ab295206932da24,1732895809,2024-11-29T15:56:49,50,US,5,3,50,5,-23,CLEAN,6,5,6
CM42VDNQ60,Mountain Pass,0,12,9a0dd95fbc5341128ab295206932da24,1732895809,2024-11-29T15:56:49,50,US,5,4,50,5,-33,PLANT_TREE,10,5,5
CM42VDNQ60,Mountain Pass,0,12,9a0dd95fbc5341128ab295206932da24,1732895809,2024-11-29T15:56:49,50,US,5,5,50,5,-39,CLEAN,6,7,7
CM42VDNQ60,Mountain Pass,0,12,9a0dd95fbc5341128ab295206932da24,1732895809,2024-11-29T15:56:49,50,US,5,6,50,5,-45,CLEAN,6,9,6
CM42VDNQ60,Mountain Pass,0,12,9a0dd95fbc5341128ab295206932da24,1732895809,2024-11-29T15:56:49,50,US,5,7,50,5,-51,CLEAN,6,3,8
CM42VDNQ60,Mountain Pass,0,12,9a0dd95fbc5341128ab295206932da24,1732895809,2024-11-29T15:56:49,50,US,5,8,50,5,-57,CLEAN,6,2,7
CM42VDNQ60,Mountain Pass,0,12,9a0dd95fbc5341128ab295206932da24,1732895809,2024-11-29T15:56:49,50,US,5,9,50,5,-63,CLEAN,6,3,4
CM42VDNQ60,Mountain Pass,0,12,9a0dd95fbc5341128ab295206932da24,1732895809,2024-11-29T15:56:49,50,US,5,10,50,5,-69,CLEAN,6,5,3
CM42VDNQ60,Mountain Pass,0,12,9a0dd95fbc5341128ab295206932da24,1732895809,2024-11-29T15:56:49,50,US,5,11,50,5,-75,CLEAN,6,1,0
CM42VDNQ60,Mountain Pass,0,12,9a0dd95fbc5341128ab295206932da24,1732895809,2024-11-29T15:56:49,50,US,5,12,50,5,-81,CLEAN,6,2,5
CM42VDNQ60,Mountain Pass,0,12,9a0dd95fbc5341128ab295206932da24,1732895809,2024-11-29T15:56:49,50,US,5,13,50,5,-87,CLEAN,6,4,0
CM42VDNQ60,Mountain Pass,0,12,9a0dd95fbc5341128ab295206932da24,1732895809,2024-11-29T15:56:49,50,US,5,14,50,5,-93,CLEAN,6,4,2
CM42VDNQ60,Mountain Pass,0,12,9a0dd95fbc5341128ab295206932da24,1732895809,2024-11-29T15:56:49,50,US,6,0,57,84,78,CLEAN,6,1,2
CM42VDNQ60,Mountain Pass,0,12,9a0dd95fbc5341128ab295206932da24,1732895809,2024-11-29T15:56:49,50,US,6,1,57,84,68,PLANT_TREE,10,4,1
CM42VDNQ60,Mountain Pass,0,12,9a0dd95fbc5341128ab295206932da24,1732895809,2024-11-29T15:56:49,50,US,6,2,57,84,58,PLANT_TREE,10,7,7
CM42VDNQ60,Mountain Pass,0,12,9a0dd95fbc5341128ab295206932da24,1732895809,2024-11-29T15:56:49,50,US,6,3,57,84,48,PLANT_TREE,10,0,4
CM42VDNQ60,Mountain Pass,0,12,9a0dd95fbc5341128ab295206932da24,1732895809,2024-11-29T15:56:49,50,US,6,4,57,84,38,PLANT_TREE,10,1,0
CM42VDNQ60,Mountain Pass,0,12,9a0dd95fbc5341128ab295206932da24,1732895809,2024-11-29T15:56:49,50,US,6,5,57,84,33,CONCRETE,5,9,6
CM42VDNQ60,Mountain Pass,0,12,9a0dd95fbc5341128ab295206932da24,1732895809,2024-11-29T15:56:49,50,US,7,0,62,225,225,PASS,0,-1,-1
CM42VDNQ60,Mountain Pass,0,12,9a0dd95fbc5341128ab295206932da24,1732895809,2024-11-29T15:56:49,50,US,8,0,59,323,320,FARM,3,3,5
CM42VDNQ60,Mountain Pass,0,12,9a0dd95fbc5341128ab295206932da24,1732895809,2024-11-29T15:56:49,50,US,8,1,59,323,317,FARM,3,0,6
CM42VDNQ60,Mountain Pass,0,12,9a0dd95fbc5341128ab295206932da24,1732895809,2024-11-29T15:56:49,50,US,8,2,59,323,314,FARM,3,1,7
CM42VDNQ60,Mountain Pass,0,12,9a0dd95fbc5341128ab295206932da24,1732895809,2024-11-29T15:56:49,50,US,8,3,59,323,311,FARM,3,4,5
CM42VDNQ60,Mountain Pass,0,12,9a0dd95fbc5341128ab295206932da24,1732895809,2024-11-29T15:56:49,50,US,8,4,59,323,308,FARM,3,5,4
CM42VDNQ60,Mountain Pass,0,12,9a0dd95fbc5341128ab295206932da24,1732895809,2024-11-29T15:56:49,50,US,8,5,59,323,305,FARM,3,5,6
CM42VDNQ60,Mountain Pass,0,12,9a0dd95fbc5341128ab295206932da24,1732895809,2024-11-29T15:56:49,50,US,8,6,59,323,302,FARM,3,4,6
CM42VDNQ60,Mountain Pass,0,12,9a0dd95fbc5341128ab295206932da24,1732895809,2024-11-29T15:56:49,50,US,8,7,59,323,299,FARM,3,6,7
CM42VDNQ60,Mountain Pass,0,12,9a0dd95fbc5341128ab295206932da24,1732895809,2024-11-29T15:56:49,50,US,8,8,59,323,296,FARM,3,3,7
CM42VDNQ60,Mountain Pass,0,12,9a0dd95fbc5341128ab295206932da24,1732895809,2024-11-29T15:56:49,50,US,8,9,59,323,293,FARM,3,2,6
CM42VDNQ60,Mountain Pass,0,12,9a0dd95fbc5341128ab295206932da24,1732895809,2024-11-29T15:56:49,50,US,8,10,59,323,287,CLEAN,6,0,5
CM42VDNQ60,Mountain Pass,0,12,9a0dd95fbc5341128ab295206932da24,1732895809,2024-11-29T15:56:49,50,US,8,11,59,323,281,CLEAN,6,2,7
CM42VDNQ60,Mountain Pass,0,12,9a0dd95fbc5341128ab295206932da24,1732895809,2024-11-29T15:56:49,50,US,8,12,59,323,275,CLEAN,6,0,5
CM42VDNQ60,Mountain Pass,0,12,9a0dd95fbc5341128ab295206932da24,1732895809,2024-11-29T15:56:49,50,US,9,0,64,323,323,PASS,0,-1,-1
CM42VDNQ60,Mountain Pass,0,12,9a0dd95fbc5341128ab295206932da24,1732895809,2024-11-29T15:56:49,50,US,10,0,68,484,481,FARM,3,4,8
CM42VDNQ60,Mountain Pass,0,12,9a0dd95fbc5341128ab295206932da24,1732895809,2024-11-29T15:56:49,50,US,10,1,68,484,478,FARM,3,5,7
CM42VDNQ60,Mountain Pass,0,12,9a0dd95fbc5341128ab295206932da24,1732895809,2024-11-29T15:56:49,50,US,10,2,68,484,475,FARM,3,3,8
CM42VDNQ60,Mountain Pass,0,12,9a0dd95fbc5341128ab295206932da24,1732895809,2024-11-29T15:56:49,50,US,11,0,71,604,604,PASS,0,-1,-1
null,Mountain Pass,0,12,73141b83308e463c9bbc38ab47e676c6,1731265430,2024-11-10T19:03:50,50,US,0,0,7,4,9,CHOP,-5,1,4
null,Mountain Pass,0,12,73141b83308e463c9bbc38ab47e676c6,1731265430,2024-11-10T19:03:50,50,US,0,1,7,4,14,CHOP,-5,0,6
null,Mountain Pass,0,12,73141b83308e463c9bbc38ab47e676c6,1731265430,2024-11-10T19:03:50,50,US,0,2,7,4,11,FARM,3,0,6
null,Mountain Pass,0,12,73141b83308e463c9bbc38ab47e676c6,1731265430,2024-11-10T19:03:50,50,US,0,3,7,4,8,FARM,3,14,1
null,Mountain Pass,0,12,73141b83308e463c9bbc38ab47e676c6,1731265430,2024-11-10T19:03:50,50,US,1,0,10,4,-2,CLEAN,6,1,4
null,Mountain Pass,0,12,73141b83308e463c9bbc38ab47e676c6,1731265430,2024-11-10T19:03:50,50,US,1,1,10,4,-7,CONCRETE,5,1,3
null,Mountain Pass,0,12,73141b83308e463c9bbc38ab47e676c6,1731265430,2024-11-10T19:03:50,50,US,1,2,10,4,-10,FARM,3,13,1
null,Mountain Pass,0,12,73141b83308e463c9bbc38ab47e676c6,1731265430,2024-11-10T19:03:50,50,US,1,3,10,4,-5,CHOP,-5,4,5
null,Mountain Pass,0,12,73141b83308e463c9bbc38ab47e676c6,1731265430,2024-11-10T19:03:50,50,US,1,4,10,4,0,CHOP,-5,2,6
null,Mountain Pass,0,12,73141b83308e463c9bbc38ab47e676c6,1731265430,2024-11-10T19:03:50,50,US,1,5,10,4,-6,CLEAN,6,8,1
null,Mountain Pass,0,12,73141b83308e463c9bbc38ab47e676c6,1731265430,2024-11-10T19:03:50,50,US,2,0,14,0,-5,CONCRETE,5,1,4
null,Mountain Pass,0,12,73141b83308e463c9bbc38ab47e676c6,1731265430,2024-11-10T19:03:50,50,US,2,1,14,0,-11,CLEAN,6,0,5
null,Mountain Pass,0,12,73141b83308e463c9bbc38ab47e676c6,1731265430,2024-11-10T19:03:50,50,US,2,2,14,0,-14,FARM,3,0,5
null,Mountain Pass,0,12,73141b83308e463c9bbc38ab47e676c6,1731265430,2024-11-10T19:03:50,50,US,2,3,14,0,-9,CHOP,-5,4,5
null,Mountain Pass,0,12,73141b83308e463c9bbc38ab47e676c6,1731265430,2024-11-10T19:03:50,50,US,2,4,14,0,-15,CLEAN,6,3,4
null,Mountain Pass,0,12,73141b83308e463c9bbc38ab47e676c6,1731265430,2024-11-10T19:03:50,50,US,2,5,14,0,-18,FARM,3,0,4
null,Mountain Pass,0,12,73141b83308e463c9bbc38ab47e676c6,1731265430,2024-11-10T19:03:50,50,US,3,0,19,2,-4,CLEAN,6,3,5
null,Mountain Pass,0,12,73141b83308e463c9bbc38ab47e676c6,1731265430,2024-11-10T19:03:50,50,US,3,1,19,2,-10,CLEAN,6,3,4
null,Mountain Pass,0,12,73141b83308e463c9bbc38ab47e676c6,1731265430,2024-11-10T19:03:50,50,US,3,2,19,2,-15,CONCRETE,5,3,3
null,Mountain Pass,0,12,73141b83308e463c9bbc38ab47e676c6,1731265430,2024-11-10T19:03:50,50,US,3,3,19,2,-18,FARM,3,12,1
null,Mountain Pass,0,12,73141b83308e463c9bbc38ab47e676c6,1731265430,2024-11-10T19:03:50,50,US,4,0,26,1,-5,CLEAN,6,10,5
null,Mountain Pass,0,12,73141b83308e463c9bbc38ab47e676c6,1731265430,2024-11-10T19:03:50,50,US,4,1,26,1,-11,CLEAN,6,1,5
null,Mountain Pass,0,12,73141b83308e463c9bbc38ab47e676c6,1731265430,2024-11-10T19:03:50,50,US,4,2,26,1,-17,CLEAN,6,6,1
null,Mountain Pass,0,12,73141b83308e463c9bbc38ab47e676c6,1731265430,2024-11-10T19:03:50,50,US,4,3,26,1,-20,FARM,3,1,6
null,Mountain Pass,0,12,73141b83308e463c9bbc38ab47e676c6,1731265430,2024-11-10T19:03:50,50,US,4,4,26,1,-25,CONCRETE,5,2,4
null,Mountain Pass,0,12,73141b83308e463c9bbc38ab47e676c6,1731265430,2024-11-10T19:03:50,50,US,4,5,26,1,-30,CONCRETE,5,3,4
null,Mountain Pass,0,12,73141b83308e463c9bbc38ab47e676c6,1731265430,2024-11-10T19:03:50,50,US,4,6,26,1,-25,CHOP,-5,2,6
null,Mountain Pass,0,12,73141b83308e463c9bbc38ab47e676c6,1731265430,2024-11-10T19:03:50,50,US,4,7,26,1,-20,CHOP,-5,8,4
null,Mountain Pass,0,12,73141b83308e463c9bbc38ab47e676c6,1731265430,2024-11-10T19:03:50,50,US,4,8,26,1,-15,CHOP,-5,10,4
null,Mountain Pass,0,12,73141b83308e463c9bbc38ab47e676c6,1731265430,2024-11-10T19:03:50,50,US,4,9,26,1,-10,CHOP,-5,12,4
null,Mountain Pass,0,12,73141b83308e463c9bbc38ab47e676c6,1731265430,2024-11-10T19:03:50,50,US,4,10,26,1,-5,CHOP,-5,11,3
null,Mountain Pass,0,12,73141b83308e463c9bbc38ab47e676c6,1731265430,2024-11-10T19:03:50,50,US,4,11,26,1,0,CHOP,-5,9,2
null,Mountain Pass,0,12,73141b83308e463c9bbc38ab47e676c6,1731265430,2024-11-10T19:03:50,50,US,4,12,26,1,5,CHOP,-5,9,1
null,Mountain Pass,0,12,73141b83308e463c9bbc38ab47e676c6,1731265430,2024-11-10T19:03:50,50,US,4,13,26,1,10,CHOP,-5,11,2
null,Mountain Pass,0,12,73141b83308e463c9bbc38ab47e676c6,1731265430,2024-11-10T19:03:50,50,US,4,14,26,1,4,CLEAN,6,4,6
null,Mountain Pass,0,12,73141b83308e463c9bbc38ab47e676c6,1731265430,2024-11-10T19:03:50,50,US,4,15,26,1,-1,CONCRETE,5,4,4
null,Mountain Pass,0,12,73141b83308e463c9bbc38ab47e676c6,1731265430,2024-11-10T19:03:50,50,US,4,16,26,1,-4,FARM,3,1,5
null,Mountain Pass,0,12,73141b83308e463c9bbc38ab47e676c6,1731265430,2024-11-10T19:03:50,50,US,4,17,26,1,-7,FARM,3,11,1
null,Mountain Pass,0,12,73141b83308e463c9bbc38ab47e676c6,1731265430,2024-11-10T19:03:50,50,US,4,18,26,1,-13,CLEAN,6,4,8
null,Mountain Pass,0,12,73141b83308e463c9bbc38ab47e676c6,1731265430,2024-11-10T19:03:50,50,US,4,19,26,1,-23,PLANT_TREE,10,3,8
null,Mountain Pass,0,12,73141b83308e463c9bbc38ab47e676c6,1731265430,2024-11-10T19:03:50,50,US,4,20,26,1,-18,CHOP,-5,9,2
null,Mountain Pass,0,12,73141b83308e463c9bbc38ab47e676c6,1731265430,2024-11-10T19:03:50,50,US,4,21,26,1,-24,CLEAN,6,5,7
null,Mountain Pass,0,12,73141b83308e463c9bbc38ab47e676c6,1731265430,2024-11-10T19:03:50,50,US,4,22,26,1,-30,CLEAN,6,2,7
null,Mountain Pass,0,12,73141b83308e463c9bbc38ab47e676c6,1731265430,2024-11-10T19:03:50,50,US,5,0,33,0,-6,CLEAN,6,5,5
null,Mountain Pass,0,12,73141b83308e463c9bbc38ab47e676c6,1731265430,2024-11-10T19:03:50,50,US,5,1,33,0,-12,CLEAN,6,7,7
null,Mountain Pass,0,12,73141b83308e463c9bbc38ab47e676c6,1731265430,2024-11-10T19:03:50,50,US,5,2,33,0,-18,CLEAN,6,1,7
null,Mountain Pass,0,12,73141b83308e463c9bbc38ab47e676c6,1731265430,2024-11-10T19:03:50,50,US,5,3,33,0,-21,FARM,3,0,7
null,Mountain Pass,0,12,73141b83308e463c9bbc38ab47e676c6,1731265430,2024-11-10T19:03:50,50,US,5,4,33,0,-26,CONCRETE,5,5,4
null,Mountain Pass,0,12,73141b83308e463c9bbc38ab47e676c6,1731265430,2024-11-10T19:03:50,50,US,5,5,33,0,-31,CONCRETE,5,5,5
null,Mountain Pass,0,12,73141b83308e463c9bbc38ab47e676c6,1731265430,2024-11-10T19:03:50,50,US,5,6,33,0,-26,CHOP,-5,10,4
null,Mountain Pass,0,12,73141b83308e463c9bbc38ab47e676c6,1731265430,2024-11-10T19:03:50,50,US,5,7,33,0,-21,CHOP,-5,12,4
null,Mountain Pass,0,12,73141b83308e463c9bbc38ab47e676c6,1731265430,2024-11-10T19:03:50,50,US,5,8,33,0,-27,CLEAN,6,10,6
null,Mountain Pass,0,12,73141b83308e463c9bbc38ab47e676c6,1731265430,2024-11-10T19:03:50,50,US,5,9,33,0,-37,PLANT_TREE,10,7,7
null,Mountain Pass,0,12,73141b83308e463c9bbc38ab47e676c6,1731265430,2024-11-10T19:03:50,50,US,6,0,45,7,4,FARM,3,14,2
null,Mountain Pass,0,12,73141b83308e463c9bbc38ab47e676c6,1731265430,2024-11-10T19:03:50,50,US,6,1,45,7,1,FARM,3,1,7
null,Mountain Pass,0,12,73141b83308e463c9bbc38ab47e676c6,1731265430,2024-11-10T19:03:50,50,US,6,2,45,7,-4,CONCRETE,5,4,8
null,Mountain Pass,0,12,73141b83308e463c9bbc38ab47e676c6,1731265430,2024-11-10T19:03:50,50,US,6,3,45,7,-9,CONCRETE,5,6,7
null,Mountain Pass,0,12,73141b83308e463c9bbc38ab47e676c6,1731265430,2024-11-10T19:03:50,50,US,6,4,45,7,-12,FARM,3,14,3
null,Mountain Pass,0,12,73141b83308e463c9bbc38ab47e676c6,1731265430,2024-11-10T19:03:50,50,US,6,5,45,7,-18,CLEAN,6,2,2
null,Mountain Pass,0,12,73141b83308e463c9bbc38ab47e676c6,1731265430,2024-11-10T19:03:50,50,US,6,6,45,7,-23,CONCRETE,5,2,3
null,Mountain Pass,0,12,73141b83308e463c9bbc38ab47e676c6,1731265430,2024-11-10T19:03:50,50,US,6,7,45,7,-26,FARM,3,13,2
null,Mountain Pass,0,12,73141b83308e463c9bbc38ab47e676c6,1731265430,2024-11-10T19:03:50,50,US,6,8,45,7,-29,FARM,3,4,6
null,Mountain Pass,0,12,73141b83308e463c9bbc38ab47e676c6,1731265430,2024-11-10T19:03:50,50,US,7,0,61,5,-1,CLEAN,6,5,0
null,Mountain Pass,0,12,73141b83308e463c9bbc38ab47e676c6,1731265430,2024-11-10T19:03:50,50,US,7,1,61,5,-11,PLANT_TREE,10,13,6
null,Mountain Pass,0,12,73141b83308e463c9bbc38ab47e676c6,1731265430,2024-11-10T19:03:50,50,US,7,2,61,5,-16,CONCRETE,5,2,5
null,Mountain Pass,0,12,73141b83308e463c9bbc38ab47e676c6,1731265430,2024-11-10T19:03:50,50,US,7,3,61,5,-21,CONCRETE,5,2,2
null,Mountain Pass,0,12,73141b83308e463c9bbc38ab47e676c6,1731265430,2024-11-10T19:03:50,50,US,7,4,61,5,-27,CLEAN,6,3,2
null,Mountain Pass,0,12,73141b83308e463c9bbc38ab47e676c6,1731265430,2024-11-10T19:03:50,50,US,7,5,61,5,-33,CLEAN,6,1,1
null,Mountain Pass,0,12,73141b83308e463c9bbc38ab47e676c6,1731265430,2024-11-10T19:03:50,50,US,7,6,61,5,-36,FARM,3,12,3
null,Mountain Pass,0,12,73141b83308e463c9bbc38ab47e676c6,1731265430,2024-11-10T19:03:50,50,US,7,7,61,5,-41,CONCRETE,5,4,5
null,Mountain Pass,0,12,73141b83308e463c9bbc38ab47e676c6,1731265430,2024-11-10T19:03:50,50,US,7,8,61,5,-44,FARM,3,13,4
null,Mountain Pass,0,12,73141b83308e463c9bbc38ab47e676c6,1731265430,2024-11-10T19:03:50,50,US,7,9,61,5,-54,PLANT_TREE,10,13,5
null,Mountain Pass,0,12,73141b83308e463c9bbc38ab47e676c6,1731265430,2024-11-10T19:03:50,50,US,7,10,61,5,-64,PLANT_TREE,10,3,5
null,Mountain Pass,0,12,73141b83308e463c9bbc38ab47e676c6,1731265430,2024-11-10T19:03:50,50,US,7,11,61,5,-74,PLANT_TREE,10,3,2
null,Mountain Pass,0,12,73141b83308e463c9bbc38ab47e676c6,1731265430,2024-11-10T19:03:50,50,US,7,12,61,5,-79,CONCRETE,5,4,2
null,Mountain Pass,0,12,73141b83308e463c9bbc38ab47e676c6,1731265430,2024-11-10T19:03:50,50,US,8,0,76,1,-4,CONCRETE,5,1,1
null,Mountain Pass,0,12,73141b83308e463c9bbc38ab47e676c6,1731265430,2024-11-10T19:03:50,50,US,8,1,76,1,-14,PLANT_TREE,10,1,2
null,Mountain Pass,0,12,73141b83308e463c9bbc38ab47e676c6,1731265430,2024-11-10T19:03:50,50,US,8,2,76,1,-20,CLEAN,6,5,1
null,Mountain Pass,0,12,73141b83308e463c9bbc38ab47e676c6,1731265430,2024-11-10T19:03:50,50,US,8,3,76,1,-26,CLEAN,6,5,3
null,Mountain Pass,0,12,73141b83308e463c9bbc38ab47e676c6,1731265430,2024-11-10T19:03:50,50,US,8,4,76,1,-32,CLEAN,6,2,0
null,Mountain Pass,0,12,73141b83308e463c9bbc38ab47e676c6,1731265430,2024-11-10T19:03:50,50,US,8,5,76,1,-38,CLEAN,6,3,1
null,Mountain Pass,0,12,73141b83308e463c9bbc38ab47e676c6,1731265430,2024-11-10T19:03:50,50,US,8,6,76,1,-48,PLANT_TREE,10,3,1
null,Mountain Pass,0,12,73141b83308e463c9bbc38ab47e676c6,1731265430,2024-11-10T19:03:50,50,US,8,7,76,1,-53,CONCRETE,5,1,0
null,Mountain Pass,0,12,73141b83308e463c9bbc38ab47e676c6,1731265430,2024-11-10T19:03:50,50,US,8,8,76,1,-56,FARM,3,2,7
null,Mountain Pass,0,12,73141b83308e463c9bbc38ab47e676c6,1731265430,2024-11-10T19:03:50,50,US,8,9,76,1,-59,FARM,3,12,5
null,Mountain Pass,0,12,73141b83308e463c9bbc38ab47e676c6,1731265430,2024-11-10T19:03:50,50,US,8,10,76,1,-62,FARM,3,3,6
null,Mountain Pass,0,12,73141b83308e463c9bbc38ab47e676c6,1731265430,2024-11-10T19:03:50,50,US,8,11,76,1,-72,PLANT_TREE,10,8,3
null,Mountain Pass,0,12,73141b83308e463c9bbc38ab47e676c6,1731265430,2024-11-10T19:03:50,50,US,8,12,76,1,-75,FARM,3,9,5
null,Mountain Pass,0,12,73141b83308e463c9bbc38ab47e676c6,1731265430,2024-11-10T19:03:50,50,US,8,13,76,1,-85,PLANT_TREE,10,9,4
null,Mountain Pass,0,12,73141b83308e463c9bbc38ab47e676c6,1731265430,2024-11-10T19:03:50,50,US,8,14,76,1,-90,CONCRETE,5,9,6
null,Mountain Pass,0,12,73141b83308e463c9bbc38ab47e676c6,1731265430,2024-11-10T19:03:50,50,US,8,15,76,1,-95,CONCRETE,5,10,6
null,Mountain Pass,0,12,73141b83308e463c9bbc38ab47e676c6,1731265430,2024-11-10T19:03:50,50,US,8,16,76,1,-98,FARM,3,10,5
null,Mountain Pass,0,12,73141b83308e463c9bbc38ab47e676c6,1731265430,2024-11-10T19:03:50,50,US,8,17,76,1,-101,FARM,3,10,1
null,Mountain Pass,0,12,73141b83308e463c9bbc38ab47e676c6,1731265430,2024-11-10T19:03:50,50,US,8,18,76,1,-107,CLEAN,6,4,0
null,Mountain Pass,0,12,73141b83308e463c9bbc38ab47e676c6,1731265430,2024-11-10T19:03:50,50,US,9,0,88,8,5,FARM,3,11,4
null,Mountain Pass,0,12,73141b83308e463c9bbc38ab47e676c6,1731265430,2024-11-10T19:03:50,50,US,9,1,88,8,2,FARM,3,9,3
null,Mountain Pass,0,12,73141b83308e463c9bbc38ab47e676c6,1731265430,2024-11-10T19:03:50,50,US,9,2,88,8,-1,FARM,3,3,7
null,Mountain Pass,0,12,73141b83308e463c9bbc38ab47e676c6,1731265430,2024-11-10T19:03:50,50,US,9,3,88,8,-4,FARM,3,10,0
null,Mountain Pass,0,12,73141b83308e463c9bbc38ab47e676c6,1731265430,2024-11-10T19:03:50,50,US,9,4,88,8,-7,FARM,3,9,0
null,Mountain Pass,0,12,73141b83308e463c9bbc38ab47e676c6,1731265430,2024-11-10T19:03:50,50,US,9,5,88,8,-10,FARM,3,8,0
null,Mountain Pass,0,12,73141b83308e463c9bbc38ab47e676c6,1731265430,2024-11-10T19:03:50,50,US,9,6,88,8,-20,PLANT_TREE,10,5,3
null,Mountain Pass,0,12,73141b83308e463c9bbc38ab47e676c6,1731265430,2024-11-10T19:03:50,50,US,9,7,88,8,-30,PLANT_TREE,10,11,5
null,Mountain Pass,0,12,73141b83308e463c9bbc38ab47e676c6,1731265430,2024-11-10T19:03:50,50,US,9,8,88,8,-33,FARM,3,10,3
null,Mountain Pass,0,12,73141b83308e463c9bbc38ab47e676c6,1731265430,2024-11-10T19:03:50,50,US,9,9,88,8,-43,PLANT_TREE,10,10,2
null,Mountain Pass,0,12,73141b83308e463c9bbc38ab47e676c6,1731265430,2024-11-10T19:03:50,50,US,9,10,88,8,-46,FARM,3,8,2
null,Mountain Pass,0,12,73141b83308e463c9bbc38ab47e676c6,1731265430,2024-11-10T19:03:50,50,US,9,11,88,8,-52,CLEAN,6,0,3
null,Mountain Pass,0,12,73141b83308e463c9bbc38ab47e676c6,1731265430,2024-11-10T19:03:50,50,US,9,12,88,8,-57,CONCRETE,5,5,2
null,Mountain Pass,0,12,73141b83308e463c9bbc38ab47e676c6,1731265430,2024-11-10T19:03:50,50,US,9,13,88,8,-60,FARM,3,4,7
null,Mountain Pass,0,12,73141b83308e463c9bbc38ab47e676c6,1731265430,2024-11-10T19:03:50,50,US,10,0,93,74,71,FARM,3,0,3
null,Mountain Pass,0,12,73141b83308e463c9bbc38ab47e676c6,1731265430,2024-11-10T19:03:50,50,US,10,1,93,74,61,PLANT_TREE,10,7,1
null,Mountain Pass,0,12,73141b83308e463c9bbc38ab47e676c6,1731265430,2024-11-10T19:03:50,50,US,10,2,93,74,51,PLANT_TREE,10,5,6
null,Mountain Pass,0,12,73141b83308e463c9bbc38ab47e676c6,1731265430,2024-11-10T19:03:50,50,US,10,3,93,74,46,CONCRETE,5,5,7
null,Mountain Pass,0,12,73141b83308e463c9bbc38ab47e676c6,1731265430,2024-11-10T19:03:50,50,US,10,4,93,74,43,FARM,3,8,1
null,Mountain Pass,0,12,73141b83308e463c9bbc38ab47e676c6,1731265430,2024-11-10T19:03:50,50,US,10,5,93,74,40,FARM,3,6,0
null,Mountain Pass,0,12,73141b83308e463c9bbc38ab47e676c6,1731265430,2024-11-10T19:03:50,50,US,10,6,93,74,37,FARM,3,5,0
null,Mountain Pass,0,12,73141b83308e463c9bbc38ab47e676c6,1731265430,2024-11-10T19:03:50,50,US,10,7,93,74,27,PLANT_TREE,10,4,1
null,Mountain Pass,0,12,73141b83308e463c9bbc38ab47e676c6,1731265430,2024-11-10T19:03:50,50,US,10,8,93,74,24,FARM,3,4,0
null,Mountain Pass,0,12,73141b83308e463c9bbc38ab47e676c6,1731265430,2024-11-10T19:03:50,50,US,10,9,93,74,14,PLANT_TREE,10,5,1
null,Mountain Pass,0,12,73141b83308e463c9bbc38ab47e676c6,1731265430,2024-11-10T19:03:50,50,US,11,0,97,106,103,FARM,3,6,1
null,Mountain Pass,0,12,73141b83308e463c9bbc38ab47e676c6,1731265430,2024-11-10T19:03:50,50,US,11,1,97,106,100,FARM,3,2,0
null,Mountain Pass,0,12,73141b83308e463c9bbc38ab47e676c6,1731265430,2024-11-10T19:03:50,50,US,11,2,97,106,97,FARM,3,3,0
null,Mountain Pass,0,12,7f04f2317a2d408da0de2da894465c6f,1730967376,2024-11-07T08:16:16,50,GB,0,0,7,2,7,CHOP,-5,2,6
null,Mountain Pass,0,12,7f04f2317a2d408da0de2da894465c6f,1730967376,2024-11-07T08:16:16,50,GB,0,1,7,2,4,FARM,3,2,6
null,Mountain Pass,0,12,7f04f2317a2d408da0de2da894465c6f,1730967376,2024-11-07T08:16:16,50,GB,0,2,7,2,9,CHOP,-5,0,6
null,Mountain Pass,0,12,7f04f2317a2d408da0de2da894465c6f,1730967376,2024-11-07T08:16:16,50,GB,0,3,7,2,3,CLEAN,6,0,6
null,Mountain Pass,0,12,7f04f2317a2d408da0de2da894465c6f,1730967376,2024-11-07T08:16:16,50,GB,0,4,7,2,8,CHOP,-5,4,5
null,Mountain Pass,0,12,7f04f2317a2d408da0de2da894465c6f,1730967376,2024-11-07T08:16:16,50,GB,0,5,7,2,5,FARM,3,4,5
null,Mountain Pass,0,12,7f04f2317a2d408da0de2da894465c6f,1730967376,2024-11-07T08:16:16,50,GB,0,6,7,2,2,FARM,3,1,6
null,Mountain Pass,0,12,7f04f2317a2d408da0de2da894465c6f,1730967376,2024-11-07T08:16:16,50,GB,0,7,7,2,7,CHOP,-5,1,4
null,Mountain Pass,0,12,7f04f2317a2d408da0de2da894465c6f,1730967376,2024-11-07T08:16:16,50,GB,0,8,7,2,4,FARM,3,0,5
null,Mountain Pass,0,12,7f04f2317a2d408da0de2da894465c6f,1730967376,2024-11-07T08:16:16,50,GB,1,0,8,2,-8,PLANT_TREE,10,9,5
null,Mountain Pass,0,12,7f04f2317a2d408da0de2da894465c6f,1730967376,2024-11-07T08:16:16,50,GB,1,1,8,2,-11,FARM,3,0,6
null,Mountain Pass,0,12,7f04f2317a2d408da0de2da894465c6f,1730967376,2024-11-07T08:16:16,50,GB,2,0,8,1,6,CHOP,-5,9,5
null,Mountain Pass,0,12,7f04f2317a2d408da0de2da894465c6f,1730967376,2024-11-07T08:16:16,50,GB,2,1,8,1,0,CLEAN,6,9,5
null,Mountain Pass,0,12,7f04f2317a2d408da0de2da894465c6f,1730967376,2024-11-07T08:16:16,50,GB,2,2,8,1,-10,PLANT_TREE,10,9,4
null,Mountain Pass,0,12,7f04f2317a2d408da0de2da894465c6f,1730967376,2024-11-07T08:16:16,50,GB,2,3,8,1,-13,FARM,3,0,7
null,Mountain Pass,0,12,7f04f2317a2d408da0de2da894465c6f,1730967376,2024-11-07T08:16:16,50,GB,3,0,8,2,-8,PLANT_TREE,10,12,3
null,Mountain Pass,0,12,7f04f2317a2d408da0de2da894465c6f,1730967376,2024-11-07T08:16:16,50,GB,3,1,8,2,-11,FARM,3,1,4
null,Mountain Pass,0,12,7f04f2317a2d408da0de2da894465c6f,1730967376,2024-11-07T08:16:16,50,GB,4,0,9,1,-5,CLEAN,6,3,4
null,Mountain Pass,0,12,7f04f2317a2d408da0de2da894465c6f,1730967376,2024-11-07T08:16:16,50,GB,4,1,9,1,-15,PLANT_TREE,10,6,0
null,Mountain Pass,0,12,7f04f2317a2d408da0de2da894465c6f,1730967376,2024-11-07T08:16:16,50,GB,5,0,12,1,-4,CONCRETE,5,3,3
null,Mountain Pass,0,12,7f04f2317a2d408da0de2da894465c6f,1730967376,2024-11-07T08:16:16,50,GB,5,1,12,1,-14,PLANT_TREE,10,11,4
null,Mountain Pass,0,12,7f04f2317a2d408da0de2da894465c6f,1730967376,2024-11-07T08:16:16,50,GB,5,2,12,1,-17,FARM,3,2,4
null,Mountain Pass,0,12,7f04f2317a2d408da0de2da894465c6f,1730967376,2024-11-07T08:16:16,50,GB,6,0,13,0,-6,CLEAN,6,10,6
null,Mountain Pass,0,12,7f04f2317a2d408da0de2da894465c6f,1730967376,2024-11-07T08:16:16,50,GB,6,1,13,0,-16,PLANT_TREE,10,9,6
null,Mountain Pass,0,12,7f04f2317a2d408da0de2da894465c6f,1730967376,2024-11-07T08:16:16,50,GB,6,2,13,0,-26,PLANT_TREE,10,9,5
null,Mountain Pass,0,12,7f04f2317a2d408da0de2da894465c6f,1730967376,2024-11-07T08:16:16,50,GB,7,0,16,6,1,CONCRETE,5,3,4
null,Mountain Pass,0,12,7f04f2317a2d408da0de2da894465c6f,1730967376,2024-11-07T08:16:16,50,GB,7,1,16,6,-9,PLANT_TREE,10,10,5
null,Mountain Pass,0,12,7f04f2317a2d408da0de2da894465c6f,1730967376,2024-11-07T08:16:16,50,GB,7,2,16,6,-12,FARM,3,3,5
null,Mountain Pass,0,12,7f04f2317a2d408da0de2da894465c6f,1730967376,2024-11-07T08:16:16,50,GB,8,0,18,0,-6,CLEAN,6,3,7
null,Mountain Pass,0,12,7f04f2317a2d408da0de2da894465c6f,1730967376,2024-11-07T08:16:16,50,GB,8,1,18,0,-11,CONCRETE,5,3,6
null,Mountain Pass,0,12,7f04f2317a2d408da0de2da894465c6f,1730967376,2024-11-07T08:16:16,50,GB,8,2,18,0,-14,FARM,3,4,7
null,Mountain Pass,0,12,7f04f2317a2d408da0de2da894465c6f,1730967376,2024-11-07T08:16:16,50,GB,8,3,18,0,-17,FARM,3,3,7
null,Mountain Pass,0,12,7f04f2317a2d408da0de2da894465c6f,1730967376,2024-11-07T08:16:16,50,GB,8,4,18,0,-20,FARM,3,2,7
null,Mountain Pass,0,12,7f04f2317a2d408da0de2da894465c6f,1730967376,2024-11-07T08:16:16,50,GB,8,5,18,0,-15,CHOP,-5,10,5
null,Mountain Pass,0,12,7f04f2317a2d408da0de2da894465c6f,1730967376,2024-11-07T08:16:16,50,GB,8,6,18,0,-10,CHOP,-5,10,5
null,Mountain Pass,0,12,7f04f2317a2d408da0de2da894465c6f,1730967376,2024-11-07T08:16:16,50,GB,8,7,18,0,-16,CLEAN,6,5,6
null,Mountain Pass,0,12,7f04f2317a2d408da0de2da894465c6f,1730967376,2024-11-07T08:16:16,50,GB,8,8,18,0,-19,FARM,3,4,6
null,Mountain Pass,0,12,7f04f2317a2d408da0de2da894465c6f,1730967376,2024-11-07T08:16:16,50,GB,8,9,18,0,-29,PLANT_TREE,10,10,3
null,Mountain Pass,0,12,7f04f2317a2d408da0de2da894465c6f,1730967376,2024-11-07T08:16:16,50,GB,8,10,18,0,-32,FARM,3,5,7
null,Mountain Pass,0,12,7f04f2317a2d408da0de2da894465c6f,1730967376,2024-11-07T08:16:16,50,GB,8,11,18,0,-35,FARM,3,5,6
null,Mountain Pass,0,12,7f04f2317a2d408da0de2da894465c6f,1730967376,2024-11-07T08:16:16,50,GB,9,0,25,2,-8,PLANT_TREE,10,11,5
null,Mountain Pass,0,12,7f04f2317a2d408da0de2da894465c6f,1730967376,2024-11-07T08:16:16,50,GB,9,1,25,2,-14,CLEAN,6,2,2
null,Mountain Pass,0,12,7f04f2317a2d408da0de2da894465c6f,1730967376,2024-11-07T08:16:16,50,GB,9,2,25,2,-24,PLANT_TREE,10,13,6
null,Mountain Pass,0,12,7f04f2317a2d408da0de2da894465c6f,1730967376,2024-11-07T08:16:16,50,GB,9,3,25,2,-29,CONCRETE,5,2,3
null,Mountain Pass,0,12,7f04f2317a2d408da0de2da894465c6f,1730967376,2024-11-07T08:16:16,50,GB,9,4,25,2,-34,CONCRETE,5,2,2
null,Mountain Pass,0,12,7f04f2317a2d408da0de2da894465c6f,1730967376,2024-11-07T08:16:16,50,GB,10,0,35,1,-4,CONCRETE,5,3,2
null,Mountain Pass,0,12,7f04f2317a2d408da0de2da894465c6f,1730967376,2024-11-07T08:16:16,50,GB,10,1,35,1,-9,CONCRETE,5,1,2
null,Mountain Pass,0,12,7f04f2317a2d408da0de2da894465c6f,1730967376,2024-11-07T08:16:16,50,GB,10,2,35,1,-12,FARM,3,5,5
null,Mountain Pass,0,12,7f04f2317a2d408da0de2da894465c6f,1730967376,2024-11-07T08:16:16,50,GB,10,3,35,1,-18,CLEAN,6,4,2
null,Mountain Pass,0,12,7f04f2317a2d408da0de2da894465c6f,1730967376,2024-11-07T08:16:16,50,GB,10,4,35,1,-24,CLEAN,6,5,1
null,Mountain Pass,0,12,7f04f2317a2d408da0de2da894465c6f,1730967376,2024-11-07T08:16:16,50,GB,10,5,35,1,-30,CLEAN,6,0,3
null,Mountain Pass,0,12,7f04f2317a2d408da0de2da894465c6f,1730967376,2024-11-07T08:16:16,50,GB,10,6,35,1,-33,FARM,3,0,4
null,Mountain Pass,0,12,7f04f2317a2d408da0de2da894465c6f,1730967376,2024-11-07T08:16:16,50,GB,10,7,35,1,-39,CLEAN,6,5,4
null,Mountain Pass,0,12,7f04f2317a2d408da0de2da894465c6f,1730967376,2024-11-07T08:16:16,50,GB,10,8,35,1,-44,CONCRETE,5,1,3
null,Mountain Pass,0,12,7f04f2317a2d408da0de2da894465c6f,1730967376,2024-11-07T08:16:16,50,GB,10,9,35,1,-47,FARM,3,4,4
null,Mountain Pass,0,12,7f04f2317a2d408da0de2da894465c6f,1730967376,2024-11-07T08:16:16,50,GB,10,10,35,1,-50,FARM,3,0,3
null,Mountain Pass,0,12,7f04f2317a2d408da0de2da894465c6f,1730967376,2024-11-07T08:16:16,50,GB,11,0,43,13,8,CONCRETE,5,4,2
null,Mountain Pass,0,12,7f04f2317a2d408da0de2da894465c6f,1730967376,2024-11-07T08:16:16,50,GB,11,1,43,13,5,FARM,3,5,4
null,Mountain Pass,0,12,7f04f2317a2d408da0de2da894465c6f,1730967376,2024-11-07T08:16:16,50,GB,11,2,43,13,-5,PLANT_TREE,10,13,5
null,Mountain Pass,0,12,7f04f2317a2d408da0de2da894465c6f,1730967376,2024-11-07T08:16:16,50,GB,11,3,43,13,-11,CLEAN,6,2,5
null,Mountain Pass,0,12,7f04f2317a2d408da0de2da894465c6f,1730967376,2024-11-07T08:16:16,50,GB,11,4,43,13,-14,FARM,3,1,5
null,Mountain Pass,0,12,7f04f2317a2d408da0de2da894465c6f,1730967376,2024-11-07T08:16:16,50,GB,11,5,43,13,-17,FARM,3,2,5
null,Mountain Pass,0,12,7f04f2317a2d408da0de2da894465c6f,1730967376,2024-11-07T08:16:16,50,GB,11,6,43,13,-20,FARM,3,5,3
null,Mountain Pass,0,12,7f04f2317a2d408da0de2da894465c6f,1730967376,2024-11-07T08:16:16,50,GB,11,7,43,13,-23,FARM,3,5,2
null,Mountain Pass,0,12,7f04f2317a2d408da0de2da894465c6f,1730967376,2024-11-07T08:16:16,50,GB,11,8,43,13,-29,CLEAN,6,5,1
null,Mountain Pass,0,12,7f04f2317a2d408da0de2da894465c6f,1730967376,2024-11-07T08:16:16,50,GB,11,9,43,13,-35,CLEAN,6,4,1
null,Mountain Pass,0,12,7f04f2317a2d408da0de2da894465c6f,1730967376,2024-11-07T08:16:16,50,GB,11,10,43,13,-40,CONCRETE,5,3,1
null,Mountain Pass,0,12,7f04f2317a2d408da0de2da894465c6f,1730967376,2024-11-07T08:16:16,50,GB,0,0,7,2,7,CHOP,-5,2,6
null,Mountain Pass,0,12,7f04f2317a2d408da0de2da894465c6f,1730967376,2024-11-07T08:16:16,50,GB,0,1,7,2,4,FARM,3,2,6
null,Mountain Pass,0,12,7f04f2317a2d408da0de2da894465c6f,1730967376,2024-11-07T08:16:16,50,GB,0,2,7,2,9,CHOP,-5,0,6
null,Mountain Pass,0,12,7f04f2317a2d408da0de2da894465c6f,1730967376,2024-11-07T08:16:16,50,GB,0,3,7,2,3,CLEAN,6,0,6
null,Mountain Pass,0,12,7f04f2317a2d408da0de2da894465c6f,1730967376,2024-11-07T08:16:16,50,GB,0,4,7,2,8,CHOP,-5,4,5
null,Mountain Pass,0,12,7f04f2317a2d408da0de2da894465c6f,1730967376,2024-11-07T08:16:16,50,GB,0,5,7,2,5,FARM,3,4,5
null,Mountain Pass,0,12,7f04f2317a2d408da0de2da894465c6f,1730967376,2024-11-07T08:16:16,50,GB,0,6,7,2,2,FARM,3,1,6
null,Mountain Pass,0,12,7f04f2317a2d408da0de2da894465c6f,1730967376,2024-11-07T08:16:16,50,GB,0,7,7,2,7,CHOP,-5,1,4
null,Mountain Pass,0,12,7f04f2317a2d408da0de2da894465c6f,1730967376,2024-11-07T08:16:16,50,GB,0,8,7,2,4,FARM,3,0,5
null,Mountain Pass,0,12,7f04f2317a2d408da0de2da894465c6f,1730967376,2024-11-07T08:16:16,50,GB,1,0,8,2,-8,PLANT_TREE,10,9,5
null,Mountain Pass,0,12,7f04f2317a2d408da0de2da894465c6f,1730967376,2024-11-07T08:16:16,50,GB,1,1,8,2,-11,FARM,3,0,6
null,Mountain Pass,0,12,7f04f2317a2d408da0de2da894465c6f,1730967376,2024-11-07T08:16:16,50,GB,2,0,8,1,6,CHOP,-5,9,5
null,Mountain Pass,0,12,7f04f2317a2d408da0de2da894465c6f,1730967376,2024-11-07T08:16:16,50,GB,2,1,8,1,0,CLEAN,6,9,5
null,Mountain Pass,0,12,7f04f2317a2d408da0de2da894465c6f,1730967376,2024-11-07T08:16:16,50,GB,2,2,8,1,-10,PLANT_TREE,10,9,4
null,Mountain Pass,0,12,7f04f2317a2d408da0de2da894465c6f,1730967376,2024-11-07T08:16:16,50,GB,2,3,8,1,-13,FARM,3,0,7
null,Mountain Pass,0,12,7f04f2317a2d408da0de2da894465c6f,1730967376,2024-11-07T08:16:16,50,GB,3,0,8,2,-8,PLANT_TREE,10,12,3
null,Mountain Pass,0,12,7f04f2317a2d408da0de2da894465c6f,1730967376,2024-11-07T08:16:16,50,GB,3,1,8,2,-11,FARM,3,1,4
null,Mountain Pass,0,12,7f04f2317a2d408da0de2da894465c6f,1730967376,2024-11-07T08:16:16,50,GB,4,0,9,1,-5,CLEAN,6,3,4
null,Mountain Pass,0,12,7f04f2317a2d408da0de2da894465c6f,1730967376,2024-11-07T08:16:16,50,GB,4,1,9,1,-15,PLANT_TREE,10,6,0
null,Mountain Pass,0,12,7f04f2317a2d408da0de2da894465c6f,1730967376,2024-11-07T08:16:16,50,GB,5,0,12,1,-4,CONCRETE,5,3,3
null,Mountain Pass,0,12,7f04f2317a2d408da0de2da894465c6f,1730967376,2024-11-07T08:16:16,50,GB,5,1,12,1,-14,PLANT_TREE,10,11,4
null,Mountain Pass,0,12,7f04f2317a2d408da0de2da894465c6f,1730967376,2024-11-07T08:16:16,50,GB,5,2,12,1,-17,FARM,3,2,4
null,Mountain Pass,0,12,7f04f2317a2d408da0de2da894465c6f,1730967376,2024-11-07T08:16:16,50,GB,6,0,13,0,-6,CLEAN,6,10,6
null,Mountain Pass,0,12,7f04f2317a2d408da0de2da894465c6f,1730967376,2024-11-07T08:16:16,50,GB,6,1,13,0,-16,PLANT_TREE,10,9,6
null,Mountain Pass,0,12,7f04f2317a2d408da0de2da894465c6f,1730967376,2024-11-07T08:16:16,50,GB,6,2,13,0,-26,PLANT_TREE,10,9,5
null,Mountain Pass,0,12,7f04f2317a2d408da0de2da894465c6f,1730967376,2024-11-07T08:16:16,50,GB,7,0,16,6,1,CONCRETE,5,3,4
null,Mountain Pass,0,12,7f04f2317a2d408da0de2da894465c6f,1730967376,2024-11-07T08:16:16,50,GB,7,1,16,6,-9,PLANT_TREE,10,10,5
null,Mountain Pass,0,12,7f04f2317a2d408da0de2da894465c6f,1730967376,2024-11-07T08:16:16,50,GB,7,2,16,6,-12,FARM,3,3,5
null,Mountain Pass,0,12,7f04f2317a2d408da0de2da894465c6f,1730967376,2024-11-07T08:16:16,50,GB,8,0,18,0,-6,CLEAN,6,3,7
null,Mountain Pass,0,12,7f04f2317a2d408da0de2da894465c6f,1730967376,2024-11-07T08:16:16,50,GB,8,1,18,0,-11,CONCRETE,5,3,6
null,Mountain Pass,0,12,7f04f2317a2d408da0de2da894465c6f,1730967376,2024-11-07T08:16:16,50,GB,8,2,18,0,-14,FARM,3,4,7
null,Mountain Pass,0,12,7f04f2317a2d408da0de2da894465c6f,1730967376,2024-11-07T08:16:16,50,GB,8,3,18,0,-17,FARM,3,3,7
null,Mountain Pass,0,12,7f04f2317a2d408da0de2da894465c6f,1730967376,2024-11-07T08:16:16,50,GB,8,4,18,0,-20,FARM,3,2,7
null,Mountain Pass,0,12,7f04f2317a2d408da0de2da894465c6f,1730967376,2024-11-07T08:16:16,50,GB,8,5,18,0,-15,CHOP,-5,10,5
null,Mountain Pass,0,12,7f04f2317a2d408da0de2da894465c6f,1730967376,2024-11-07T08:16:16,50,GB,8,6,18,0,-10,CHOP,-5,10,5
null,Mountain Pass,0,12,7f04f2317a2d408da0de2da894465c6f,1730967376,2024-11-07T08:16:16,50,GB,8,7,18,0,-16,CLEAN,6,5,6
null,Mountain Pass,0,12,7f04f2317a2d408da0de2da894465c6f,1730967376,2024-11-07T08:16:16,50,GB,8,8,18,0,-19,FARM,3,4,6
null,Mountain Pass,0,12,7f04f2317a2d408da0de2da894465c6f,1730967376,2024-11-07T08:16:16,50,GB,8,9,18,0,-29,PLANT_TREE,10,10,3
null,Mountain Pass,0,12,7f04f2317a2d408da0de2da894465c6f,1730967376,2024-11-07T08:16:16,50,GB,8,10,18,0,-32,FARM,3,5,7
null,Mountain Pass,0,12,7f04f2317a2d408da0de2da894465c6f,1730967376,2024-11-07T08:16:16,50,GB,8,11,18,0,-35,FARM,3,5,6
null,Mountain Pass,0,12,7f04f2317a2d408da0de2da894465c6f,1730967376,2024-11-07T08:16:16,50,GB,9,0,25,2,-8,PLANT_TREE,10,11,5
null,Mountain Pass,0,12,7f04f2317a2d408da0de2da894465c6f,1730967376,2024-11-07T08:16:16,50,GB,9,1,25,2,-14,CLEAN,6,2,2
null,Mountain Pass,0,12,7f04f2317a2d408da0de2da894465c6f,1730967376,2024-11-07T08:16:16,50,GB,9,2,25,2,-24,PLANT_TREE,10,13,6
null,Mountain Pass,0,12,7f04f2317a2d408da0de2da894465c6f,1730967376,2024-11-07T08:16:16,50,GB,9,3,25,2,-29,CONCRETE,5,2,3
null,Mountain Pass,0,12,7f04f2317a2d408da0de2da894465c6f,1730967376,2024-11-07T08:16:16,50,GB,9,4,25,2,-34,CONCRETE,5,2,2
null,Mountain Pass,0,12,7f04f2317a2d408da0de2da894465c6f,1730967376,2024-11-07T08:16:16,50,GB,10,0,35,1,-4,CONCRETE,5,3,2
null,Mountain Pass,0,12,7f04f2317a2d408da0de2da894465c6f,1730967376,2024-11-07T08:16:16,50,GB,10,1,35,1,-9,CONCRETE,5,1,2
null,Mountain Pass,0,12,7f04f2317a2d408da0de2da894465c6f,1730967376,2024-11-07T08:16:16,50,GB,10,2,35,1,-12,FARM,3,5,5
null,Mountain Pass,0,12,7f04f2317a2d408da0de2da894465c6f,1730967376,2024-11-07T08:16:16,50,GB,10,3,35,1,-18,CLEAN,6,4,2
null,Mountain Pass,0,12,7f04f2317a2d408da0de2da894465c6f,1730967376,2024-11-07T08:16:16,50,GB,10,4,35,1,-24,CLEAN,6,5,1
null,Mountain Pass,0,12,7f04f2317a2d408da0de2da894465c6f,1730967376,2024-11-07T08:16:16,50,GB,10,5,35,1,-30,CLEAN,6,0,3
null,Mountain Pass,0,12,7f04f2317a2d408da0de2da894465c6f,1730967376,2024-11-07T08:16:16,50,GB,10,6,35,1,-33,FARM,3,0,4
null,Mountain Pass,0,12,7f04f2317a2d408da0de2da894465c6f,1730967376,2024-11-07T08:16:16,50,GB,10,7,35,1,-39,CLEAN,6,5,4
null,Mountain Pass,0,12,7f04f2317a2d408da0de2da894465c6f,1730967376,2024-11-07T08:16:16,50,GB,10,8,35,1,-44,CONCRETE,5,1,3
null,Mountain Pass,0,12,7f04f2317a2d408da0de2da894465c6f,1730967376,2024-11-07T08:16:16,50,GB,10,9,35,1,-47,FARM,3,4,4
null,Mountain Pass,0,12,7f04f2317a2d408da0de2da894465c6f,1730967376,2024-11-07T08:16:16,50,GB,10,10,35,1,-50,FARM,3,0,3
null,Mountain Pass,0,12,7f04f2317a2d408da0de2da894465c6f,1730967376,2024-11-07T08:16:16,50,GB,11,0,43,13,8,CONCRETE,5,4,2
null,Mountain Pass,0,12,7f04f2317a2d408da0de2da894465c6f,1730967376,2024-11-07T08:16:16,50,GB,11,1,43,13,5,FARM,3,5,4
null,Mountain Pass,0,12,7f04f2317a2d408da0de2da894465c6f,1730967376,2024-11-07T08:16:16,50,GB,11,2,43,13,-5,PLANT_TREE,10,13,5
null,Mountain Pass,0,12,7f04f2317a2d408da0de2da894465c6f,1730967376,2024-11-07T08:16:16,50,GB,11,3,43,13,-11,CLEAN,6,2,5
null,Mountain Pass,0,12,7f04f2317a2d408da0de2da894465c6f,1730967376,2024-11-07T08:16:16,50,GB,11,4,43,13,-14,FARM,3,1,5
null,Mountain Pass,0,12,7f04f2317a2d408da0de2da894465c6f,1730967376,2024-11-07T08:16:16,50,GB,11,5,43,13,-17,FARM,3,2,5
null,Mountain Pass,0,12,7f04f2317a2d408da0de2da894465c6f,1730967376,2024-11-07T08:16:16,50,GB,11,6,43,13,-20,FARM,3,5,3
null,Mountain Pass,0,12,7f04f2317a2d408da0de2da894465c6f,1730967376,2024-11-07T08:16:16,50,GB,11,7,43,13,-23,FARM,3,5,2
null,Mountain Pass,0,12,7f04f2317a2d408da0de2da894465c6f,1730967376,2024-11-07T08:16:16,50,GB,11,8,43,13,-29,CLEAN,6,5,1
null,Mountain Pass,0,12,7f04f2317a2d408da0de2da894465c6f,1730967376,2024-11-07T08:16:16,50,GB,11,9,43,13,-35,CLEAN,6,4,1
null,Mountain Pass,0,12,7f04f2317a2d408da0de2da894465c6f,1730967376,2024-11-07T08:16:16,50,GB,11,10,43,13,-40,CONCRETE,5,3,1
null,Mountain Pass,0,12,8b745a6aae774e4d85ece6d7bec61ae9,1731157677,2024-11-09T13:07:57,50,GB,0,0,11,4,9,CHOP,-5,8,4
null,Mountain Pass,0,12,8b745a6aae774e4d85ece6d7bec61ae9,1731157677,2024-11-09T13:07:57,50,GB,0,1,11,4,6,FARM,3,8,1
null,Mountain Pass,0,12,8b745a6aae774e4d85ece6d7bec61ae9,1731157677,2024-11-09T13:07:57,50,GB,0,2,11,4,11,CHOP,-5,11,2
null,Mountain Pass,0,12,8b745a6aae774e4d85ece6d7bec61ae9,1731157677,2024-11-09T13:07:57,50,GB,0,3,11,4,5,CLEAN,6,10,6
null,Mountain Pass,0,12,8b745a6aae774e4d85ece6d7bec61ae9,1731157677,2024-11-09T13:07:57,50,GB,0,4,11,4,10,CHOP,-5,11,2
null,Mountain Pass,0,12,8b745a6aae774e4d85ece6d7bec61ae9,1731157677,2024-11-09T13:07:57,50,GB,0,5,11,4,7,FARM,3,9,6
null,Mountain Pass,0,12,8b745a6aae774e4d85ece6d7bec61ae9,1731157677,2024-11-09T13:07:57,50,GB,0,6,11,4,12,CHOP,-5,11,2
null,Mountain Pass,0,12,8b745a6aae774e4d85ece6d7bec61ae9,1731157677,2024-11-09T13:07:57,50,GB,0,7,11,4,6,CLEAN,6,3,2
null,Mountain Pass,0,12,8b745a6aae774e4d85ece6d7bec61ae9,1731157677,2024-11-09T13:07:57,50,GB,0,8,11,4,11,CHOP,-5,9,2
null,Mountain Pass,0,12,8b745a6aae774e4d85ece6d7bec61ae9,1731157677,2024-11-09T13:07:57,50,GB,0,9,11,4,6,CONCRETE,5,3,2
null,Mountain Pass,0,12,8b745a6aae774e4d85ece6d7bec61ae9,1731157677,2024-11-09T13:07:57,50,GB,0,10,11,4,11,CHOP,-5,11,3
null,Mountain Pass,0,12,8b745a6aae774e4d85ece6d7bec61ae9,1731157677,2024-11-09T13:07:57,50,GB,0,11,11,4,8,FARM,3,2,2
null,Mountain Pass,0,12,8b745a6aae774e4d85ece6d7bec61ae9,1731157677,2024-11-09T13:07:57,50,GB,0,12,11,4,13,CHOP,-5,12,4
null,Mountain Pass,0,12,8b745a6aae774e4d85ece6d7bec61ae9,1731157677,2024-11-09T13:07:57,50,GB,0,13,11,4,7,CLEAN,6,2,5
null,Mountain Pass,0,12,8b745a6aae774e4d85ece6d7bec61ae9,1731157677,2024-11-09T13:07:57,50,GB,0,14,11,4,4,FARM,3,2,5
null,Mountain Pass,0,12,8b745a6aae774e4d85ece6d7bec61ae9,1731157677,2024-11-09T13:07:57,50,GB,0,15,11,4,9,CHOP,-5,11,6
null,Mountain Pass,0,12,8b745a6aae774e4d85ece6d7bec61ae9,1731157677,2024-11-09T13:07:57,50,GB,0,16,11,4,14,CHOP,-5,13,3
null,Mountain Pass,0,12,8b745a6aae774e4d85ece6d7bec61ae9,1731157677,2024-11-09T13:07:57,50,GB,0,17,11,4,8,CLEAN,6,5,1
null,Mountain Pass,0,12,8b745a6aae774e4d85ece6d7bec61ae9,1731157677,2024-11-09T13:07:57,50,GB,0,18,11,4,5,FARM,3,5,0
null,Mountain Pass,0,12,8b745a6aae774e4d85ece6d7bec61ae9,1731157677,2024-11-09T13:07:57,50,GB,0,19,11,4,10,CHOP,-5,12,6
null,Mountain Pass,0,12,8b745a6aae774e4d85ece6d7bec61ae9,1731157677,2024-11-09T13:07:57,50,GB,0,20,11,4,4,CLEAN,6,5,4
null,Mountain Pass,0,12,8b745a6aae774e4d85ece6d7bec61ae9,1731157677,2024-11-09T13:07:57,50,GB,0,21,11,4,9,CHOP,-5,10,4
null,Mountain Pass,0,12,8b745a6aae774e4d85ece6d7bec61ae9,1731157677,2024-11-09T13:07:57,50,GB,0,22,11,4,6,FARM,3,5,1
null,Mountain Pass,0,12,8b745a6aae774e4d85ece6d7bec61ae9,1731157677,2024-11-09T13:07:57,50,GB,0,23,11,4,11,CHOP,-5,9,1
null,Mountain Pass,0,12,8b745a6aae774e4d85ece6d7bec61ae9,1731157677,2024-11-09T13:07:57,50,GB,0,24,11,4,5,CLEAN,6,4,6
null,Mountain Pass,0,12,8b745a6aae774e4d85ece6d7bec61ae9,1731157677,2024-11-09T13:07:57,50,GB,0,25,11,4,10,CHOP,-5,12,2
null,Mountain Pass,0,12,8b745a6aae774e4d85ece6d7bec61ae9,1731157677,2024-11-09T13:07:57,50,GB,0,26,11,4,4,CLEAN,6,1,3
null,Mountain Pass,0,12,8b745a6aae774e4d85ece6d7bec61ae9,1731157677,2024-11-09T13:07:57,50,GB,0,27,11,4,9,CHOP,-5,13,3
null,Mountain Pass,0,12,8b745a6aae774e4d85ece6d7bec61ae9,1731157677,2024-11-09T13:07:57,50,GB,0,28,11,4,6,FARM,3,1,2
null,Mountain Pass,0,12,8b745a6aae774e4d85ece6d7bec61ae9,1731157677,2024-11-09T13:07:57,50,GB,0,29,11,4,11,CHOP,-5,11,6
null,Mountain Pass,0,12,8b745a6aae774e4d85ece6d7bec61ae9,1731157677,2024-11-09T13:07:57,50,GB,0,30,11,4,5,CLEAN,6,4,8
null,Mountain Pass,0,12,8b745a6aae774e4d85ece6d7bec61ae9,1731157677,2024-11-09T13:07:57,50,GB,0,31,11,4,10,CHOP,-5,12,2
null,Mountain Pass,0,12,8b745a6aae774e4d85ece6d7bec61ae9,1731157677,2024-11-09T13:07:57,50,GB,0,32,11,4,4,CLEAN,6,1,7
null,Mountain Pass,0,12,8b745a6aae774e4d85ece6d7bec61ae9,1731157677,2024-11-09T13:07:57,50,GB,0,33,11,4,9,CHOP,-5,9,2
null,Mountain Pass,0,12,8b745a6aae774e4d85ece6d7bec61ae9,1731157677,2024-11-09T13:07:57,50,GB,0,34,11,4,4,CONCRETE,5,3,3
null,Mountain Pass,0,12,8b745a6aae774e4d85ece6d7bec61ae9,1731157677,2024-11-09T13:07:57,50,GB,0,35,11,4,9,CHOP,-5,11,3
null,Mountain Pass,0,12,8b745a6aae774e4d85ece6d7bec61ae9,1731157677,2024-11-09T13:07:57,50,GB,0,36,11,4,14,CHOP,-5,12,6
null,Mountain Pass,0,12,8b745a6aae774e4d85ece6d7bec61ae9,1731157677,2024-11-09T13:07:57,50,GB,0,37,11,4,4,PLANT_TREE,10,12,3
null,Mountain Pass,0,12,8b745a6aae774e4d85ece6d7bec61ae9,1731157677,2024-11-09T13:07:57,50,GB,0,38,11,4,9,CHOP,-5,12,4
null,Mountain Pass,0,12,8b745a6aae774e4d85ece6d7bec61ae9,1731157677,2024-11-09T13:07:57,50,GB,0,39,11,4,14,CHOP,-5,8,4
null,Mountain Pass,0,12,8b745a6aae774e4d85ece6d7bec61ae9,1731157677,2024-11-09T13:07:57,50,GB,0,40,11,4,8,CLEAN,6,5,7
null,Mountain Pass,0,12,8b745a6aae774e4d85ece6d7bec61ae9,1731157677,2024-11-09T13:07:57,50,GB,0,41,11,4,5,FARM,3,5,7
null,Mountain Pass,0,12,8b745a6aae774e4d85ece6d7bec61ae9,1731157677,2024-11-09T13:07:57,50,GB,0,42,11,4,10,CHOP,-5,10,4
null,Mountain Pass,0,12,8b745a6aae774e4d85ece6d7bec61ae9,1731157677,2024-11-09T13:07:57,50,GB,0,43,11,4,15,CHOP,-5,9,1
null,Mountain Pass,0,12,8b745a6aae774e4d85ece6d7bec61ae9,1731157677,2024-11-09T13:07:57,50,GB,0,44,11,4,5,PLANT_TREE,10,11,4
null,Mountain Pass,0,12,8b745a6aae774e4d85ece6d7bec61ae9,1731157677,2024-11-09T13:07:57,50,GB,0,45,11,4,10,CHOP,-5,12,6
null,Mountain Pass,0,12,8b745a6aae774e4d85ece6d7bec61ae9,1731157677,2024-11-09T13:07:57,50,GB,0,46,11,4,4,CLEAN,6,2,0
null,Mountain Pass,0,12,8b745a6aae774e4d85ece6d7bec61ae9,1731157677,2024-11-09T13:07:57,50,GB,0,47,11,4,9,CHOP,-5,10,4
null,Mountain Pass,0,12,8b745a6aae774e4d85ece6d7bec61ae9,1731157677,2024-11-09T13:07:57,50,GB,0,48,11,4,14,CHOP,-5,11,6
null,Mountain Pass,0,12,8b745a6aae774e4d85ece6d7bec61ae9,1731157677,2024-11-09T13:07:57,50,GB,0,49,11,4,8,CLEAN,6,7,1
null,Mountain Pass,0,12,8b745a6aae774e4d85ece6d7bec61ae9,1731157677,2024-11-09T13:07:57,50,GB,0,50,11,4,13,CHOP,-5,13,3
null,Mountain Pass,0,12,8b745a6aae774e4d85ece6d7bec61ae9,1731157677,2024-11-09T13:07:57,50,GB,0,51,11,4,18,CHOP,-5,11,3
null,Mountain Pass,0,12,8b745a6aae774e4d85ece6d7bec61ae9,1731157677,2024-11-09T13:07:57,50,GB,0,52,11,4,8,PLANT_TREE,10,1,5
null,Mountain Pass,0,12,8b745a6aae774e4d85ece6d7bec61ae9,1731157677,2024-11-09T13:07:57,50,GB,0,53,11,4,13,CHOP,-5,12,2
null,Mountain Pass,0,12,8b745a6aae774e4d85ece6d7bec61ae9,1731157677,2024-11-09T13:07:57,50,GB,0,54,11,4,7,CLEAN,6,0,4
null,Mountain Pass,0,12,8b745a6aae774e4d85ece6d7bec61ae9,1731157677,2024-11-09T13:07:57,50,GB,0,55,11,4,12,CHOP,-5,12,4
null,Mountain Pass,0,12,8b745a6aae774e4d85ece6d7bec61ae9,1731157677,2024-11-09T13:07:57,50,GB,0,56,11,4,6,CLEAN,6,4,0
null,Mountain Pass,0,12,8b745a6aae774e4d85ece6d7bec61ae9,1731157677,2024-11-09T13:07:57,50,GB,0,57,11,4,11,CHOP,-5,9,2
null,Mountain Pass,0,12,8b745a6aae774e4d85ece6d7bec61ae9,1731157677,2024-11-09T13:07:57,50,GB,0,58,11,4,5,CLEAN,6,3,4
null,Mountain Pass,0,12,8b745a6aae774e4d85ece6d7bec61ae9,1731157677,2024-11-09T13:07:57,50,GB,0,59,11,4,10,CHOP,-5,8,4
null,Mountain Pass,0,12,8b745a6aae774e4d85ece6d7bec61ae9,1731157677,2024-11-09T13:07:57,50,GB,0,60,11,4,4,CLEAN,6,3,7
null,Mountain Pass,0,12,8b745a6aae774e4d85ece6d7bec61ae9,1731157677,2024-11-09T13:07:57,50,GB,0,61,11,4,9,CHOP,-5,7,0
null,Mountain Pass,0,12,8b745a6aae774e4d85ece6d7bec61ae9,1731157677,2024-11-09T13:07:57,50,GB,0,62,11,4,14,CHOP,-5,7,0
null,Mountain Pass,0,12,8b745a6aae774e4d85ece6d7bec61ae9,1731157677,2024-11-09T13:07:57,50,GB,0,63,11,4,4,PLANT_TREE,10,1,6
null,Mountain Pass,0,12,8b745a6aae774e4d85ece6d7bec61ae9,1731157677,2024-11-09T13:07:57,50,GB,0,64,11,4,9,CHOP,-5,7,0
null,Mountain Pass,0,12,8b745a6aae774e4d85ece6d7bec61ae9,1731157677,2024-11-09T13:07:57,50,GB,0,65,11,4,14,CHOP,-5,9,1
null,Mountain Pass,0,12,8b745a6aae774e4d85ece6d7bec61ae9,1731157677,2024-11-09T13:07:57,50,GB,0,66,11,4,8,CLEAN,6,7,7
null,Mountain Pass,0,12,8b745a6aae774e4d85ece6d7bec61ae9,1731157677,2024-11-09T13:07:57,50,GB,0,67,11,4,5,FARM,3,2,7
null,Mountain Pass,0,12,8b745a6aae774e4d85ece6d7bec61ae9,1731157677,2024-11-09T13:07:57,50,GB,0,68,11,4,10,CHOP,-5,12,6
null,Mountain Pass,0,12,8b745a6aae774e4d85ece6d7bec61ae9,1731157677,2024-11-09T13:07:57,50,GB,0,69,11,4,4,CLEAN,6,6,0
null,Mountain Pass,0,12,8b745a6aae774e4d85ece6d7bec61ae9,1731157677,2024-11-09T13:07:57,50,GB,0,70,11,4,9,CHOP,-5,13,3
null,Mountain Pass,0,12,8b745a6aae774e4d85ece6d7bec61ae9,1731157677,2024-11-09T13:07:57,50,GB,0,71,11,4,14,CHOP,-5,10,4
null,Mountain Pass,0,12,8b745a6aae774e4d85ece6d7bec61ae9,1731157677,2024-11-09T13:07:57,50,GB,0,72,11,4,8,CLEAN,6,1,1
null,Mountain Pass,0,12,8b745a6aae774e4d85ece6d7bec61ae9,1731157677,2024-11-09T13:07:57,50,GB,1,0,12,0,-10,PLANT_TREE,10,13,4
null,Mountain Pass,0,12,8b745a6aae774e4d85ece6d7bec61ae9,1731157677,2024-11-09T13:07:57,50,GB,1,1,12,0,-13,FARM,3,4,1
null,Mountain Pass,0,12,8b745a6aae774e4d85ece6d7bec61ae9,1731157677,2024-11-09T13:07:57,50,GB,1,2,12,0,-23,PLANT_TREE,10,13,3
null,Mountain Pass,0,12,8b745a6aae774e4d85ece6d7bec61ae9,1731157677,2024-11-09T13:07:57,50,GB,1,3,12,0,-33,PLANT_TREE,10,4,7
null,Mountain Pass,0,12,8b745a6aae774e4d85ece6d7bec61ae9,1731157677,2024-11-09T13:07:57,50,GB,1,4,12,0,-28,CHOP,-5,0,6
null,Mountain Pass,0,12,8b745a6aae774e4d85ece6d7bec61ae9,1731157677,2024-11-09T13:07:57,50,GB,1,5,12,0,-31,FARM,3,6,0
null,Mountain Pass,0,12,8b745a6aae774e4d85ece6d7bec61ae9,1731157677,2024-11-09T13:07:57,50,GB,1,6,12,0,-34,FARM,3,0,3
null,Mountain Pass,0,12,8b745a6aae774e4d85ece6d7bec61ae9,1731157677,2024-11-09T13:07:57,50,GB,2,0,15,4,1,FARM,3,3,6
null,Mountain Pass,0,12,8b745a6aae774e4d85ece6d7bec61ae9,1731157677,2024-11-09T13:07:57,50,GB,2,1,15,4,-9,PLANT_TREE,10,13,2
null,Mountain Pass,0,12,8b745a6aae774e4d85ece6d7bec61ae9,1731157677,2024-11-09T13:07:57,50,GB,3,0,21,7,4,FARM,3,8,0
null,Mountain Pass,0,12,8b745a6aae774e4d85ece6d7bec61ae9,1731157677,2024-11-09T13:07:57,50,GB,3,1,21,7,-6,PLANT_TREE,10,14,3
null,Mountain Pass,0,12,8b745a6aae774e4d85ece6d7bec61ae9,1731157677,2024-11-09T13:07:57,50,GB,3,2,21,7,-9,FARM,3,10,0
null,Mountain Pass,0,12,8b745a6aae774e4d85ece6d7bec61ae9,1731157677,2024-11-09T13:07:57,50,GB,3,3,21,7,-4,CHOP,-5,4,5
null,Mountain Pass,0,12,8b745a6aae774e4d85ece6d7bec61ae9,1731157677,2024-11-09T13:07:57,50,GB,3,4,21,7,1,CHOP,-5,8,4
null,Mountain Pass,0,12,8b745a6aae774e4d85ece6d7bec61ae9,1731157677,2024-11-09T13:07:57,50,GB,3,5,21,7,-4,CONCRETE,5,9,3
null,Mountain Pass,0,12,8b745a6aae774e4d85ece6d7bec61ae9,1731157677,2024-11-09T13:07:57,50,GB,3,6,21,7,-7,FARM,3,5,2
null,Mountain Pass,0,12,8b745a6aae774e4d85ece6d7bec61ae9,1731157677,2024-11-09T13:07:57,50,GB,3,7,21,7,-17,PLANT_TREE,10,14,2
null,Mountain Pass,0,12,8b745a6aae774e4d85ece6d7bec61ae9,1731157677,2024-11-09T13:07:57,50,GB,3,8,21,7,-23,CLEAN,6,2,3
null,Mountain Pass,0,12,8b745a6aae774e4d85ece6d7bec61ae9,1731157677,2024-11-09T13:07:57,50,GB,4,0,21,2,-1,FARM,3,5,4
null,Mountain Pass,0,12,8b745a6aae774e4d85ece6d7bec61ae9,1731157677,2024-11-09T13:07:57,50,GB,4,1,21,2,-4,FARM,3,10,1
null,Mountain Pass,0,12,8b745a6aae774e4d85ece6d7bec61ae9,1731157677,2024-11-09T13:07:57,50,GB,4,2,21,2,-7,FARM,3,3,4
null,Mountain Pass,0,12,8b745a6aae774e4d85ece6d7bec61ae9,1731157677,2024-11-09T13:07:57,50,GB,4,3,21,2,-10,FARM,3,1,3
null,Mountain Pass,0,12,8b745a6aae774e4d85ece6d7bec61ae9,1731157677,2024-11-09T13:07:57,50,GB,4,4,21,2,-13,FARM,3,3,0
null,Mountain Pass,0,12,8b745a6aae774e4d85ece6d7bec61ae9,1731157677,2024-11-09T13:07:57,50,GB,4,5,21,2,-8,CHOP,-5,8,4
null,Mountain Pass,0,12,8b745a6aae774e4d85ece6d7bec61ae9,1731157677,2024-11-09T13:07:57,50,GB,4,6,21,2,-14,CLEAN,6,5,5
null,Mountain Pass,0,12,8b745a6aae774e4d85ece6d7bec61ae9,1731157677,2024-11-09T13:07:57,50,GB,4,7,21,2,-20,CLEAN,6,10,2
null,Mountain Pass,0,12,8b745a6aae774e4d85ece6d7bec61ae9,1731157677,2024-11-09T13:07:57,50,GB,4,8,21,2,-26,CLEAN,6,5,5
null,Mountain Pass,0,12,8b745a6aae774e4d85ece6d7bec61ae9,1731157677,2024-11-09T13:07:57,50,GB,5,0,17,11,16,CHOP,-5,11,4
null,Mountain Pass,0,12,8b745a6aae774e4d85ece6d7bec61ae9,1731157677,2024-11-09T13:07:57,50,GB,5,1,17,11,21,CHOP,-5,12,4
null,Mountain Pass,0,12,8b745a6aae774e4d85ece6d7bec61ae9,1731157677,2024-11-09T13:07:57,50,GB,5,2,17,11,26,CHOP,-5,4,5
null,Mountain Pass,0,12,8b745a6aae774e4d85ece6d7bec61ae9,1731157677,2024-11-09T13:07:57,50,GB,5,3,17,11,31,CHOP,-5,8,4
null,Mountain Pass,0,12,8b745a6aae774e4d85ece6d7bec61ae9,1731157677,2024-11-09T13:07:57,50,GB,5,4,17,11,36,CHOP,-5,0,6
null,Mountain Pass,0,12,8b745a6aae774e4d85ece6d7bec61ae9,1731157677,2024-11-09T13:07:57,50,GB,5,5,17,11,30,CLEAN,6,3,7
null,Mountain Pass,0,12,8b745a6aae774e4d85ece6d7bec61ae9,1731157677,2024-11-09T13:07:57,50,GB,5,6,17,11,24,CLEAN,6,0,4
null,Mountain Pass,0,12,8b745a6aae774e4d85ece6d7bec61ae9,1731157677,2024-11-09T13:07:57,50,GB,5,7,17,11,18,CLEAN,6,1,7
null,Mountain Pass,0,12,8b745a6aae774e4d85ece6d7bec61ae9,1731157677,2024-11-09T13:07:57,50,GB,5,8,17,11,12,CLEAN,6,10,2
null,Mountain Pass,0,12,8b745a6aae774e4d85ece6d7bec61ae9,1731157677,2024-11-09T13:07:57,50,GB,5,9,17,11,6,CLEAN,6,8,2
null,Mountain Pass,0,12,8b745a6aae774e4d85ece6d7bec61ae9,1731157677,2024-11-09T13:07:57,50,GB,5,10,17,11,0,CLEAN,6,3,7
null,Mountain Pass,0,12,8b745a6aae774e4d85ece6d7bec61ae9,1731157677,2024-11-09T13:07:57,50,GB,6,0,18,5,10,CHOP,-5,11,3
null,Mountain Pass,0,12,8b745a6aae774e4d85ece6d7bec61ae9,1731157677,2024-11-09T13:07:57,50,GB,6,1,18,5,15,CHOP,-5,13,3
null,Mountain Pass,0,12,8b745a6aae774e4d85ece6d7bec61ae9,1731157677,2024-11-09T13:07:57,50,GB,6,2,18,5,20,CHOP,-5,12,4
null,Mountain Pass,0,12,8b745a6aae774e4d85ece6d7bec61ae9,1731157677,2024-11-09T13:07:57,50,GB,6,3,18,5,25,CHOP,-5,11,4
null,Mountain Pass,0,12,8b745a6aae774e4d85ece6d7bec61ae9,1731157677,2024-11-09T13:07:57,50,GB,6,4,18,5,30,CHOP,-5,9,2
null,Mountain Pass,0,12,8b745a6aae774e4d85ece6d7bec61ae9,1731157677,2024-11-09T13:07:57,50,GB,6,5,18,5,35,CHOP,-5,9,1
null,Mountain Pass,0,12,8b745a6aae774e4d85ece6d7bec61ae9,1731157677,2024-11-09T13:07:57,50,GB,6,6,18,5,40,CHOP,-5,4,5
null,Mountain Pass,0,12,8b745a6aae774e4d85ece6d7bec61ae9,1731157677,2024-11-09T13:07:57,50,GB,6,7,18,5,45,CHOP,-5,4,7
null,Mountain Pass,0,12,8b745a6aae774e4d85ece6d7bec61ae9,1731157677,2024-11-09T13:07:57,50,GB,6,8,18,5,50,CHOP,-5,7,0
null,Mountain Pass,0,12,8b745a6aae774e4d85ece6d7bec61ae9,1731157677,2024-11-09T13:07:57,50,GB,6,9,18,5,44,CLEAN,6,10,5
null,Mountain Pass,0,12,8b745a6aae774e4d85ece6d7bec61ae9,1731157677,2024-11-09T13:07:57,50,GB,6,10,18,5,39,CONCRETE,5,1,0
null,Mountain Pass,0,12,8b745a6aae774e4d85ece6d7bec61ae9,1731157677,2024-11-09T13:07:57,50,GB,6,11,18,5,29,PLANT_TREE,10,13,5
null,Mountain Pass,0,12,8b745a6aae774e4d85ece6d7bec61ae9,1731157677,2024-11-09T13:07:57,50,GB,6,12,18,5,19,PLANT_TREE,10,14,1
null,Mountain Pass,0,12,8b745a6aae774e4d85ece6d7bec61ae9,1731157677,2024-11-09T13:07:57,50,GB,6,13,18,5,9,PLANT_TREE,10,13,1
null,Mountain Pass,0,12,8b745a6aae774e4d85ece6d7bec61ae9,1731157677,2024-11-09T13:07:57,50,GB,6,14,18,5,-1,PLANT_TREE,10,12,1
null,Mountain Pass,0,12,8b745a6aae774e4d85ece6d7bec61ae9,1731157677,2024-11-09T13:07:57,50,GB,7,0,21,47,52,CHOP,-5,11,4
null,Mountain Pass,0,12,8b745a6aae774e4d85ece6d7bec61ae9,1731157677,2024-11-09T13:07:57,50,GB,7,1,21,47,57,CHOP,-5,0,6
null,Mountain Pass,0,12,8b745a6aae774e4d85ece6d7bec61ae9,1731157677,2024-11-09T13:07:57,50,GB,7,2,21,47,62,CHOP,-5,2,6
null,Mountain Pass,0,12,8b745a6aae774e4d85ece6d7bec61ae9,1731157677,2024-11-09T13:07:57,50,GB,7,3,21,47,67,CHOP,-5,4,7
null,Mountain Pass,0,12,8b745a6aae774e4d85ece6d7bec61ae9,1731157677,2024-11-09T13:07:57,50,GB,7,4,21,47,72,CHOP,-5,1,5
null,Mountain Pass,0,12,8b745a6aae774e4d85ece6d7bec61ae9,1731157677,2024-11-09T13:07:57,50,GB,7,5,21,47,77,CHOP,-5,8,4
null,Mountain Pass,0,12,8b745a6aae774e4d85ece6d7bec61ae9,1731157677,2024-11-09T13:07:57,50,GB,8,0,18,78,83,CHOP,-5,14,3
null,Mountain Pass,0,12,8b745a6aae774e4d85ece6d7bec61ae9,1731157677,2024-11-09T13:07:57,50,GB,8,1,18,78,88,CHOP,-5,11,4
null,Mountain Pass,0,12,8b745a6aae774e4d85ece6d7bec61ae9,1731157677,2024-11-09T13:07:57,50,GB,8,2,18,78,93,CHOP,-5,1,5
null,Mountain Pass,0,12,8b745a6aae774e4d85ece6d7bec61ae9,1731157677,2024-11-09T13:07:57,50,GB,8,3,18,78,98,CHOP,-5,0,6
null,Mountain Pass,0,12,8b745a6aae774e4d85ece6d7bec61ae9,1731157677,2024-11-09T13:07:57,50,GB,8,4,18,78,88,PLANT_TREE,10,2,3
null,Mountain Pass,0,12,8b745a6aae774e4d85ece6d7bec61ae9,1731157677,2024-11-09T13:07:57,50,GB,8,5,18,78,78,PLANT_TREE,10,6,1
null,Mountain Pass,0,12,8b745a6aae774e4d85ece6d7bec61ae9,1731157677,2024-11-09T13:07:57,50,GB,8,6,18,78,68,PLANT_TREE,10,9,0
null,Mountain Pass,0,12,8b745a6aae774e4d85ece6d7bec61ae9,1731157677,2024-11-09T13:07:57,50,GB,9,0,28,113,108,CONCRETE,5,8,2
null,Mountain Pass,0,12,8b745a6aae774e4d85ece6d7bec61ae9,1731157677,2024-11-09T13:07:57,50,GB,9,1,28,113,103,CONCRETE,5,6,7
null,Mountain Pass,0,12,8b745a6aae774e4d85ece6d7bec61ae9,1731157677,2024-11-09T13:07:57,50,GB,9,2,28,113,108,CHOP,-5,13,4
null,Mountain Pass,0,12,8b745a6aae774e4d85ece6d7bec61ae9,1731157677,2024-11-09T13:07:57,50,GB,9,3,28,113,113,CHOP,-5,12,3
null,Mountain Pass,0,12,8b745a6aae774e4d85ece6d7bec61ae9,1731157677,2024-11-09T13:07:57,50,GB,9,4,28,113,118,CHOP,-5,11,3
null,Mountain Pass,0,12,8b745a6aae774e4d85ece6d7bec61ae9,1731157677,2024-11-09T13:07:57,50,GB,9,5,28,113,123,CHOP,-5,11,2
null,Mountain Pass,0,12,8b745a6aae774e4d85ece6d7bec61ae9,1731157677,2024-11-09T13:07:57,50,GB,9,6,28,113,128,CHOP,-5,12,2
null,Mountain Pass,0,12,8b745a6aae774e4d85ece6d7bec61ae9,1731157677,2024-11-09T13:07:57,50,GB,9,7,28,113,133,CHOP,-5,9,2
null,Mountain Pass,0,12,8b745a6aae774e4d85ece6d7bec61ae9,1731157677,2024-11-09T13:07:57,50,GB,9,8,28,113,138,CHOP,-5,0,6
null,Mountain Pass,0,12,8b745a6aae774e4d85ece6d7bec61ae9,1731157677,2024-11-09T13:07:57,50,GB,9,9,28,113,143,CHOP,-5,1,5
null,Mountain Pass,0,12,8b745a6aae774e4d85ece6d7bec61ae9,1731157677,2024-11-09T13:07:57,50,GB,9,10,28,113,148,CHOP,-5,11,6
null,Mountain Pass,0,12,8b745a6aae774e4d85ece6d7bec61ae9,1731157677,2024-11-09T13:07:57,50,GB,10,0,30,174,179,CHOP,-5,12,4
null,Mountain Pass,0,12,8b745a6aae774e4d85ece6d7bec61ae9,1731157677,2024-11-09T13:07:57,50,GB,10,1,30,174,184,CHOP,-5,11,6
null,Mountain Pass,0,12,8b745a6aae774e4d85ece6d7bec61ae9,1731157677,2024-11-09T13:07:57,50,GB,10,2,30,174,189,CHOP,-5,13,4
null,Mountain Pass,0,12,8b745a6aae774e4d85ece6d7bec61ae9,1731157677,2024-11-09T13:07:57,50,GB,10,3,30,174,194,CHOP,-5,14,3
null,Mountain Pass,0,12,8b745a6aae774e4d85ece6d7bec61ae9,1731157677,2024-11-09T13:07:57,50,GB,10,4,30,174,199,CHOP,-5,12,2
null,Mountain Pass,0,12,8b745a6aae774e4d85ece6d7bec61ae9,1731157677,2024-11-09T13:07:57,50,GB,10,5,30,174,204,CHOP,-5,13,1
null,Mountain Pass,0,12,8b745a6aae774e4d85ece6d7bec61ae9,1731157677,2024-11-09T13:07:57,50,GB,10,6,30,174,209,CHOP,-5,8,4
null,Mountain Pass,0,12,8b745a6aae774e4d85ece6d7bec61ae9,1731157677,2024-11-09T13:07:57,50,GB,10,7,30,174,214,CHOP,-5,2,6
null,Mountain Pass,0,12,8b745a6aae774e4d85ece6d7bec61ae9,1731157677,2024-11-09T13:07:57,50,GB,10,8,30,174,219,CHOP,-5,4,5
null,Mountain Pass,0,12,8b745a6aae774e4d85ece6d7bec61ae9,1731157677,2024-11-09T13:07:57,50,GB,10,9,30,174,224,CHOP,-5,1,5
null,Mountain Pass,0,12,8b745a6aae774e4d85ece6d7bec61ae9,1731157677,2024-11-09T13:07:57,50,GB,10,10,30,174,229,CHOP,-5,0,6
null,Mountain Pass,0,12,8b745a6aae774e4d85ece6d7bec61ae9,1731157677,2024-11-09T13:07:57,50,GB,10,11,30,174,226,FARM,3,10,2
null,Mountain Pass,0,12,8b745a6aae774e4d85ece6d7bec61ae9,1731157677,2024-11-09T13:07:57,50,GB,10,12,30,174,223,FARM,3,5,3
null,Mountain Pass,0,12,8b745a6aae774e4d85ece6d7bec61ae9,1731157677,2024-11-09T13:07:57,50,GB,10,13,30,174,220,FARM,3,0,4
null,Mountain Pass,0,12,8b745a6aae774e4d85ece6d7bec61ae9,1731157677,2024-11-09T13:07:57,50,GB,10,14,30,174,217,FARM,3,0,5
null,Mountain Pass,0,12,8b745a6aae774e4d85ece6d7bec61ae9,1731157677,2024-11-09T13:07:57,50,GB,10,15,30,174,214,FARM,3,2,4
null,Mountain Pass,0,12,8b745a6aae774e4d85ece6d7bec61ae9,1731157677,2024-11-09T13:07:57,50,GB,10,16,30,174,209,CONCRETE,5,0,7
null,Mountain Pass,0,12,8b745a6aae774e4d85ece6d7bec61ae9,1731157677,2024-11-09T13:07:57,50,GB,10,17,30,174,204,CONCRETE,5,7,1
null,Mountain Pass,0,12,8b745a6aae774e4d85ece6d7bec61ae9,1731157677,2024-11-09T13:07:57,50,GB,10,18,30,174,201,FARM,3,4,0
null,Mountain Pass,0,12,8b745a6aae774e4d85ece6d7bec61ae9,1731157677,2024-11-09T13:07:57,50,GB,11,0,32,234,239,CHOP,-5,13,4
null,Mountain Pass,0,12,8b745a6aae774e4d85ece6d7bec61ae9,1731157677,2024-11-09T13:07:57,50,GB,11,1,32,234,244,CHOP,-5,11,4
null,Mountain Pass,0,12,8b745a6aae774e4d85ece6d7bec61ae9,1731157677,2024-11-09T13:07:57,50,GB,11,2,32,234,249,CHOP,-5,8,4
null,Mountain Pass,0,12,8b745a6aae774e4d85ece6d7bec61ae9,1731157677,2024-11-09T13:07:57,50,GB,11,3,32,234,254,CHOP,-5,9,1
null,Mountain Pass,0,12,8b745a6aae774e4d85ece6d7bec61ae9,1731157677,2024-11-09T13:07:57,50,GB,11,4,32,234,259,CHOP,-5,9,2
null,Mountain Pass,0,12,8b745a6aae774e4d85ece6d7bec61ae9,1731157677,2024-11-09T13:07:57,50,GB,11,5,32,234,264,CHOP,-5,14,1
null,Mountain Pass,0,12,8b745a6aae774e4d85ece6d7bec61ae9,1731157677,2024-11-09T13:07:57,50,GB,11,6,32,234,269,CHOP,-5,0,6
null,Mountain Pass,0,12,8b745a6aae774e4d85ece6d7bec61ae9,1731157677,2024-11-09T13:07:57,50,GB,11,7,32,234,274,CHOP,-5,11,6
null,Mountain Pass,0,12,8b745a6aae774e4d85ece6d7bec61ae9,1731157677,2024-11-09T13:07:57,50,GB,11,8,32,234,279,CHOP,-5,1,5
null,Mountain Pass,0,12,8b745a6aae774e4d85ece6d7bec61ae9,1731157677,2024-11-09T13:07:57,50,GB,11,9,32,234,284,CHOP,-5,1,4
null,Mountain Pass,0,12,8b745a6aae774e4d85ece6d7bec61ae9,1731157677,2024-11-09T13:07:57,50,GB,11,10,32,234,289,CHOP,-5,2,6
null,Mountain Pass,0,12,8b745a6aae774e4d85ece6d7bec61ae9,1731157677,2024-11-09T13:07:57,50,GB,11,11,32,234,294,CHOP,-5,7,0
null,Mountain Pass,0,12,9563106f654f484790ea0775abb37068,1732627168,2024-11-26T13:19:28,50,US,0,0,17,0,5,CHOP,-5,12,6
null,Mountain Pass,0,12,9563106f654f484790ea0775abb37068,1732627168,2024-11-26T13:19:28,50,US,0,1,17,0,10,CHOP,-5,11,3
null,Mountain Pass,0,12,9563106f654f484790ea0775abb37068,1732627168,2024-11-26T13:19:28,50,US,0,2,17,0,4,CLEAN,6,4,8
null,Mountain Pass,0,12,9563106f654f484790ea0775abb37068,1732627168,2024-11-26T13:19:28,50,US,0,3,17,0,1,FARM,3,4,8
null,Mountain Pass,0,12,9563106f654f484790ea0775abb37068,1732627168,2024-11-26T13:19:28,50,US,0,4,17,0,6,CHOP,-5,9,2
null,Mountain Pass,0,12,9563106f654f484790ea0775abb37068,1732627168,2024-11-26T13:19:28,50,US,0,5,17,0,11,CHOP,-5,12,2
null,Mountain Pass,0,12,9563106f654f484790ea0775abb37068,1732627168,2024-11-26T13:19:28,50,US,0,6,17,0,6,CONCRETE,5,4,7
null,Mountain Pass,0,12,9563106f654f484790ea0775abb37068,1732627168,2024-11-26T13:19:28,50,US,0,7,17,0,1,CONCRETE,5,10,5
null,Mountain Pass,0,12,9563106f654f484790ea0775abb37068,1732627168,2024-11-26T13:19:28,50,US,0,8,17,0,6,CHOP,-5,13,3
null,Mountain Pass,0,12,9563106f654f484790ea0775abb37068,1732627168,2024-11-26T13:19:28,50,US,0,9,17,0,3,FARM,3,9,5
null,Mountain Pass,0,12,9563106f654f484790ea0775abb37068,1732627168,2024-11-26T13:19:28,50,US,0,10,17,0,8,CHOP,-5,11,6
null,Mountain Pass,0,12,9563106f654f484790ea0775abb37068,1732627168,2024-11-26T13:19:28,50,US,0,11,17,0,3,CONCRETE,5,11,5
null,Mountain Pass,0,12,9563106f654f484790ea0775abb37068,1732627168,2024-11-26T13:19:28,50,US,0,12,17,0,8,CHOP,-5,11,2
null,Mountain Pass,0,12,9563106f654f484790ea0775abb37068,1732627168,2024-11-26T13:19:28,50,US,0,13,17,0,5,FARM,3,3,8
null,Mountain Pass,0,12,9563106f654f484790ea0775abb37068,1732627168,2024-11-26T13:19:28,50,US,0,14,17,0,2,FARM,3,12,5
null,Mountain Pass,0,12,9563106f654f484790ea0775abb37068,1732627168,2024-11-26T13:19:28,50,US,0,15,17,0,7,CHOP,-5,13,3
null,Mountain Pass,0,12,9563106f654f484790ea0775abb37068,1732627168,2024-11-26T13:19:28,50,US,0,16,17,0,2,CONCRETE,5,13,4
null,Mountain Pass,0,12,9563106f654f484790ea0775abb37068,1732627168,2024-11-26T13:19:28,50,US,0,17,17,0,7,CHOP,-5,12,6
null,Mountain Pass,0,12,9563106f654f484790ea0775abb37068,1732627168,2024-11-26T13:19:28,50,US,0,18,17,0,2,CONCRETE,5,13,6
null,Mountain Pass,0,12,9563106f654f484790ea0775abb37068,1732627168,2024-11-26T13:19:28,50,US,0,19,17,0,7,CHOP,-5,13,3
null,Mountain Pass,0,12,9563106f654f484790ea0775abb37068,1732627168,2024-11-26T13:19:28,50,US,0,20,17,0,4,FARM,3,11,4
null,Mountain Pass,0,12,9563106f654f484790ea0775abb37068,1732627168,2024-11-26T13:19:28,50,US,0,21,17,0,1,FARM,3,9,4
null,Mountain Pass,0,12,9563106f654f484790ea0775abb37068,1732627168,2024-11-26T13:19:28,50,US,0,22,17,0,6,CHOP,-5,12,6
null,Mountain Pass,0,12,9563106f654f484790ea0775abb37068,1732627168,2024-11-26T13:19:28,50,US,0,23,17,0,0,CLEAN,6,5,3
null,Mountain Pass,0,12,9563106f654f484790ea0775abb37068,1732627168,2024-11-26T13:19:28,50,US,0,24,17,0,5,CHOP,-5,0,6
null,Mountain Pass,0,12,9563106f654f484790ea0775abb37068,1732627168,2024-11-26T13:19:28,50,US,0,25,17,0,2,FARM,3,5,3
null,Mountain Pass,0,12,9563106f654f484790ea0775abb37068,1732627168,2024-11-26T13:19:28,50,US,0,26,17,0,7,CHOP,-5,7,0
null,Mountain Pass,0,12,9563106f654f484790ea0775abb37068,1732627168,2024-11-26T13:19:28,50,US,0,27,17,0,4,FARM,3,5,4
null,Mountain Pass,0,12,9563106f654f484790ea0775abb37068,1732627168,2024-11-26T13:19:28,50,US,0,28,17,0,1,FARM,3,5,2
null,Mountain Pass,0,12,9563106f654f484790ea0775abb37068,1732627168,2024-11-26T13:19:28,50,US,0,29,17,0,6,CHOP,-5,12,6
null,Mountain Pass,0,12,9563106f654f484790ea0775abb37068,1732627168,2024-11-26T13:19:28,50,US,0,30,17,0,3,FARM,3,8,1
null,Mountain Pass,0,12,9563106f654f484790ea0775abb37068,1732627168,2024-11-26T13:19:28,50,US,0,31,17,0,0,FARM,3,10,3
null,Mountain Pass,0,12,9563106f654f484790ea0775abb37068,1732627168,2024-11-26T13:19:28,50,US,1,0,21,3,8,CHOP,-5,7,0
null,Mountain Pass,0,12,9563106f654f484790ea0775abb37068,1732627168,2024-11-26T13:19:28,50,US,1,1,21,3,13,CHOP,-5,7,0
null,Mountain Pass,0,12,9563106f654f484790ea0775abb37068,1732627168,2024-11-26T13:19:28,50,US,1,2,21,3,18,CHOP,-5,7,0
null,Mountain Pass,0,12,9563106f654f484790ea0775abb37068,1732627168,2024-11-26T13:19:28,50,US,1,3,21,3,12,CLEAN,6,5,1
null,Mountain Pass,0,12,9563106f654f484790ea0775abb37068,1732627168,2024-11-26T13:19:28,50,US,1,4,21,3,2,PLANT_TREE,10,4,1
null,Mountain Pass,0,12,9563106f654f484790ea0775abb37068,1732627168,2024-11-26T13:19:28,50,US,1,5,21,3,-4,CLEAN,6,4,2
null,Mountain Pass,0,12,9563106f654f484790ea0775abb37068,1732627168,2024-11-26T13:19:28,50,US,1,6,21,3,-14,PLANT_TREE,10,5,0
null,Mountain Pass,0,12,9563106f654f484790ea0775abb37068,1732627168,2024-11-26T13:19:28,50,US,1,7,21,3,-24,PLANT_TREE,10,5,1
null,Mountain Pass,0,12,9563106f654f484790ea0775abb37068,1732627168,2024-11-26T13:19:28,50,US,1,8,21,3,-34,PLANT_TREE,10,6,1
null,Mountain Pass,0,12,9563106f654f484790ea0775abb37068,1732627168,2024-11-26T13:19:28,50,US,1,9,21,3,-37,FARM,3,0,6
null,Mountain Pass,0,12,9563106f654f484790ea0775abb37068,1732627168,2024-11-26T13:19:28,50,US,1,10,21,3,-32,CHOP,-5,4,5
null,Mountain Pass,0,12,9563106f654f484790ea0775abb37068,1732627168,2024-11-26T13:19:28,50,US,1,11,21,3,-35,FARM,3,4,5
null,Mountain Pass,0,12,9563106f654f484790ea0775abb37068,1732627168,2024-11-26T13:19:28,50,US,1,12,21,3,-30,CHOP,-5,9,1
null,Mountain Pass,0,12,9563106f654f484790ea0775abb37068,1732627168,2024-11-26T13:19:28,50,US,1,13,21,3,-33,FARM,3,10,0
null,Mountain Pass,0,12,9563106f654f484790ea0775abb37068,1732627168,2024-11-26T13:19:28,50,US,1,14,21,3,-36,FARM,3,10,1
null,Mountain Pass,0,12,9563106f654f484790ea0775abb37068,1732627168,2024-11-26T13:19:28,50,US,1,15,21,3,-31,CHOP,-5,12,2
null,Mountain Pass,0,12,9563106f654f484790ea0775abb37068,1732627168,2024-11-26T13:19:28,50,US,1,16,21,3,-26,CHOP,-5,13,3
null,Mountain Pass,0,12,9563106f654f484790ea0775abb37068,1732627168,2024-11-26T13:19:28,50,US,1,17,21,3,-36,PLANT_TREE,10,13,3
null,Mountain Pass,0,12,9563106f654f484790ea0775abb37068,1732627168,2024-11-26T13:19:28,50,US,1,18,21,3,-31,CHOP,-5,8,4
null,Mountain Pass,0,12,9563106f654f484790ea0775abb37068,1732627168,2024-11-26T13:19:28,50,US,1,19,21,3,-34,FARM,3,9,3
null,Mountain Pass,0,12,9563106f654f484790ea0775abb37068,1732627168,2024-11-26T13:19:28,50,US,2,0,23,3,-7,PLANT_TREE,10,13,2
null,Mountain Pass,0,12,9563106f654f484790ea0775abb37068,1732627168,2024-11-26T13:19:28,50,US,2,1,23,3,-17,PLANT_TREE,10,14,3
null,Mountain Pass,0,12,9563106f654f484790ea0775abb37068,1732627168,2024-11-26T13:19:28,50,US,2,2,23,3,-20,FARM,3,4,2
null,Mountain Pass,0,12,9563106f654f484790ea0775abb37068,1732627168,2024-11-26T13:19:28,50,US,2,3,23,3,-15,CHOP,-5,11,3
null,Mountain Pass,0,12,9563106f654f484790ea0775abb37068,1732627168,2024-11-26T13:19:28,50,US,2,4,23,3,-10,CHOP,-5,12,4
null,Mountain Pass,0,12,9563106f654f484790ea0775abb37068,1732627168,2024-11-26T13:19:28,50,US,2,5,23,3,-5,CHOP,-5,11,2
null,Mountain Pass,0,12,9563106f654f484790ea0775abb37068,1732627168,2024-11-26T13:19:28,50,US,2,6,23,3,-15,PLANT_TREE,10,10,6
null,Mountain Pass,0,12,9563106f654f484790ea0775abb37068,1732627168,2024-11-26T13:19:28,50,US,2,7,23,3,-10,CHOP,-5,9,2
null,Mountain Pass,0,12,9563106f654f484790ea0775abb37068,1732627168,2024-11-26T13:19:28,50,US,2,8,23,3,-5,CHOP,-5,9,1
null,Mountain Pass,0,12,9563106f654f484790ea0775abb37068,1732627168,2024-11-26T13:19:28,50,US,2,9,23,3,-8,FARM,3,11,1
null,Mountain Pass,0,12,9563106f654f484790ea0775abb37068,1732627168,2024-11-26T13:19:28,50,US,2,10,23,3,-14,CLEAN,6,5,7
null,Mountain Pass,0,12,9563106f654f484790ea0775abb37068,1732627168,2024-11-26T13:19:28,50,US,2,11,23,3,-17,FARM,3,5,6
null,Mountain Pass,0,12,9563106f654f484790ea0775abb37068,1732627168,2024-11-26T13:19:28,50,US,2,12,23,3,-12,CHOP,-5,10,4
null,Mountain Pass,0,12,9563106f654f484790ea0775abb37068,1732627168,2024-11-26T13:19:28,50,US,2,13,23,3,-7,CHOP,-5,8,4
null,Mountain Pass,0,12,9563106f654f484790ea0775abb37068,1732627168,2024-11-26T13:19:28,50,US,2,14,23,3,-17,PLANT_TREE,10,6,7
null,Mountain Pass,0,12,9563106f654f484790ea0775abb37068,1732627168,2024-11-26T13:19:28,50,US,2,15,23,3,-12,CHOP,-5,11,6
null,Mountain Pass,0,12,9563106f654f484790ea0775abb37068,1732627168,2024-11-26T13:19:28,50,US,2,16,23,3,-22,PLANT_TREE,10,8,3
null,Mountain Pass,0,12,9563106f654f484790ea0775abb37068,1732627168,2024-11-26T13:19:28,50,US,2,17,23,3,-25,FARM,3,7,0
null,Mountain Pass,0,12,9563106f654f484790ea0775abb37068,1732627168,2024-11-26T13:19:28,50,US,2,18,23,3,-20,CHOP,-5,4,1
null,Mountain Pass,0,12,9563106f654f484790ea0775abb37068,1732627168,2024-11-26T13:19:28,50,US,2,19,23,3,-23,FARM,3,12,3
null,Mountain Pass,0,12,9563106f654f484790ea0775abb37068,1732627168,2024-11-26T13:19:28,50,US,3,0,23,0,-5,CONCRETE,5,12,6
null,Mountain Pass,0,12,9563106f654f484790ea0775abb37068,1732627168,2024-11-26T13:19:28,50,US,3,1,23,0,0,CHOP,-5,11,6
null,Mountain Pass,0,12,9563106f654f484790ea0775abb37068,1732627168,2024-11-26T13:19:28,50,US,3,2,23,0,5,CHOP,-5,10,4
null,Mountain Pass,0,12,9563106f654f484790ea0775abb37068,1732627168,2024-11-26T13:19:28,50,US,3,3,23,0,-5,PLANT_TREE,10,12,1
null,Mountain Pass,0,12,9563106f654f484790ea0775abb37068,1732627168,2024-11-26T13:19:28,50,US,3,4,23,0,0,CHOP,-5,12,2
null,Mountain Pass,0,12,9563106f654f484790ea0775abb37068,1732627168,2024-11-26T13:19:28,50,US,3,5,23,0,-10,PLANT_TREE,10,8,2
null,Mountain Pass,0,12,9563106f654f484790ea0775abb37068,1732627168,2024-11-26T13:19:28,50,US,3,6,23,0,-5,CHOP,-5,9,2
null,Mountain Pass,0,12,9563106f654f484790ea0775abb37068,1732627168,2024-11-26T13:19:28,50,US,3,7,23,0,0,CHOP,-5,9,1
null,Mountain Pass,0,12,9563106f654f484790ea0775abb37068,1732627168,2024-11-26T13:19:28,50,US,3,8,23,0,-3,FARM,3,3,2
null,Mountain Pass,0,12,9563106f654f484790ea0775abb37068,1732627168,2024-11-26T13:19:28,50,US,3,9,23,0,2,CHOP,-5,8,4
null,Mountain Pass,0,12,9563106f654f484790ea0775abb37068,1732627168,2024-11-26T13:19:28,50,US,3,10,23,0,7,CHOP,-5,1,4
null,Mountain Pass,0,12,9563106f654f484790ea0775abb37068,1732627168,2024-11-26T13:19:28,50,US,3,11,23,0,4,FARM,3,13,1
null,Mountain Pass,0,12,9563106f654f484790ea0775abb37068,1732627168,2024-11-26T13:19:28,50,US,3,12,23,0,-6,PLANT_TREE,10,5,7
null,Mountain Pass,0,12,9563106f654f484790ea0775abb37068,1732627168,2024-11-26T13:19:28,50,US,3,13,23,0,-11,CONCRETE,5,10,2
null,Mountain Pass,0,12,9563106f654f484790ea0775abb37068,1732627168,2024-11-26T13:19:28,50,US,3,14,23,0,-14,FARM,3,14,1
null,Mountain Pass,0,12,9563106f654f484790ea0775abb37068,1732627168,2024-11-26T13:19:28,50,US,4,0,34,3,8,CHOP,-5,11,2
null,Mountain Pass,0,12,9563106f654f484790ea0775abb37068,1732627168,2024-11-26T13:19:28,50,US,4,1,34,3,13,CHOP,-5,11,3
null,Mountain Pass,0,12,9563106f654f484790ea0775abb37068,1732627168,2024-11-26T13:19:28,50,US,4,2,34,3,18,CHOP,-5,12,2
null,Mountain Pass,0,12,9563106f654f484790ea0775abb37068,1732627168,2024-11-26T13:19:28,50,US,4,3,34,3,23,CHOP,-5,9,2
null,Mountain Pass,0,12,9563106f654f484790ea0775abb37068,1732627168,2024-11-26T13:19:28,50,US,4,4,34,3,17,CLEAN,6,0,3
null,Mountain Pass,0,12,9563106f654f484790ea0775abb37068,1732627168,2024-11-26T13:19:28,50,US,4,5,34,3,7,PLANT_TREE,10,0,4
null,Mountain Pass,0,12,9563106f654f484790ea0775abb37068,1732627168,2024-11-26T13:19:28,50,US,4,6,34,3,4,FARM,3,13,5
null,Mountain Pass,0,12,9563106f654f484790ea0775abb37068,1732627168,2024-11-26T13:19:28,50,US,4,7,34,3,9,CHOP,-5,6,7
null,Mountain Pass,0,12,9563106f654f484790ea0775abb37068,1732627168,2024-11-26T13:19:28,50,US,4,8,34,3,4,CONCRETE,5,9,0
null,Mountain Pass,0,12,9563106f654f484790ea0775abb37068,1732627168,2024-11-26T13:19:28,50,US,4,9,34,3,9,CHOP,-5,9,1
null,Mountain Pass,0,12,9563106f654f484790ea0775abb37068,1732627168,2024-11-26T13:19:28,50,US,4,10,34,3,14,CHOP,-5,1,4
null,Mountain Pass,0,12,9563106f654f484790ea0775abb37068,1732627168,2024-11-26T13:19:28,50,US,4,11,34,3,9,CONCRETE,5,1,3
null,Mountain Pass,0,12,9563106f654f484790ea0775abb37068,1732627168,2024-11-26T13:19:28,50,US,4,12,34,3,6,FARM,3,0,3
null,Mountain Pass,0,12,9563106f654f484790ea0775abb37068,1732627168,2024-11-26T13:19:28,50,US,5,0,41,2,-4,CLEAN,6,4,4
null,Mountain Pass,0,12,9563106f654f484790ea0775abb37068,1732627168,2024-11-26T13:19:28,50,US,5,1,41,2,-14,PLANT_TREE,10,4,4
null,Mountain Pass,0,12,9563106f654f484790ea0775abb37068,1732627168,2024-11-26T13:19:28,50,US,5,2,41,2,-20,CLEAN,6,3,5
null,Mountain Pass,0,12,9563106f654f484790ea0775abb37068,1732627168,2024-11-26T13:19:28,50,US,5,3,41,2,-15,CHOP,-5,11,3
null,Mountain Pass,0,12,9563106f654f484790ea0775abb37068,1732627168,2024-11-26T13:19:28,50,US,5,4,41,2,-25,PLANT_TREE,10,3,5
null,Mountain Pass,0,12,9563106f654f484790ea0775abb37068,1732627168,2024-11-26T13:19:28,50,US,5,5,41,2,-20,CHOP,-5,12,2
null,Mountain Pass,0,12,9563106f654f484790ea0775abb37068,1732627168,2024-11-26T13:19:28,50,US,5,6,41,2,-15,CHOP,-5,13,2
null,Mountain Pass,0,12,9563106f654f484790ea0775abb37068,1732627168,2024-11-26T13:19:28,50,US,5,7,41,2,-25,PLANT_TREE,10,3,4
null,Mountain Pass,0,12,9563106f654f484790ea0775abb37068,1732627168,2024-11-26T13:19:28,50,US,5,8,41,2,-28,FARM,3,14,2
null,Mountain Pass,0,12,9563106f654f484790ea0775abb37068,1732627168,2024-11-26T13:19:28,50,US,5,9,41,2,-23,CHOP,-5,13,3
null,Mountain Pass,0,12,9563106f654f484790ea0775abb37068,1732627168,2024-11-26T13:19:28,50,US,5,10,41,2,-29,CLEAN,6,2,4
null,Mountain Pass,0,12,9563106f654f484790ea0775abb37068,1732627168,2024-11-26T13:19:28,50,US,5,11,41,2,-24,CHOP,-5,9,2
null,Mountain Pass,0,12,9563106f654f484790ea0775abb37068,1732627168,2024-11-26T13:19:28,50,US,5,12,41,2,-19,CHOP,-5,9,1
null,Mountain Pass,0,12,9563106f654f484790ea0775abb37068,1732627168,2024-11-26T13:19:28,50,US,5,13,41,2,-29,PLANT_TREE,10,2,4
null,Mountain Pass,0,12,9563106f654f484790ea0775abb37068,1732627168,2024-11-26T13:19:28,50,US,5,14,41,2,-24,CHOP,-5,11,6
null,Mountain Pass,0,12,9563106f654f484790ea0775abb37068,1732627168,2024-11-26T13:19:28,50,US,5,15,41,2,-27,FARM,3,2,5
null,Mountain Pass,0,12,9563106f654f484790ea0775abb37068,1732627168,2024-11-26T13:19:28,50,US,5,16,41,2,-22,CHOP,-5,8,4
null,Mountain Pass,0,12,9563106f654f484790ea0775abb37068,1732627168,2024-11-26T13:19:28,50,US,5,17,41,2,-17,CHOP,-5,11,6
null,Mountain Pass,0,12,9563106f654f484790ea0775abb37068,1732627168,2024-11-26T13:19:28,50,US,5,18,41,2,-27,PLANT_TREE,10,3,6
null,Mountain Pass,0,12,9563106f654f484790ea0775abb37068,1732627168,2024-11-26T13:19:28,50,US,5,19,41,2,-22,CHOP,-5,1,4
null,Mountain Pass,0,12,9563106f654f484790ea0775abb37068,1732627168,2024-11-26T13:19:28,50,US,5,20,41,2,-17,CHOP,-5,11,2
null,Mountain Pass,0,12,9563106f654f484790ea0775abb37068,1732627168,2024-11-26T13:19:28,50,US,5,21,41,2,-27,PLANT_TREE,10,2,3
null,Mountain Pass,0,12,9563106f654f484790ea0775abb37068,1732627168,2024-11-26T13:19:28,50,US,6,0,45,8,13,CHOP,-5,8,4
null,Mountain Pass,0,12,9563106f654f484790ea0775abb37068,1732627168,2024-11-26T13:19:28,50,US,6,1,45,8,18,CHOP,-5,13,3
null,Mountain Pass,0,12,9563106f654f484790ea0775abb37068,1732627168,2024-11-26T13:19:28,50,US,6,2,45,8,23,CHOP,-5,13,2
null,Mountain Pass,0,12,9563106f654f484790ea0775abb37068,1732627168,2024-11-26T13:19:28,50,US,6,3,45,8,28,CHOP,-5,12,2
null,Mountain Pass,0,12,9563106f654f484790ea0775abb37068,1732627168,2024-11-26T13:19:28,50,US,6,4,45,8,18,PLANT_TREE,10,8,0
null,Mountain Pass,0,12,9563106f654f484790ea0775abb37068,1732627168,2024-11-26T13:19:28,50,US,6,5,45,8,8,PLANT_TREE,10,6,7
null,Mountain Pass,0,12,9563106f654f484790ea0775abb37068,1732627168,2024-11-26T13:19:28,50,US,6,6,45,8,2,CLEAN,6,1,7
null,Mountain Pass,0,12,9563106f654f484790ea0775abb37068,1732627168,2024-11-26T13:19:28,50,US,6,7,45,8,-8,PLANT_TREE,10,1,7
null,Mountain Pass,0,12,9563106f654f484790ea0775abb37068,1732627168,2024-11-26T13:19:28,50,US,6,8,45,8,-11,FARM,3,0,7
null,Mountain Pass,0,12,9563106f654f484790ea0775abb37068,1732627168,2024-11-26T13:19:28,50,US,6,9,45,8,-6,CHOP,-5,10,4
null,Mountain Pass,0,12,9563106f654f484790ea0775abb37068,1732627168,2024-11-26T13:19:28,50,US,6,10,45,8,-9,FARM,3,2,7
null,Mountain Pass,0,12,9563106f654f484790ea0775abb37068,1732627168,2024-11-26T13:19:28,50,US,6,11,45,8,-19,PLANT_TREE,10,1,6
null,Mountain Pass,0,12,9563106f654f484790ea0775abb37068,1732627168,2024-11-26T13:19:28,50,US,7,0,46,27,32,CHOP,-5,11,3
null,Mountain Pass,0,12,9563106f654f484790ea0775abb37068,1732627168,2024-11-26T13:19:28,50,US,7,1,46,27,37,CHOP,-5,12,2
null,Mountain Pass,0,12,9563106f654f484790ea0775abb37068,1732627168,2024-11-26T13:19:28,50,US,7,2,46,27,42,CHOP,-5,2,6
null,Mountain Pass,0,12,9563106f654f484790ea0775abb37068,1732627168,2024-11-26T13:19:28,50,US,7,3,46,27,32,PLANT_TREE,10,7,1
null,Mountain Pass,0,12,9563106f654f484790ea0775abb37068,1732627168,2024-11-26T13:19:28,50,US,7,4,46,27,37,CHOP,-5,6,1
null,Mountain Pass,0,12,9563106f654f484790ea0775abb37068,1732627168,2024-11-26T13:19:28,50,US,7,5,46,27,42,CHOP,-5,8,4
null,Mountain Pass,0,12,9563106f654f484790ea0775abb37068,1732627168,2024-11-26T13:19:28,50,US,7,6,46,27,32,PLANT_TREE,10,6,0
null,Mountain Pass,0,12,9563106f654f484790ea0775abb37068,1732627168,2024-11-26T13:19:28,50,US,7,7,46,27,26,CLEAN,6,0,5
null,Mountain Pass,0,12,9563106f654f484790ea0775abb37068,1732627168,2024-11-26T13:19:28,50,US,7,8,46,27,23,FARM,3,1,5
null,Mountain Pass,0,12,9563106f654f484790ea0775abb37068,1732627168,2024-11-26T13:19:28,50,US,7,9,46,27,13,PLANT_TREE,10,0,5
null,Mountain Pass,0,12,9563106f654f484790ea0775abb37068,1732627168,2024-11-26T13:19:28,50,US,8,0,46,3,-3,CLEAN,6,3,7
null,Mountain Pass,0,12,9563106f654f484790ea0775abb37068,1732627168,2024-11-26T13:19:28,50,US,8,1,46,3,-13,PLANT_TREE,10,3,7
null,Mountain Pass,0,12,9563106f654f484790ea0775abb37068,1732627168,2024-11-26T13:19:28,50,US,8,2,46,3,-8,CHOP,-5,8,4
null,Mountain Pass,0,12,9563106f654f484790ea0775abb37068,1732627168,2024-11-26T13:19:28,50,US,8,3,46,3,-3,CHOP,-5,11,3
null,Mountain Pass,0,12,9563106f654f484790ea0775abb37068,1732627168,2024-11-26T13:19:28,50,US,8,4,46,3,2,CHOP,-5,9,2
null,Mountain Pass,0,12,9563106f654f484790ea0775abb37068,1732627168,2024-11-26T13:19:28,50,US,8,5,46,3,7,CHOP,-5,12,2
null,Mountain Pass,0,12,9563106f654f484790ea0775abb37068,1732627168,2024-11-26T13:19:28,50,US,8,6,46,3,1,CLEAN,6,5,5
null,Mountain Pass,0,12,9563106f654f484790ea0775abb37068,1732627168,2024-11-26T13:19:28,50,US,8,7,46,3,-9,PLANT_TREE,10,5,5
null,Mountain Pass,0,12,9563106f654f484790ea0775abb37068,1732627168,2024-11-26T13:19:28,50,US,8,8,46,3,-15,CLEAN,6,4,6
null,Mountain Pass,0,12,9563106f654f484790ea0775abb37068,1732627168,2024-11-26T13:19:28,50,US,8,9,46,3,-25,PLANT_TREE,10,4,6
null,Mountain Pass,0,12,9563106f654f484790ea0775abb37068,1732627168,2024-11-26T13:19:28,50,US,8,10,46,3,-20,CHOP,-5,3,6
null,Mountain Pass,0,12,9563106f654f484790ea0775abb37068,1732627168,2024-11-26T13:19:28,50,US,8,11,46,3,-15,CHOP,-5,2,6
null,Mountain Pass,0,12,9563106f654f484790ea0775abb37068,1732627168,2024-11-26T13:19:28,50,US,8,12,46,3,-21,CLEAN,6,1,2
null,Mountain Pass,0,12,9563106f654f484790ea0775abb37068,1732627168,2024-11-26T13:19:28,50,US,8,13,46,3,-24,FARM,3,1,2
null,Mountain Pass,0,12,9563106f654f484790ea0775abb37068,1732627168,2024-11-26T13:19:28,50,US,8,14,46,3,-34,PLANT_TREE,10,2,2
null,Mountain Pass,0,12,9563106f654f484790ea0775abb37068,1732627168,2024-11-26T13:19:28,50,US,8,15,46,3,-44,PLANT_TREE,10,1,1
null,Mountain Pass,0,12,9563106f654f484790ea0775abb37068,1732627168,2024-11-26T13:19:28,50,US,8,16,46,3,-50,CLEAN,6,7,7
null,Mountain Pass,0,12,9563106f654f484790ea0775abb37068,1732627168,2024-11-26T13:19:28,50,US,8,17,46,3,-45,CHOP,-5,4,1
null,Mountain Pass,0,12,9563106f654f484790ea0775abb37068,1732627168,2024-11-26T13:19:28,50,US,8,18,46,3,-55,PLANT_TREE,10,7,7
null,Mountain Pass,0,12,9563106f654f484790ea0775abb37068,1732627168,2024-11-26T13:19:28,50,US,9,0,46,15,20,CHOP,-5,2,6
null,Mountain Pass,0,12,9563106f654f484790ea0775abb37068,1732627168,2024-11-26T13:19:28,50,US,9,1,46,15,25,CHOP,-5,2,4
null,Mountain Pass,0,12,9563106f654f484790ea0775abb37068,1732627168,2024-11-26T13:19:28,50,US,9,2,46,15,30,CHOP,-5,1,4
null,Mountain Pass,0,12,9563106f654f484790ea0775abb37068,1732627168,2024-11-26T13:19:28,50,US,9,3,46,15,35,CHOP,-5,0,4
null,Mountain Pass,0,12,9563106f654f484790ea0775abb37068,1732627168,2024-11-26T13:19:28,50,US,9,4,46,15,40,CHOP,-5,8,2
null,Mountain Pass,0,12,9563106f654f484790ea0775abb37068,1732627168,2024-11-26T13:19:28,50,US,9,5,46,15,45,CHOP,-5,9,2
null,Mountain Pass,0,12,9563106f654f484790ea0775abb37068,1732627168,2024-11-26T13:19:28,50,US,9,6,46,15,50,CHOP,-5,9,1
null,Mountain Pass,0,12,9563106f654f484790ea0775abb37068,1732627168,2024-11-26T13:19:28,50,US,9,7,46,15,55,CHOP,-5,5,1
null,Mountain Pass,0,12,9563106f654f484790ea0775abb37068,1732627168,2024-11-26T13:19:28,50,US,9,8,46,15,49,CLEAN,6,3,0
null,Mountain Pass,0,12,9563106f654f484790ea0775abb37068,1732627168,2024-11-26T13:19:28,50,US,9,9,46,15,39,PLANT_TREE,10,3,0
null,Mountain Pass,0,12,9563106f654f484790ea0775abb37068,1732627168,2024-11-26T13:19:28,50,US,9,10,46,15,29,PLANT_TREE,10,4,0
null,Mountain Pass,0,12,9563106f654f484790ea0775abb37068,1732627168,2024-11-26T13:19:28,50,US,9,11,46,15,34,CHOP,-5,5,0
null,Mountain Pass,0,12,9563106f654f484790ea0775abb37068,1732627168,2024-11-26T13:19:28,50,US,9,12,46,15,39,CHOP,-5,6,1
null,Mountain Pass,0,12,9563106f654f484790ea0775abb37068,1732627168,2024-11-26T13:19:28,50,US,9,13,46,15,29,PLANT_TREE,10,2,0
null,Mountain Pass,0,12,9563106f654f484790ea0775abb37068,1732627168,2024-11-26T13:19:28,50,US,9,14,46,15,19,PLANT_TREE,10,3,1
null,Mountain Pass,0,12,9563106f654f484790ea0775abb37068,1732627168,2024-11-26T13:19:28,50,US,9,15,46,15,24,CHOP,-5,11,2
null,Mountain Pass,0,12,9563106f654f484790ea0775abb37068,1732627168,2024-11-26T13:19:28,50,US,9,16,46,15,18,CLEAN,6,3,3
null,Mountain Pass,0,12,9563106f654f484790ea0775abb37068,1732627168,2024-11-26T13:19:28,50,US,9,17,46,15,8,PLANT_TREE,10,3,3
null,Mountain Pass,0,12,9563106f654f484790ea0775abb37068,1732627168,2024-11-26T13:19:28,50,US,9,18,46,15,2,CLEAN,6,9,6
null,Mountain Pass,0,12,9563106f654f484790ea0775abb37068,1732627168,2024-11-26T13:19:28,50,US,9,19,46,15,-8,PLANT_TREE,10,9,6
null,Mountain Pass,0,12,9563106f654f484790ea0775abb37068,1732627168,2024-11-26T13:19:28,50,US,9,20,46,15,-3,CHOP,-5,10,6
null,Mountain Pass,0,12,9563106f654f484790ea0775abb37068,1732627168,2024-11-26T13:19:28,50,US,9,21,46,15,2,CHOP,-5,11,6
null,Mountain Pass,0,12,9563106f654f484790ea0775abb37068,1732627168,2024-11-26T13:19:28,50,US,9,22,46,15,-4,CLEAN,6,1,0
null,Mountain Pass,0,12,9563106f654f484790ea0775abb37068,1732627168,2024-11-26T13:19:28,50,US,9,23,46,15,-7,FARM,3,1,0
null,Mountain Pass,0,12,9563106f654f484790ea0775abb37068,1732627168,2024-11-26T13:19:28,50,US,10,0,46,139,144,CHOP,-5,3,6
null,Mountain Pass,0,12,9563106f654f484790ea0775abb37068,1732627168,2024-11-26T13:19:28,50,US,10,1,46,139,149,CHOP,-5,2,6
null,Mountain Pass,0,12,9563106f654f484790ea0775abb37068,1732627168,2024-11-26T13:19:28,50,US,10,2,46,139,154,CHOP,-5,4,4
null,Mountain Pass,0,12,9563106f654f484790ea0775abb37068,1732627168,2024-11-26T13:19:28,50,US,10,3,46,139,159,CHOP,-5,12,4
null,Mountain Pass,0,12,9563106f654f484790ea0775abb37068,1732627168,2024-11-26T13:19:28,50,US,10,4,46,139,164,CHOP,-5,11,3
null,Mountain Pass,0,12,9563106f654f484790ea0775abb37068,1732627168,2024-11-26T13:19:28,50,US,10,5,46,139,169,CHOP,-5,11,2
null,Mountain Pass,0,12,9563106f654f484790ea0775abb37068,1732627168,2024-11-26T13:19:28,50,US,10,6,46,139,174,CHOP,-5,13,3
null,Mountain Pass,0,12,9563106f654f484790ea0775abb37068,1732627168,2024-11-26T13:19:28,50,US,10,7,46,139,179,CHOP,-5,8,2
null,Mountain Pass,0,12,9563106f654f484790ea0775abb37068,1732627168,2024-11-26T13:19:28,50,US,10,8,46,139,184,CHOP,-5,9,2
null,Mountain Pass,0,12,9563106f654f484790ea0775abb37068,1732627168,2024-11-26T13:19:28,50,US,10,9,46,139,189,CHOP,-5,11,6
null,Mountain Pass,0,12,9563106f654f484790ea0775abb37068,1732627168,2024-11-26T13:19:28,50,US,10,10,46,139,194,CHOP,-5,5,1
null,Mountain Pass,0,12,9563106f654f484790ea0775abb37068,1732627168,2024-11-26T13:19:28,50,US,10,11,46,139,199,CHOP,-5,5,0
null,Mountain Pass,0,12,9563106f654f484790ea0775abb37068,1732627168,2024-11-26T13:19:28,50,US,10,12,46,139,204,CHOP,-5,5,7
null,Mountain Pass,0,12,9563106f654f484790ea0775abb37068,1732627168,2024-11-26T13:19:28,50,US,10,13,46,139,209,CHOP,-5,9,6
null,Mountain Pass,0,12,9563106f654f484790ea0775abb37068,1732627168,2024-11-26T13:19:28,50,US,10,14,46,139,214,CHOP,-5,10,6
null,Mountain Pass,0,12,9563106f654f484790ea0775abb37068,1732627168,2024-11-26T13:19:28,50,US,10,15,46,139,219,CHOP,-5,5,7
null,Mountain Pass,0,12,9563106f654f484790ea0775abb37068,1732627168,2024-11-26T13:19:28,50,US,10,16,46,139,224,CHOP,-5,4,6
null,Mountain Pass,0,12,9563106f654f484790ea0775abb37068,1732627168,2024-11-26T13:19:28,50,US,10,17,46,139,229,CHOP,-5,6,7
null,Mountain Pass,0,12,9563106f654f484790ea0775abb37068,1732627168,2024-11-26T13:19:28,50,US,11,0,38,218,223,CHOP,-5,8,4
null,Mountain Pass,0,12,9563106f654f484790ea0775abb37068,1732627168,2024-11-26T13:19:28,50,US,11,1,38,218,228,CHOP,-5,9,2
null,Mountain Pass,0,12,9563106f654f484790ea0775abb37068,1732627168,2024-11-26T13:19:28,50,US,11,2,38,218,233,CHOP,-5,11,2
null,Mountain Pass,0,12,9563106f654f484790ea0775abb37068,1732627168,2024-11-26T13:19:28,50,US,11,3,38,218,238,CHOP,-5,12,2
null,Mountain Pass,0,12,9563106f654f484790ea0775abb37068,1732627168,2024-11-26T13:19:28,50,US,11,4,38,218,243,CHOP,-5,13,2
null,Mountain Pass,0,12,9563106f654f484790ea0775abb37068,1732627168,2024-11-26T13:19:28,50,US,11,5,38,218,248,CHOP,-5,14,3
null,Mountain Pass,0,12,9563106f654f484790ea0775abb37068,1732627168,2024-11-26T13:19:28,50,US,11,6,38,218,253,CHOP,-5,11,6
null,Mountain Pass,0,12,9563106f654f484790ea0775abb37068,1732627168,2024-11-26T13:19:28,50,US,11,7,38,218,258,CHOP,-5,3,6
null,Mountain Pass,0,12,9563106f654f484790ea0775abb37068,1732627168,2024-11-26T13:19:28,50,US,11,8,38,218,263,CHOP,-5,2,6
null,Mountain Pass,0,12,9dea1135ca08417f939559574716e512,1732283404,2024-11-22T13:50:04,50,GB,0,0,13,63,68,CHOP,-5,8,4
null,Mountain Pass,0,12,9dea1135ca08417f939559574716e512,1732283404,2024-11-22T13:50:04,50,GB,0,1,13,63,73,CHOP,-5,8,4
null,Mountain Pass,0,12,9dea1135ca08417f939559574716e512,1732283404,2024-11-22T13:50:04,50,GB,0,2,13,63,78,CHOP,-5,8,4
null,Mountain Pass,0,12,9dea1135ca08417f939559574716e512,1732283404,2024-11-22T13:50:04,50,GB,0,3,13,63,83,CHOP,-5,8,4
null,Mountain Pass,0,12,9dea1135ca08417f939559574716e512,1732283404,2024-11-22T13:50:04,50,GB,0,4,13,63,88,CHOP,-5,10,4
null,Mountain Pass,0,12,9dea1135ca08417f939559574716e512,1732283404,2024-11-22T13:50:04,50,GB,0,5,13,63,93,CHOP,-5,10,4
null,Mountain Pass,0,12,9dea1135ca08417f939559574716e512,1732283404,2024-11-22T13:50:04,50,GB,0,6,13,63,98,CHOP,-5,10,4
null,Mountain Pass,0,12,9dea1135ca08417f939559574716e512,1732283404,2024-11-22T13:50:04,50,GB,0,7,13,63,103,CHOP,-5,10,4
null,Mountain Pass,0,12,9dea1135ca08417f939559574716e512,1732283404,2024-11-22T13:50:04,50,GB,0,8,13,63,98,CONCRETE,5,9,4
null,Mountain Pass,0,12,9dea1135ca08417f939559574716e512,1732283404,2024-11-22T13:50:04,50,GB,0,9,13,63,95,FARM,3,8,4
null,Mountain Pass,0,12,9dea1135ca08417f939559574716e512,1732283404,2024-11-22T13:50:04,50,GB,0,10,13,63,92,FARM,3,8,3
null,Mountain Pass,0,12,9dea1135ca08417f939559574716e512,1732283404,2024-11-22T13:50:04,50,GB,0,11,13,63,89,FARM,3,9,3
null,Mountain Pass,0,12,9dea1135ca08417f939559574716e512,1732283404,2024-11-22T13:50:04,50,GB,0,12,13,63,86,FARM,3,10,3
null,Mountain Pass,0,12,9dea1135ca08417f939559574716e512,1732283404,2024-11-22T13:50:04,50,GB,0,13,13,63,83,FARM,3,10,4
null,Mountain Pass,0,12,9dea1135ca08417f939559574716e512,1732283404,2024-11-22T13:50:04,50,GB,0,14,13,63,80,FARM,3,10,5
null,Mountain Pass,0,12,9dea1135ca08417f939559574716e512,1732283404,2024-11-22T13:50:04,50,GB,0,15,13,63,85,CHOP,-5,12,4
null,Mountain Pass,0,12,9dea1135ca08417f939559574716e512,1732283404,2024-11-22T13:50:04,50,GB,0,16,13,63,90,CHOP,-5,12,4
null,Mountain Pass,0,12,9dea1135ca08417f939559574716e512,1732283404,2024-11-22T13:50:04,50,GB,0,17,13,63,95,CHOP,-5,12,4
null,Mountain Pass,0,12,9dea1135ca08417f939559574716e512,1732283404,2024-11-22T13:50:04,50,GB,0,18,13,63,100,CHOP,-5,12,4
null,Mountain Pass,0,12,9dea1135ca08417f939559574716e512,1732283404,2024-11-22T13:50:04,50,GB,0,19,13,63,95,CONCRETE,5,12,4
null,Mountain Pass,0,12,9dea1135ca08417f939559574716e512,1732283404,2024-11-22T13:50:04,50,GB,0,20,13,63,92,FARM,3,11,4
null,Mountain Pass,0,12,9dea1135ca08417f939559574716e512,1732283404,2024-11-22T13:50:04,50,GB,0,21,13,63,97,CHOP,-5,12,6
null,Mountain Pass,0,12,9dea1135ca08417f939559574716e512,1732283404,2024-11-22T13:50:04,50,GB,0,22,13,63,102,CHOP,-5,12,6
null,Mountain Pass,0,12,9dea1135ca08417f939559574716e512,1732283404,2024-11-22T13:50:04,50,GB,0,23,13,63,107,CHOP,-5,12,6
null,Mountain Pass,0,12,9dea1135ca08417f939559574716e512,1732283404,2024-11-22T13:50:04,50,GB,0,24,13,63,112,CHOP,-5,12,6
null,Mountain Pass,0,12,9dea1135ca08417f939559574716e512,1732283404,2024-11-22T13:50:04,50,GB,0,25,13,63,117,CHOP,-5,11,6
null,Mountain Pass,0,12,9dea1135ca08417f939559574716e512,1732283404,2024-11-22T13:50:04,50,GB,0,26,13,63,122,CHOP,-5,11,6
null,Mountain Pass,0,12,9dea1135ca08417f939559574716e512,1732283404,2024-11-22T13:50:04,50,GB,0,27,13,63,127,CHOP,-5,11,6
null,Mountain Pass,0,12,9dea1135ca08417f939559574716e512,1732283404,2024-11-22T13:50:04,50,GB,0,28,13,63,132,CHOP,-5,11,6
null,Mountain Pass,0,12,9dea1135ca08417f939559574716e512,1732283404,2024-11-22T13:50:04,50,GB,0,29,13,63,127,CONCRETE,5,12,5
null,Mountain Pass,0,12,9dea1135ca08417f939559574716e512,1732283404,2024-11-22T13:50:04,50,GB,0,30,13,63,124,FARM,3,11,5
null,Mountain Pass,0,12,9dea1135ca08417f939559574716e512,1732283404,2024-11-22T13:50:04,50,GB,0,31,13,63,118,CLEAN,6,10,6
null,Mountain Pass,0,12,9dea1135ca08417f939559574716e512,1732283404,2024-11-22T13:50:04,50,GB,0,32,13,63,112,CLEAN,6,3,4
null,Mountain Pass,0,12,9dea1135ca08417f939559574716e512,1732283404,2024-11-22T13:50:04,50,GB,0,33,13,63,117,CHOP,-5,4,5
null,Mountain Pass,0,12,9dea1135ca08417f939559574716e512,1732283404,2024-11-22T13:50:04,50,GB,0,34,13,63,122,CHOP,-5,1,4
null,Mountain Pass,0,12,9dea1135ca08417f939559574716e512,1732283404,2024-11-22T13:50:04,50,GB,0,35,13,63,127,CHOP,-5,2,6
null,Mountain Pass,0,12,9dea1135ca08417f939559574716e512,1732283404,2024-11-22T13:50:04,50,GB,0,36,13,63,132,CHOP,-5,0,6
null,Mountain Pass,0,12,9dea1135ca08417f939559574716e512,1732283404,2024-11-22T13:50:04,50,GB,0,37,13,63,126,CLEAN,6,1,5
null,Mountain Pass,0,12,9dea1135ca08417f939559574716e512,1732283404,2024-11-22T13:50:04,50,GB,1,0,27,0,-5,CONCRETE,5,4,4
null,Mountain Pass,0,12,9dea1135ca08417f939559574716e512,1732283404,2024-11-22T13:50:04,50,GB,1,1,27,0,-10,CONCRETE,5,4,5
null,Mountain Pass,0,12,9dea1135ca08417f939559574716e512,1732283404,2024-11-22T13:50:04,50,GB,1,2,27,0,-13,FARM,3,3,3
null,Mountain Pass,0,12,9dea1135ca08417f939559574716e512,1732283404,2024-11-22T13:50:04,50,GB,1,3,27,0,-16,FARM,3,3,5
null,Mountain Pass,0,12,9dea1135ca08417f939559574716e512,1732283404,2024-11-22T13:50:04,50,GB,1,4,27,0,-19,FARM,3,3,4
null,Mountain Pass,0,12,9dea1135ca08417f939559574716e512,1732283404,2024-11-22T13:50:04,50,GB,1,5,27,0,-22,FARM,3,2,4
null,Mountain Pass,0,12,9dea1135ca08417f939559574716e512,1732283404,2024-11-22T13:50:04,50,GB,1,6,27,0,-25,FARM,3,2,5
null,Mountain Pass,0,12,9dea1135ca08417f939559574716e512,1732283404,2024-11-22T13:50:04,50,GB,1,7,27,0,-28,FARM,3,2,6
null,Mountain Pass,0,12,9dea1135ca08417f939559574716e512,1732283404,2024-11-22T13:50:04,50,GB,1,8,27,0,-33,CONCRETE,5,14,1
null,Mountain Pass,0,12,9dea1135ca08417f939559574716e512,1732283404,2024-11-22T13:50:04,50,GB,1,9,27,0,-36,FARM,3,13,1
null,Mountain Pass,0,12,9dea1135ca08417f939559574716e512,1732283404,2024-11-22T13:50:04,50,GB,1,10,27,0,-41,CONCRETE,5,1,4
null,Mountain Pass,0,12,9dea1135ca08417f939559574716e512,1732283404,2024-11-22T13:50:04,50,GB,1,11,27,0,-44,FARM,3,1,5
null,Mountain Pass,0,12,9dea1135ca08417f939559574716e512,1732283404,2024-11-22T13:50:04,50,GB,1,12,27,0,-50,CLEAN,6,4,1
null,Mountain Pass,0,12,9dea1135ca08417f939559574716e512,1732283404,2024-11-22T13:50:04,50,GB,1,13,27,0,-53,FARM,3,3,1
null,Mountain Pass,0,12,9dea1135ca08417f939559574716e512,1732283404,2024-11-22T13:50:04,50,GB,1,14,27,0,-58,CONCRETE,5,5,1
null,Mountain Pass,0,12,9dea1135ca08417f939559574716e512,1732283404,2024-11-22T13:50:04,50,GB,1,15,27,0,-64,CLEAN,6,6,7
null,Mountain Pass,0,12,9dea1135ca08417f939559574716e512,1732283404,2024-11-22T13:50:04,50,GB,1,16,27,0,-70,CLEAN,6,4,7
null,Mountain Pass,0,12,9dea1135ca08417f939559574716e512,1732283404,2024-11-22T13:50:04,50,GB,1,17,27,0,-76,CLEAN,6,1,7
null,Mountain Pass,0,12,9dea1135ca08417f939559574716e512,1732283404,2024-11-22T13:50:04,50,GB,1,18,27,0,-82,CLEAN,6,4,6
null,Mountain Pass,0,12,9dea1135ca08417f939559574716e512,1732283404,2024-11-22T13:50:04,50,GB,1,19,27,0,-88,CLEAN,6,5,4
null,Mountain Pass,0,12,9dea1135ca08417f939559574716e512,1732283404,2024-11-22T13:50:04,50,GB,1,20,27,0,-94,CLEAN,6,0,3
null,Mountain Pass,0,12,9dea1135ca08417f939559574716e512,1732283404,2024-11-22T13:50:04,50,GB,1,21,27,0,-89,CHOP,-5,13,3
null,Mountain Pass,0,12,9dea1135ca08417f939559574716e512,1732283404,2024-11-22T13:50:04,50,GB,1,22,27,0,-84,CHOP,-5,13,3
null,Mountain Pass,0,12,9dea1135ca08417f939559574716e512,1732283404,2024-11-22T13:50:04,50,GB,1,23,27,0,-79,CHOP,-5,13,3
null,Mountain Pass,0,12,9dea1135ca08417f939559574716e512,1732283404,2024-11-22T13:50:04,50,GB,1,24,27,0,-74,CHOP,-5,13,3
null,Mountain Pass,0,12,9dea1135ca08417f939559574716e512,1732283404,2024-11-22T13:50:04,50,GB,1,25,27,0,-80,CLEAN,6,2,2
null,Mountain Pass,0,12,9dea1135ca08417f939559574716e512,1732283404,2024-11-22T13:50:04,50,GB,1,26,27,0,-86,CLEAN,6,1,0
null,Mountain Pass,0,12,9dea1135ca08417f939559574716e512,1732283404,2024-11-22T13:50:04,50,GB,1,27,27,0,-92,CLEAN,6,5,0
null,Mountain Pass,0,12,9dea1135ca08417f939559574716e512,1732283404,2024-11-22T13:50:04,50,GB,1,28,27,0,-98,CLEAN,6,3,0
null,Mountain Pass,0,12,9dea1135ca08417f939559574716e512,1732283404,2024-11-22T13:50:04,50,GB,2,0,46,6,3,FARM,3,14,2
null,Mountain Pass,0,12,9dea1135ca08417f939559574716e512,1732283404,2024-11-22T13:50:04,50,GB,2,1,46,6,0,FARM,3,14,3
null,Mountain Pass,0,12,9dea1135ca08417f939559574716e512,1732283404,2024-11-22T13:50:04,50,GB,2,2,46,6,-3,FARM,3,13,2
null,Mountain Pass,0,12,9dea1135ca08417f939559574716e512,1732283404,2024-11-22T13:50:04,50,GB,2,3,46,6,-6,FARM,3,13,3
null,Mountain Pass,0,12,9dea1135ca08417f939559574716e512,1732283404,2024-11-22T13:50:04,50,GB,2,4,46,6,-9,FARM,3,13,4
null,Mountain Pass,0,12,9dea1135ca08417f939559574716e512,1732283404,2024-11-22T13:50:04,50,GB,2,5,46,6,-12,FARM,3,13,5
null,Mountain Pass,0,12,9dea1135ca08417f939559574716e512,1732283404,2024-11-22T13:50:04,50,GB,2,6,46,6,-15,FARM,3,13,6
null,Mountain Pass,0,12,9dea1135ca08417f939559574716e512,1732283404,2024-11-22T13:50:04,50,GB,2,7,46,6,-18,FARM,3,12,6
null,Mountain Pass,0,12,9dea1135ca08417f939559574716e512,1732283404,2024-11-22T13:50:04,50,GB,2,8,46,6,-21,FARM,3,12,3
null,Mountain Pass,0,12,9dea1135ca08417f939559574716e512,1732283404,2024-11-22T13:50:04,50,GB,2,9,46,6,-24,FARM,3,12,1
null,Mountain Pass,0,12,9dea1135ca08417f939559574716e512,1732283404,2024-11-22T13:50:04,50,GB,2,10,46,6,-27,FARM,3,11,6
null,Mountain Pass,0,12,9dea1135ca08417f939559574716e512,1732283404,2024-11-22T13:50:04,50,GB,2,11,46,6,-30,FARM,3,11,1
null,Mountain Pass,0,12,9dea1135ca08417f939559574716e512,1732283404,2024-11-22T13:50:04,50,GB,2,12,46,6,-35,CONCRETE,5,10,1
null,Mountain Pass,0,12,9dea1135ca08417f939559574716e512,1732283404,2024-11-22T13:50:04,50,GB,2,13,46,6,-40,CONCRETE,5,9,6
null,Mountain Pass,0,12,9dea1135ca08417f939559574716e512,1732283404,2024-11-22T13:50:04,50,GB,2,14,46,6,-45,CONCRETE,5,5,7
null,Mountain Pass,0,12,9dea1135ca08417f939559574716e512,1732283404,2024-11-22T13:50:04,50,GB,2,15,46,6,-50,CONCRETE,5,2,7
null,Mountain Pass,0,12,9dea1135ca08417f939559574716e512,1732283404,2024-11-22T13:50:04,50,GB,2,16,46,6,-55,CONCRETE,5,1,2
null,Mountain Pass,0,12,9dea1135ca08417f939559574716e512,1732283404,2024-11-22T13:50:04,50,GB,2,17,46,6,-58,FARM,3,6,7
null,Mountain Pass,0,12,9dea1135ca08417f939559574716e512,1732283404,2024-11-22T13:50:04,50,GB,2,18,46,6,-61,FARM,3,7,7
null,Mountain Pass,0,12,9dea1135ca08417f939559574716e512,1732283404,2024-11-22T13:50:04,50,GB,2,19,46,6,-67,CLEAN,6,3,8
null,Mountain Pass,0,12,9dea1135ca08417f939559574716e512,1732283404,2024-11-22T13:50:04,50,GB,2,20,46,6,-73,CLEAN,6,5,2
null,Mountain Pass,0,12,9dea1135ca08417f939559574716e512,1732283404,2024-11-22T13:50:04,50,GB,2,21,46,6,-68,CHOP,-5,11,3
null,Mountain Pass,0,12,9dea1135ca08417f939559574716e512,1732283404,2024-11-22T13:50:04,50,GB,2,22,46,6,-74,CLEAN,6,6,1
null,Mountain Pass,0,12,9dea1135ca08417f939559574716e512,1732283404,2024-11-22T13:50:04,50,GB,2,23,46,6,-69,CHOP,-5,11,3
null,Mountain Pass,0,12,9dea1135ca08417f939559574716e512,1732283404,2024-11-22T13:50:04,50,GB,3,0,64,82,87,CHOP,-5,11,3
null,Mountain Pass,0,12,9dea1135ca08417f939559574716e512,1732283404,2024-11-22T13:50:04,50,GB,3,1,64,82,92,CHOP,-5,11,3
null,Mountain Pass,0,12,9dea1135ca08417f939559574716e512,1732283404,2024-11-22T13:50:04,50,GB,3,2,64,82,89,FARM,3,4,8
null,Mountain Pass,0,12,9dea1135ca08417f939559574716e512,1732283404,2024-11-22T13:50:04,50,GB,3,3,64,82,86,FARM,3,3,8
null,Mountain Pass,0,12,9dea1135ca08417f939559574716e512,1732283404,2024-11-22T13:50:04,50,GB,3,4,64,82,83,FARM,3,3,7
null,Mountain Pass,0,12,9dea1135ca08417f939559574716e512,1732283404,2024-11-22T13:50:04,50,GB,3,5,64,82,80,FARM,3,4,7
null,Mountain Pass,0,12,9dea1135ca08417f939559574716e512,1732283404,2024-11-22T13:50:04,50,GB,3,6,64,82,77,FARM,3,5,6
null,Mountain Pass,0,12,9dea1135ca08417f939559574716e512,1732283404,2024-11-22T13:50:04,50,GB,3,7,64,82,74,FARM,3,4,6
null,Mountain Pass,0,12,9dea1135ca08417f939559574716e512,1732283404,2024-11-22T13:50:04,50,GB,3,8,64,82,71,FARM,3,3,6
null,Mountain Pass,0,12,9dea1135ca08417f939559574716e512,1732283404,2024-11-22T13:50:04,50,GB,3,9,64,82,68,FARM,3,5,5
null,Mountain Pass,0,12,9dea1135ca08417f939559574716e512,1732283404,2024-11-22T13:50:04,50,GB,3,10,64,82,65,FARM,3,10,6
null,Mountain Pass,0,12,9dea1135ca08417f939559574716e512,1732283404,2024-11-22T13:50:04,50,GB,3,11,64,82,62,FARM,3,9,5
null,Mountain Pass,0,12,9dea1135ca08417f939559574716e512,1732283404,2024-11-22T13:50:04,50,GB,3,12,64,82,59,FARM,3,8,2
null,Mountain Pass,0,12,9dea1135ca08417f939559574716e512,1732283404,2024-11-22T13:50:04,50,GB,3,13,64,82,56,FARM,3,8,1
null,Mountain Pass,0,12,9dea1135ca08417f939559574716e512,1732283404,2024-11-22T13:50:04,50,GB,3,14,64,82,53,FARM,3,11,3
null,Mountain Pass,0,12,9dea1135ca08417f939559574716e512,1732283404,2024-11-22T13:50:04,50,GB,3,15,64,82,50,FARM,3,10,2
null,Mountain Pass,0,12,9dea1135ca08417f939559574716e512,1732283404,2024-11-22T13:50:04,50,GB,3,16,64,82,47,FARM,3,10,0
null,Mountain Pass,0,12,9dea1135ca08417f939559574716e512,1732283404,2024-11-22T13:50:04,50,GB,3,17,64,82,44,FARM,3,9,0
null,Mountain Pass,0,12,9dea1135ca08417f939559574716e512,1732283404,2024-11-22T13:50:04,50,GB,3,18,64,82,39,CONCRETE,5,1,0
null,Mountain Pass,0,12,9dea1135ca08417f939559574716e512,1732283404,2024-11-22T13:50:04,50,GB,3,19,64,82,34,CONCRETE,5,4,0
null,Mountain Pass,0,12,9dea1135ca08417f939559574716e512,1732283404,2024-11-22T13:50:04,50,GB,3,20,64,82,31,FARM,3,2,0
null,Mountain Pass,0,12,9dea1135ca08417f939559574716e512,1732283404,2024-11-22T13:50:04,50,GB,3,21,64,82,28,FARM,3,3,0
null,Mountain Pass,0,12,9dea1135ca08417f939559574716e512,1732283404,2024-11-22T13:50:04,50,GB,3,22,64,82,23,CONCRETE,5,0,7
null,Mountain Pass,0,12,9dea1135ca08417f939559574716e512,1732283404,2024-11-22T13:50:04,50,GB,3,23,64,82,20,FARM,3,6,0
null,Mountain Pass,0,12,9dea1135ca08417f939559574716e512,1732283404,2024-11-22T13:50:04,50,GB,4,0,74,165,162,FARM,3,5,4
null,Mountain Pass,0,12,9dea1135ca08417f939559574716e512,1732283404,2024-11-22T13:50:04,50,GB,4,1,74,165,159,FARM,3,5,3
null,Mountain Pass,0,12,9dea1135ca08417f939559574716e512,1732283404,2024-11-22T13:50:04,50,GB,4,2,74,165,156,FARM,3,5,2
null,Mountain Pass,0,12,9dea1135ca08417f939559574716e512,1732283404,2024-11-22T13:50:04,50,GB,4,3,74,165,153,FARM,3,1,7
null,Mountain Pass,0,12,9dea1135ca08417f939559574716e512,1732283404,2024-11-22T13:50:04,50,GB,4,4,74,165,150,FARM,3,1,6
null,Mountain Pass,0,12,9dea1135ca08417f939559574716e512,1732283404,2024-11-22T13:50:04,50,GB,4,5,74,165,147,FARM,3,0,6
null,Mountain Pass,0,12,9dea1135ca08417f939559574716e512,1732283404,2024-11-22T13:50:04,50,GB,4,6,74,165,144,FARM,3,0,5
null,Mountain Pass,0,12,9dea1135ca08417f939559574716e512,1732283404,2024-11-22T13:50:04,50,GB,4,7,74,165,141,FARM,3,0,4
null,Mountain Pass,0,12,9dea1135ca08417f939559574716e512,1732283404,2024-11-22T13:50:04,50,GB,4,8,74,165,138,FARM,3,0,3
null,Mountain Pass,0,12,9dea1135ca08417f939559574716e512,1732283404,2024-11-22T13:50:04,50,GB,4,9,74,165,135,FARM,3,1,3
null,Mountain Pass,0,12,9dea1135ca08417f939559574716e512,1732283404,2024-11-22T13:50:04,50,GB,4,10,74,165,132,FARM,3,2,3
null,Mountain Pass,0,12,9dea1135ca08417f939559574716e512,1732283404,2024-11-22T13:50:04,50,GB,4,11,74,165,129,FARM,3,2,2
null,Mountain Pass,0,12,9dea1135ca08417f939559574716e512,1732283404,2024-11-22T13:50:04,50,GB,4,12,74,165,126,FARM,3,3,2
null,Mountain Pass,0,12,9dea1135ca08417f939559574716e512,1732283404,2024-11-22T13:50:04,50,GB,4,13,74,165,116,PLANT_TREE,10,5,0
null,Mountain Pass,0,12,9dea1135ca08417f939559574716e512,1732283404,2024-11-22T13:50:04,50,GB,4,14,74,165,106,PLANT_TREE,10,6,1
null,Mountain Pass,0,12,9dea1135ca08417f939559574716e512,1732283404,2024-11-22T13:50:04,50,GB,4,15,74,165,96,PLANT_TREE,10,7,1
null,Mountain Pass,0,12,9dea1135ca08417f939559574716e512,1732283404,2024-11-22T13:50:04,50,GB,4,16,74,165,86,PLANT_TREE,10,8,0
null,Mountain Pass,0,12,9dea1135ca08417f939559574716e512,1732283404,2024-11-22T13:50:04,50,GB,4,17,74,165,76,PLANT_TREE,10,4,2
null,Mountain Pass,0,12,9dea1135ca08417f939559574716e512,1732283404,2024-11-22T13:50:04,50,GB,4,18,74,165,66,PLANT_TREE,10,4,1
null,Mountain Pass,0,12,9dea1135ca08417f939559574716e512,1732283404,2024-11-22T13:50:04,50,GB,4,19,74,165,56,PLANT_TREE,10,1,1
null,Mountain Pass,0,12,9dea1135ca08417f939559574716e512,1732283404,2024-11-22T13:50:04,50,GB,5,0,78,394,399,CHOP,-5,12,2
null,Mountain Pass,0,12,9dea1135ca08417f939559574716e512,1732283404,2024-11-22T13:50:04,50,GB,5,1,78,394,404,CHOP,-5,12,2
null,Mountain Pass,0,12,9dea1135ca08417f939559574716e512,1732283404,2024-11-22T13:50:04,50,GB,5,2,78,394,409,CHOP,-5,12,2
null,Mountain Pass,0,12,9dea1135ca08417f939559574716e512,1732283404,2024-11-22T13:50:04,50,GB,5,3,78,394,414,CHOP,-5,12,2
null,Mountain Pass,0,12,9dea1135ca08417f939559574716e512,1732283404,2024-11-22T13:50:04,50,GB,5,4,78,394,419,CHOP,-5,11,2
null,Mountain Pass,0,12,9dea1135ca08417f939559574716e512,1732283404,2024-11-22T13:50:04,50,GB,5,5,78,394,424,CHOP,-5,11,2
null,Mountain Pass,0,12,9dea1135ca08417f939559574716e512,1732283404,2024-11-22T13:50:04,50,GB,5,6,78,394,429,CHOP,-5,11,2
null,Mountain Pass,0,12,9dea1135ca08417f939559574716e512,1732283404,2024-11-22T13:50:04,50,GB,5,7,78,394,434,CHOP,-5,11,2
null,Mountain Pass,0,12,9dea1135ca08417f939559574716e512,1732283404,2024-11-22T13:50:04,50,GB,5,8,78,394,439,CHOP,-5,9,2
null,Mountain Pass,0,12,9dea1135ca08417f939559574716e512,1732283404,2024-11-22T13:50:04,50,GB,5,9,78,394,444,CHOP,-5,9,2
null,Mountain Pass,0,12,9dea1135ca08417f939559574716e512,1732283404,2024-11-22T13:50:04,50,GB,5,10,78,394,449,CHOP,-5,9,2
null,Mountain Pass,0,12,9dea1135ca08417f939559574716e512,1732283404,2024-11-22T13:50:04,50,GB,5,11,78,394,454,CHOP,-5,9,2
null,Mountain Pass,0,12,9dea1135ca08417f939559574716e512,1732283404,2024-11-22T13:50:04,50,GB,5,12,78,394,459,CHOP,-5,9,1
null,Mountain Pass,0,12,9dea1135ca08417f939559574716e512,1732283404,2024-11-22T13:50:04,50,GB,5,13,78,394,464,CHOP,-5,9,1
null,Mountain Pass,0,12,9dea1135ca08417f939559574716e512,1732283404,2024-11-22T13:50:04,50,GB,5,14,78,394,469,CHOP,-5,9,1
null,Mountain Pass,0,12,9dea1135ca08417f939559574716e512,1732283404,2024-11-22T13:50:04,50,GB,5,15,78,394,474,CHOP,-5,9,1
null,Mountain Pass,0,12,9dea1135ca08417f939559574716e512,1732283404,2024-11-22T13:50:04,50,GB,5,16,78,394,479,CHOP,-5,7,0
null,Mountain Pass,0,12,9dea1135ca08417f939559574716e512,1732283404,2024-11-22T13:50:04,50,GB,5,17,78,394,484,CHOP,-5,7,0
null,Mountain Pass,0,12,9dea1135ca08417f939559574716e512,1732283404,2024-11-22T13:50:04,50,GB,5,18,78,394,489,CHOP,-5,7,0
null,Mountain Pass,0,12,9dea1135ca08417f939559574716e512,1732283404,2024-11-22T13:50:04,50,GB,5,19,78,394,494,CHOP,-5,7,0
null,Mountain Pass,0,12,9dea1135ca08417f939559574716e512,1732283404,2024-11-22T13:50:04,50,GB,5,20,78,394,491,FARM,3,12,2
null,Mountain Pass,0,12,9dea1135ca08417f939559574716e512,1732283404,2024-11-22T13:50:04,50,GB,5,21,78,394,488,FARM,3,11,2
null,Mountain Pass,0,12,9dea1135ca08417f939559574716e512,1732283404,2024-11-22T13:50:04,50,GB,5,22,78,394,485,FARM,3,9,2
null,Mountain Pass,0,12,9dea1135ca08417f939559574716e512,1732283404,2024-11-22T13:50:04,50,GB,5,23,78,394,482,FARM,3,9,1
null,Mountain Pass,0,12,9dea1135ca08417f939559574716e512,1732283404,2024-11-22T13:50:04,50,GB,5,24,78,394,479,FARM,3,7,0
null,Mountain Pass,0,12,9dea1135ca08417f939559574716e512,1732283404,2024-11-22T13:50:04,50,GB,6,0,77,488,493,CHOP,-5,8,0
null,Mountain Pass,0,12,9dea1135ca08417f939559574716e512,1732283404,2024-11-22T13:50:04,50,GB,6,1,77,488,498,CHOP,-5,5,0
null,Mountain Pass,0,12,9dea1135ca08417f939559574716e512,1732283404,2024-11-22T13:50:04,50,GB,6,2,77,488,503,CHOP,-5,1,1
null,Mountain Pass,0,12,9dea1135ca08417f939559574716e512,1732283404,2024-11-22T13:50:04,50,GB,6,3,77,488,500,FARM,3,5,0
null,Mountain Pass,0,12,9dea1135ca08417f939559574716e512,1732283404,2024-11-22T13:50:04,50,GB,6,4,77,488,497,FARM,3,8,0
null,Mountain Pass,0,12,9dea1135ca08417f939559574716e512,1732283404,2024-11-22T13:50:04,50,GB,6,5,77,488,494,FARM,3,1,1
null,Mountain Pass,0,12,9dea1135ca08417f939559574716e512,1732283404,2024-11-22T13:50:04,50,GB,7,0,79,518,518,PASS,0,-1,-1
null,Mountain Pass,0,12,9dea1135ca08417f939559574716e512,1732283404,2024-11-22T13:50:04,50,GB,8,0,80,662,662,PASS,0,-1,-1
null,Mountain Pass,0,12,9dea1135ca08417f939559574716e512,1732283404,2024-11-22T13:50:04,50,GB,9,0,80,806,806,PASS,0,-1,-1
null,Mountain Pass,0,12,9dea1135ca08417f939559574716e512,1732283404,2024-11-22T13:50:04,50,GB,10,0,80,950,950,PASS,0,-1,-1
null,Mountain Pass,0,12,9dea1135ca08417f939559574716e512,1732283404,2024-11-22T13:50:04,50,GB,11,0,80,1094,1094,PASS,0,-1,-1
null,Mountain Pass,0,12,a74727dadbdd4b2ab8613231a308a0e4,1732211231,2024-11-21T17:47:11,50,AT,0,0,7,1,6,CHOP,-5,13,3
null,Mountain Pass,0,12,a74727dadbdd4b2ab8613231a308a0e4,1732211231,2024-11-21T17:47:11,50,AT,0,1,7,1,11,CHOP,-5,12,6
null,Mountain Pass,0,12,a74727dadbdd4b2ab8613231a308a0e4,1732211231,2024-11-21T17:47:11,50,AT,0,2,7,1,5,CLEAN,6,4,4
null,Mountain Pass,0,12,a74727dadbdd4b2ab8613231a308a0e4,1732211231,2024-11-21T17:47:11,50,AT,0,3,7,1,2,FARM,3,3,4
null,Mountain Pass,0,12,a74727dadbdd4b2ab8613231a308a0e4,1732211231,2024-11-21T17:47:11,50,AT,1,0,11,1,-5,CLEAN,6,5,3
null,Mountain Pass,0,12,a74727dadbdd4b2ab8613231a308a0e4,1732211231,2024-11-21T17:47:11,50,AT,1,1,11,1,0,CHOP,-5,13,3
null,Mountain Pass,0,12,a74727dadbdd4b2ab8613231a308a0e4,1732211231,2024-11-21T17:47:11,50,AT,1,2,11,1,-6,CLEAN,6,3,3
null,Mountain Pass,0,12,a74727dadbdd4b2ab8613231a308a0e4,1732211231,2024-11-21T17:47:11,50,AT,1,3,11,1,-1,CHOP,-5,8,4
null,Mountain Pass,0,12,a74727dadbdd4b2ab8613231a308a0e4,1732211231,2024-11-21T17:47:11,50,AT,1,4,11,1,-6,CONCRETE,5,5,2
null,Mountain Pass,0,12,a74727dadbdd4b2ab8613231a308a0e4,1732211231,2024-11-21T17:47:11,50,AT,2,0,13,0,-10,PLANT_TREE,10,6,0
null,Mountain Pass,0,12,a74727dadbdd4b2ab8613231a308a0e4,1732211231,2024-11-21T17:47:11,50,AT,2,1,13,0,-13,FARM,3,5,4
null,Mountain Pass,0,12,a74727dadbdd4b2ab8613231a308a0e4,1732211231,2024-11-21T17:47:11,50,AT,3,0,14,1,-9,PLANT_TREE,10,3,2
null,Mountain Pass,0,12,a74727dadbdd4b2ab8613231a308a0e4,1732211231,2024-11-21T17:47:11,50,AT,3,1,14,1,-12,FARM,3,2,3
null,Mountain Pass,0,12,a74727dadbdd4b2ab8613231a308a0e4,1732211231,2024-11-21T17:47:11,50,AT,3,2,14,1,-7,CHOP,-5,12,4
null,Mountain Pass,0,12,a74727dadbdd4b2ab8613231a308a0e4,1732211231,2024-11-21T17:47:11,50,AT,3,3,14,1,-13,CLEAN,6,2,4
null,Mountain Pass,0,12,a74727dadbdd4b2ab8613231a308a0e4,1732211231,2024-11-21T17:47:11,50,AT,4,0,17,0,-5,CONCRETE,5,1,3
null,Mountain Pass,0,12,a74727dadbdd4b2ab8613231a308a0e4,1732211231,2024-11-21T17:47:11,50,AT,4,1,17,0,-11,CLEAN,6,3,5
null,Mountain Pass,0,12,a74727dadbdd4b2ab8613231a308a0e4,1732211231,2024-11-21T17:47:11,50,AT,4,2,17,0,-14,FARM,3,3,3
null,Mountain Pass,0,12,a74727dadbdd4b2ab8613231a308a0e4,1732211231,2024-11-21T17:47:11,50,AT,5,0,19,2,-8,PLANT_TREE,10,0,4
null,Mountain Pass,0,12,a74727dadbdd4b2ab8613231a308a0e4,1732211231,2024-11-21T17:47:11,50,AT,5,1,19,2,-14,CLEAN,6,5,5
null,Mountain Pass,0,12,a74727dadbdd4b2ab8613231a308a0e4,1732211231,2024-11-21T17:47:11,50,AT,6,0,23,0,-6,CLEAN,6,2,2
null,Mountain Pass,0,12,a74727dadbdd4b2ab8613231a308a0e4,1732211231,2024-11-21T17:47:11,50,AT,6,1,23,0,-12,CLEAN,6,4,2
null,Mountain Pass,0,12,a74727dadbdd4b2ab8613231a308a0e4,1732211231,2024-11-21T17:47:11,50,AT,6,2,23,0,-18,CLEAN,6,3,1
null,Mountain Pass,0,12,a74727dadbdd4b2ab8613231a308a0e4,1732211231,2024-11-21T17:47:11,50,AT,6,3,23,0,-13,CHOP,-5,13,3
null,Mountain Pass,0,12,a74727dadbdd4b2ab8613231a308a0e4,1732211231,2024-11-21T17:47:11,50,AT,6,4,23,0,-19,CLEAN,6,1,1
null,Mountain Pass,0,12,a74727dadbdd4b2ab8613231a308a0e4,1732211231,2024-11-21T17:47:11,50,AT,7,0,28,2,-8,PLANT_TREE,10,1,5
null,Mountain Pass,0,12,a74727dadbdd4b2ab8613231a308a0e4,1732211231,2024-11-21T17:47:11,50,AT,7,1,28,2,-14,CLEAN,6,5,1
null,Mountain Pass,0,12,a74727dadbdd4b2ab8613231a308a0e4,1732211231,2024-11-21T17:47:11,50,AT,7,2,28,2,-19,CONCRETE,5,2,4
null,Mountain Pass,0,12,a74727dadbdd4b2ab8613231a308a0e4,1732211231,2024-11-21T17:47:11,50,AT,8,0,36,1,-9,PLANT_TREE,10,1,1
null,Mountain Pass,0,12,a74727dadbdd4b2ab8613231a308a0e4,1732211231,2024-11-21T17:47:11,50,AT,8,1,36,1,-15,CLEAN,6,0,3
null,Mountain Pass,0,12,a74727dadbdd4b2ab8613231a308a0e4,1732211231,2024-11-21T17:47:11,50,AT,8,2,36,1,-20,CONCRETE,5,0,3
null,Mountain Pass,0,12,a74727dadbdd4b2ab8613231a308a0e4,1732211231,2024-11-21T17:47:11,50,AT,8,3,36,1,-26,CLEAN,6,1,7
null,Mountain Pass,0,12,a74727dadbdd4b2ab8613231a308a0e4,1732211231,2024-11-21T17:47:11,50,AT,8,4,36,1,-32,CLEAN,6,3,6
null,Mountain Pass,0,12,a74727dadbdd4b2ab8613231a308a0e4,1732211231,2024-11-21T17:47:11,50,AT,8,5,36,1,-37,CONCRETE,5,3,6
null,Mountain Pass,0,12,a74727dadbdd4b2ab8613231a308a0e4,1732211231,2024-11-21T17:47:11,50,AT,9,0,42,0,-6,CLEAN,6,9,5
null,Mountain Pass,0,12,a74727dadbdd4b2ab8613231a308a0e4,1732211231,2024-11-21T17:47:11,50,AT,9,1,42,0,-12,CLEAN,6,4,7
null,Mountain Pass,0,12,a74727dadbdd4b2ab8613231a308a0e4,1732211231,2024-11-21T17:47:11,50,AT,9,2,42,0,-18,CLEAN,6,6,7
null,Mountain Pass,0,12,a74727dadbdd4b2ab8613231a308a0e4,1732211231,2024-11-21T17:47:11,50,AT,9,3,42,0,-28,PLANT_TREE,10,4,8
null,Mountain Pass,0,12,a74727dadbdd4b2ab8613231a308a0e4,1732211231,2024-11-21T17:47:11,50,AT,9,4,42,0,-31,FARM,3,5,5
null,Mountain Pass,0,12,a74727dadbdd4b2ab8613231a308a0e4,1732211231,2024-11-21T17:47:11,50,AT,9,5,42,0,-37,CLEAN,6,3,8
null,Mountain Pass,0,12,a74727dadbdd4b2ab8613231a308a0e4,1732211231,2024-11-21T17:47:11,50,AT,9,6,42,0,-40,FARM,3,1,7
null,Mountain Pass,0,12,a74727dadbdd4b2ab8613231a308a0e4,1732211231,2024-11-21T17:47:11,50,AT,10,0,47,2,-4,CLEAN,6,5,6
null,Mountain Pass,0,12,a74727dadbdd4b2ab8613231a308a0e4,1732211231,2024-11-21T17:47:11,50,AT,10,1,47,2,-14,PLANT_TREE,10,5,6
null,Mountain Pass,0,12,a74727dadbdd4b2ab8613231a308a0e4,1732211231,2024-11-21T17:47:11,50,AT,10,2,47,2,-20,CLEAN,6,2,0
null,Mountain Pass,0,12,a74727dadbdd4b2ab8613231a308a0e4,1732211231,2024-11-21T17:47:11,50,AT,10,3,47,2,-26,CLEAN,6,4,0
null,Mountain Pass,0,12,a74727dadbdd4b2ab8613231a308a0e4,1732211231,2024-11-21T17:47:11,50,AT,10,4,47,2,-36,PLANT_TREE,10,1,0
null,Mountain Pass,0,12,a74727dadbdd4b2ab8613231a308a0e4,1732211231,2024-11-21T17:47:11,50,AT,10,5,47,2,-39,FARM,3,0,5
null,Mountain Pass,0,12,a74727dadbdd4b2ab8613231a308a0e4,1732211231,2024-11-21T17:47:11,50,AT,10,6,47,2,-45,CLEAN,6,8,2
null,Mountain Pass,0,12,a74727dadbdd4b2ab8613231a308a0e4,1732211231,2024-11-21T17:47:11,50,AT,10,7,47,2,-55,PLANT_TREE,10,8,2
null,Mountain Pass,0,12,a74727dadbdd4b2ab8613231a308a0e4,1732211231,2024-11-21T17:47:11,50,AT,11,0,53,0,-10,PLANT_TREE,10,8,1
null,Mountain Pass,0,12,a74727dadbdd4b2ab8613231a308a0e4,1732211231,2024-11-21T17:47:11,50,AT,11,1,53,0,-13,FARM,3,1,6
null,Mountain Pass,0,12,a74727dadbdd4b2ab8613231a308a0e4,1732211231,2024-11-21T17:47:11,50,AT,11,2,53,0,-16,FARM,3,4,6
null,Mountain Pass,0,12,a74727dadbdd4b2ab8613231a308a0e4,1732211231,2024-11-21T17:47:11,50,AT,11,3,53,0,-21,CONCRETE,5,2,7
null,Mountain Pass,0,12,a74727dadbdd4b2ab8613231a308a0e4,1732211231,2024-11-21T17:47:11,50,AT,11,4,53,0,-27,CLEAN,6,10,6
null,Mountain Pass,0,12,a74727dadbdd4b2ab8613231a308a0e4,1732211231,2024-11-21T17:47:11,50,AT,11,5,53,0,-37,PLANT_TREE,10,3,8
null,Mountain Pass,0,12,a74727dadbdd4b2ab8613231a308a0e4,1732211231,2024-11-21T17:47:11,50,AT,11,6,53,0,-47,PLANT_TREE,10,5,0
null,Mountain Pass,0,12,a74727dadbdd4b2ab8613231a308a0e4,1732211231,2024-11-21T17:47:11,50,AT,11,7,53,0,-53,CLEAN,6,11,5
null,Mountain Pass,0,12,a74727dadbdd4b2ab8613231a308a0e4,1732211231,2024-11-21T17:47:11,50,AT,11,8,53,0,-58,CONCRETE,5,7,1
null,Mountain Pass,0,12,ba24e4e441a1402981ba65ebf102ffac,1732220890,2024-11-21T20:28:10,50,GB,0,0,7,2,7,CHOP,-5,4,5
null,Mountain Pass,0,12,ba24e4e441a1402981ba65ebf102ffac,1732220890,2024-11-21T20:28:10,50,GB,0,1,7,2,12,CHOP,-5,2,6
null,Mountain Pass,0,12,ba24e4e441a1402981ba65ebf102ffac,1732220890,2024-11-21T20:28:10,50,GB,0,2,7,2,17,CHOP,-5,1,4
null,Mountain Pass,0,12,ba24e4e441a1402981ba65ebf102ffac,1732220890,2024-11-21T20:28:10,50,GB,0,3,7,2,22,CHOP,-5,0,6
null,Mountain Pass,0,12,ba24e4e441a1402981ba65ebf102ffac,1732220890,2024-11-21T20:28:10,50,GB,0,4,7,2,19,FARM,3,0,6
null,Mountain Pass,0,12,ba24e4e441a1402981ba65ebf102ffac,1732220890,2024-11-21T20:28:10,50,GB,0,5,7,2,16,FARM,3,1,4
null,Mountain Pass,0,12,ba24e4e441a1402981ba65ebf102ffac,1732220890,2024-11-21T20:28:10,50,GB,0,6,7,2,13,FARM,3,2,6
null,Mountain Pass,0,12,ba24e4e441a1402981ba65ebf102ffac,1732220890,2024-11-21T20:28:10,50,GB,0,7,7,2,10,FARM,3,4,5
null,Mountain Pass,0,12,ba24e4e441a1402981ba65ebf102ffac,1732220890,2024-11-21T20:28:10,50,GB,0,8,7,2,7,FARM,3,14,1
null,Mountain Pass,0,12,ba24e4e441a1402981ba65ebf102ffac,1732220890,2024-11-21T20:28:10,50,GB,0,9,7,2,4,FARM,3,13,1
null,Mountain Pass,0,12,ba24e4e441a1402981ba65ebf102ffac,1732220890,2024-11-21T20:28:10,50,GB,1,0,8,2,-4,CLEAN,6,4,8
null,Mountain Pass,0,12,ba24e4e441a1402981ba65ebf102ffac,1732220890,2024-11-21T20:28:10,50,GB,1,1,8,2,-10,CLEAN,6,6,7
null,Mountain Pass,0,12,ba24e4e441a1402981ba65ebf102ffac,1732220890,2024-11-21T20:28:10,50,GB,1,2,8,2,-13,FARM,3,13,2
null,Mountain Pass,0,12,ba24e4e441a1402981ba65ebf102ffac,1732220890,2024-11-21T20:28:10,50,GB,2,0,10,1,-4,CONCRETE,5,12,3
null,Mountain Pass,0,12,ba24e4e441a1402981ba65ebf102ffac,1732220890,2024-11-21T20:28:10,50,GB,2,1,10,1,-7,FARM,3,14,2
null,Mountain Pass,0,12,ba24e4e441a1402981ba65ebf102ffac,1732220890,2024-11-21T20:28:10,50,GB,2,2,10,1,-10,FARM,3,14,3
null,Mountain Pass,0,12,ba24e4e441a1402981ba65ebf102ffac,1732220890,2024-11-21T20:28:10,50,GB,2,3,10,1,-13,FARM,3,12,1
null,Mountain Pass,0,12,ba24e4e441a1402981ba65ebf102ffac,1732220890,2024-11-21T20:28:10,50,GB,2,4,10,1,-16,FARM,3,11,1
null,Mountain Pass,0,12,ba24e4e441a1402981ba65ebf102ffac,1732220890,2024-11-21T20:28:10,50,GB,3,0,15,2,-4,CLEAN,6,9,6
null,Mountain Pass,0,12,ba24e4e441a1402981ba65ebf102ffac,1732220890,2024-11-21T20:28:10,50,GB,3,1,15,2,-10,CLEAN,6,3,2
null,Mountain Pass,0,12,ba24e4e441a1402981ba65ebf102ffac,1732220890,2024-11-21T20:28:10,50,GB,3,2,15,2,-16,CLEAN,6,4,7
null,Mountain Pass,0,12,ba24e4e441a1402981ba65ebf102ffac,1732220890,2024-11-21T20:28:10,50,GB,3,3,15,2,-19,FARM,3,4,6
null,Mountain Pass,0,12,ba24e4e441a1402981ba65ebf102ffac,1732220890,2024-11-21T20:28:10,50,GB,3,4,15,2,-14,CHOP,-5,8,4
null,Mountain Pass,0,12,ba24e4e441a1402981ba65ebf102ffac,1732220890,2024-11-21T20:28:10,50,GB,3,5,15,2,-9,CHOP,-5,8,4
null,Mountain Pass,0,12,ba24e4e441a1402981ba65ebf102ffac,1732220890,2024-11-21T20:28:10,50,GB,3,6,15,2,-4,CHOP,-5,8,4
null,Mountain Pass,0,12,ba24e4e441a1402981ba65ebf102ffac,1732220890,2024-11-21T20:28:10,50,GB,3,7,15,2,1,CHOP,-5,8,4
null,Mountain Pass,0,12,ba24e4e441a1402981ba65ebf102ffac,1732220890,2024-11-21T20:28:10,50,GB,3,8,15,2,-5,CLEAN,6,3,8
null,Mountain Pass,0,12,ba24e4e441a1402981ba65ebf102ffac,1732220890,2024-11-21T20:28:10,50,GB,3,9,15,2,-11,CLEAN,6,7,1
null,Mountain Pass,0,12,ba24e4e441a1402981ba65ebf102ffac,1732220890,2024-11-21T20:28:10,50,GB,3,10,15,2,-17,CLEAN,6,10,5
null,Mountain Pass,0,12,ba24e4e441a1402981ba65ebf102ffac,1732220890,2024-11-21T20:28:10,50,GB,3,11,15,2,-12,CHOP,-5,7,0
null,Mountain Pass,0,12,ba24e4e441a1402981ba65ebf102ffac,1732220890,2024-11-21T20:28:10,50,GB,3,12,15,2,-7,CHOP,-5,7,0
null,Mountain Pass,0,12,ba24e4e441a1402981ba65ebf102ffac,1732220890,2024-11-21T20:28:10,50,GB,3,13,15,2,-2,CHOP,-5,7,0
null,Mountain Pass,0,12,ba24e4e441a1402981ba65ebf102ffac,1732220890,2024-11-21T20:28:10,50,GB,3,14,15,2,3,CHOP,-5,7,0
null,Mountain Pass,0,12,ba24e4e441a1402981ba65ebf102ffac,1732220890,2024-11-21T20:28:10,50,GB,3,15,15,2,-3,CLEAN,6,6,0
null,Mountain Pass,0,12,ba24e4e441a1402981ba65ebf102ffac,1732220890,2024-11-21T20:28:10,50,GB,3,16,15,2,-8,CONCRETE,5,10,3
null,Mountain Pass,0,12,ba24e4e441a1402981ba65ebf102ffac,1732220890,2024-11-21T20:28:10,50,GB,3,17,15,2,-11,FARM,3,10,2
null,Mountain Pass,0,12,ba24e4e441a1402981ba65ebf102ffac,1732220890,2024-11-21T20:28:10,50,GB,3,18,15,2,-14,FARM,3,10,1
null,Mountain Pass,0,12,ba24e4e441a1402981ba65ebf102ffac,1732220890,2024-11-21T20:28:10,50,GB,3,19,15,2,-17,FARM,3,10,0
null,Mountain Pass,0,12,ba24e4e441a1402981ba65ebf102ffac,1732220890,2024-11-21T20:28:10,50,GB,4,0,19,3,-3,CLEAN,6,3,2
null,Mountain Pass,0,12,ba24e4e441a1402981ba65ebf102ffac,1732220890,2024-11-21T20:28:10,50,GB,4,1,19,3,-9,CLEAN,6,5,1
null,Mountain Pass,0,12,ba24e4e441a1402981ba65ebf102ffac,1732220890,2024-11-21T20:28:10,50,GB,4,2,19,3,-15,CLEAN,6,1,5
null,Mountain Pass,0,12,ba24e4e441a1402981ba65ebf102ffac,1732220890,2024-11-21T20:28:10,50,GB,4,3,19,3,-18,FARM,3,0,5
null,Mountain Pass,0,12,ba24e4e441a1402981ba65ebf102ffac,1732220890,2024-11-21T20:28:10,50,GB,4,4,19,3,-21,FARM,3,1,5
null,Mountain Pass,0,12,ba24e4e441a1402981ba65ebf102ffac,1732220890,2024-11-21T20:28:10,50,GB,4,5,19,3,-24,FARM,3,2,5
null,Mountain Pass,0,12,ba24e4e441a1402981ba65ebf102ffac,1732220890,2024-11-21T20:28:10,50,GB,4,6,19,3,-27,FARM,3,1,6
null,Mountain Pass,0,12,ba24e4e441a1402981ba65ebf102ffac,1732220890,2024-11-21T20:28:10,50,GB,4,7,19,3,-33,CLEAN,6,1,0
null,Mountain Pass,0,12,ba24e4e441a1402981ba65ebf102ffac,1732220890,2024-11-21T20:28:10,50,GB,5,0,22,1,-5,CLEAN,6,3,0
null,Mountain Pass,0,12,ba24e4e441a1402981ba65ebf102ffac,1732220890,2024-11-21T20:28:10,50,GB,5,1,22,1,-11,CLEAN,6,5,1
null,Mountain Pass,0,12,ba24e4e441a1402981ba65ebf102ffac,1732220890,2024-11-21T20:28:10,50,GB,5,2,22,1,-17,CLEAN,6,1,3
null,Mountain Pass,0,12,ba24e4e441a1402981ba65ebf102ffac,1732220890,2024-11-21T20:28:10,50,GB,5,3,22,1,-23,CLEAN,6,1,2
null,Mountain Pass,0,12,ba24e4e441a1402981ba65ebf102ffac,1732220890,2024-11-21T20:28:10,50,GB,5,4,22,1,-29,CLEAN,6,3,4
null,Mountain Pass,0,12,ba24e4e441a1402981ba65ebf102ffac,1732220890,2024-11-21T20:28:10,50,GB,5,5,22,1,-35,CLEAN,6,3,7
null,Mountain Pass,0,12,ba24e4e441a1402981ba65ebf102ffac,1732220890,2024-11-21T20:28:10,50,GB,5,6,22,1,-41,CLEAN,6,5,6
null,Mountain Pass,0,12,ba24e4e441a1402981ba65ebf102ffac,1732220890,2024-11-21T20:28:10,50,GB,5,7,22,1,-47,CLEAN,6,5,4
null,Mountain Pass,0,12,ba24e4e441a1402981ba65ebf102ffac,1732220890,2024-11-21T20:28:10,50,GB,5,8,22,1,-42,CHOP,-5,9,1
null,Mountain Pass,0,12,ba24e4e441a1402981ba65ebf102ffac,1732220890,2024-11-21T20:28:10,50,GB,5,9,22,1,-37,CHOP,-5,9,1
null,Mountain Pass,0,12,ba24e4e441a1402981ba65ebf102ffac,1732220890,2024-11-21T20:28:10,50,GB,5,10,22,1,-32,CHOP,-5,9,1
null,Mountain Pass,0,12,ba24e4e441a1402981ba65ebf102ffac,1732220890,2024-11-21T20:28:10,50,GB,5,11,22,1,-27,CHOP,-5,9,1
null,Mountain Pass,0,12,ba24e4e441a1402981ba65ebf102ffac,1732220890,2024-11-21T20:28:10,50,GB,5,12,22,1,-33,CLEAN,6,0,7
null,Mountain Pass,0,12,ba24e4e441a1402981ba65ebf102ffac,1732220890,2024-11-21T20:28:10,50,GB,5,13,22,1,-39,CLEAN,6,0,4
null,Mountain Pass,0,12,ba24e4e441a1402981ba65ebf102ffac,1732220890,2024-11-21T20:28:10,50,GB,5,14,22,1,-42,FARM,3,13,4
null,Mountain Pass,0,12,ba24e4e441a1402981ba65ebf102ffac,1732220890,2024-11-21T20:28:10,50,GB,5,15,22,1,-45,FARM,3,13,5
null,Mountain Pass,0,12,ba24e4e441a1402981ba65ebf102ffac,1732220890,2024-11-21T20:28:10,50,GB,5,16,22,1,-48,FARM,3,13,6
null,Mountain Pass,0,12,ba24e4e441a1402981ba65ebf102ffac,1732220890,2024-11-21T20:28:10,50,GB,6,0,27,14,11,FARM,3,0,7
null,Mountain Pass,0,12,ba24e4e441a1402981ba65ebf102ffac,1732220890,2024-11-21T20:28:10,50,GB,6,1,27,14,8,FARM,3,1,7
null,Mountain Pass,0,12,ba24e4e441a1402981ba65ebf102ffac,1732220890,2024-11-21T20:28:10,50,GB,6,2,27,14,5,FARM,3,2,7
null,Mountain Pass,0,12,ba24e4e441a1402981ba65ebf102ffac,1732220890,2024-11-21T20:28:10,50,GB,6,3,27,14,2,FARM,3,3,8
null,Mountain Pass,0,12,ba24e4e441a1402981ba65ebf102ffac,1732220890,2024-11-21T20:28:10,50,GB,6,4,27,14,-1,FARM,3,4,8
null,Mountain Pass,0,12,ba24e4e441a1402981ba65ebf102ffac,1732220890,2024-11-21T20:28:10,50,GB,6,5,27,14,-4,FARM,3,3,7
null,Mountain Pass,0,12,ba24e4e441a1402981ba65ebf102ffac,1732220890,2024-11-21T20:28:10,50,GB,6,6,27,14,-7,FARM,3,4,7
null,Mountain Pass,0,12,ba24e4e441a1402981ba65ebf102ffac,1732220890,2024-11-21T20:28:10,50,GB,6,7,27,14,-10,FARM,3,3,6
null,Mountain Pass,0,12,ba24e4e441a1402981ba65ebf102ffac,1732220890,2024-11-21T20:28:10,50,GB,6,8,27,14,-13,FARM,3,3,5
null,Mountain Pass,0,12,ba24e4e441a1402981ba65ebf102ffac,1732220890,2024-11-21T20:28:10,50,GB,6,9,27,14,-16,FARM,3,0,4
null,Mountain Pass,0,12,ba24e4e441a1402981ba65ebf102ffac,1732220890,2024-11-21T20:28:10,50,GB,6,10,27,14,-21,CONCRETE,5,11,4
null,Mountain Pass,0,12,ba24e4e441a1402981ba65ebf102ffac,1732220890,2024-11-21T20:28:10,50,GB,6,11,27,14,-24,FARM,3,12,5
null,Mountain Pass,0,12,ba24e4e441a1402981ba65ebf102ffac,1732220890,2024-11-21T20:28:10,50,GB,6,12,27,14,-27,FARM,3,11,5
null,Mountain Pass,0,12,ba24e4e441a1402981ba65ebf102ffac,1732220890,2024-11-21T20:28:10,50,GB,7,0,35,52,47,CONCRETE,5,2,4
null,Mountain Pass,0,12,ba24e4e441a1402981ba65ebf102ffac,1732220890,2024-11-21T20:28:10,50,GB,7,1,35,52,44,FARM,3,0,3
null,Mountain Pass,0,12,ba24e4e441a1402981ba65ebf102ffac,1732220890,2024-11-21T20:28:10,50,GB,7,2,35,52,41,FARM,3,1,3
null,Mountain Pass,0,12,ba24e4e441a1402981ba65ebf102ffac,1732220890,2024-11-21T20:28:10,50,GB,7,3,35,52,36,CONCRETE,5,9,4
null,Mountain Pass,0,12,ba24e4e441a1402981ba65ebf102ffac,1732220890,2024-11-21T20:28:10,50,GB,7,4,35,52,33,FARM,3,10,5
null,Mountain Pass,0,12,ba24e4e441a1402981ba65ebf102ffac,1732220890,2024-11-21T20:28:10,50,GB,7,5,35,52,30,FARM,3,9,5
null,Mountain Pass,0,12,ba24e4e441a1402981ba65ebf102ffac,1732220890,2024-11-21T20:28:10,50,GB,7,6,35,52,27,FARM,3,9,6
null,Mountain Pass,0,12,ba24e4e441a1402981ba65ebf102ffac,1732220890,2024-11-21T20:28:10,50,GB,7,7,35,52,24,FARM,3,10,6
null,Mountain Pass,0,12,ba24e4e441a1402981ba65ebf102ffac,1732220890,2024-11-21T20:28:10,50,GB,8,0,43,108,105,FARM,3,8,4
null,Mountain Pass,0,12,ba24e4e441a1402981ba65ebf102ffac,1732220890,2024-11-21T20:28:10,50,GB,8,1,43,108,102,FARM,3,8,3
null,Mountain Pass,0,12,ba24e4e441a1402981ba65ebf102ffac,1732220890,2024-11-21T20:28:10,50,GB,8,2,43,108,99,FARM,3,9,3
null,Mountain Pass,0,12,ba24e4e441a1402981ba65ebf102ffac,1732220890,2024-11-21T20:28:10,50,GB,8,3,43,108,96,FARM,3,8,2
null,Mountain Pass,0,12,ba24e4e441a1402981ba65ebf102ffac,1732220890,2024-11-21T20:28:10,50,GB,8,4,43,108,91,CONCRETE,5,9,1
null,Mountain Pass,0,12,ba24e4e441a1402981ba65ebf102ffac,1732220890,2024-11-21T20:28:10,50,GB,8,5,43,108,88,FARM,3,8,1
null,Mountain Pass,0,12,ba24e4e441a1402981ba65ebf102ffac,1732220890,2024-11-21T20:28:10,50,GB,8,6,43,108,85,FARM,3,8,0
null,Mountain Pass,0,12,ba24e4e441a1402981ba65ebf102ffac,1732220890,2024-11-21T20:28:10,50,GB,8,7,43,108,82,FARM,3,9,0
null,Mountain Pass,0,12,ba24e4e441a1402981ba65ebf102ffac,1732220890,2024-11-21T20:28:10,50,GB,8,8,43,108,77,CONCRETE,5,7,1
null,Mountain Pass,0,12,ba24e4e441a1402981ba65ebf102ffac,1732220890,2024-11-21T20:28:10,50,GB,8,9,43,108,74,FARM,3,7,0
null,Mountain Pass,0,12,ba24e4e441a1402981ba65ebf102ffac,1732220890,2024-11-21T20:28:10,50,GB,8,10,43,108,71,FARM,3,6,0
null,Mountain Pass,0,12,ba24e4e441a1402981ba65ebf102ffac,1732220890,2024-11-21T20:28:10,50,GB,8,11,43,108,68,FARM,3,6,1
null,Mountain Pass,0,12,ba24e4e441a1402981ba65ebf102ffac,1732220890,2024-11-21T20:28:10,50,GB,9,0,47,174,171,FARM,3,5,1
null,Mountain Pass,0,12,ba24e4e441a1402981ba65ebf102ffac,1732220890,2024-11-21T20:28:10,50,GB,9,1,47,174,168,FARM,3,5,0
null,Mountain Pass,0,12,ba24e4e441a1402981ba65ebf102ffac,1732220890,2024-11-21T20:28:10,50,GB,9,2,47,174,163,CONCRETE,5,4,1
null,Mountain Pass,0,12,ba24e4e441a1402981ba65ebf102ffac,1732220890,2024-11-21T20:28:10,50,GB,9,3,47,174,160,FARM,3,4,0
null,Mountain Pass,0,12,ba24e4e441a1402981ba65ebf102ffac,1732220890,2024-11-21T20:28:10,50,GB,9,4,47,174,157,FARM,3,3,0
null,Mountain Pass,0,12,ba24e4e441a1402981ba65ebf102ffac,1732220890,2024-11-21T20:28:10,50,GB,9,5,47,174,154,FARM,3,2,0
null,Mountain Pass,0,12,ba24e4e441a1402981ba65ebf102ffac,1732220890,2024-11-21T20:28:10,50,GB,9,6,47,174,151,FARM,3,1,0
null,Mountain Pass,0,12,ba24e4e441a1402981ba65ebf102ffac,1732220890,2024-11-21T20:28:10,50,GB,9,7,47,174,148,FARM,3,1,1
null,Mountain Pass,0,12,ba24e4e441a1402981ba65ebf102ffac,1732220890,2024-11-21T20:28:10,50,GB,9,8,47,174,145,FARM,3,3,1
null,Mountain Pass,0,12,ba24e4e441a1402981ba65ebf102ffac,1732220890,2024-11-21T20:28:10,50,GB,9,9,47,174,142,FARM,3,1,2
null,Mountain Pass,0,12,ba24e4e441a1402981ba65ebf102ffac,1732220890,2024-11-21T20:28:10,50,GB,9,10,47,174,139,FARM,3,3,2
null,Mountain Pass,0,12,ba24e4e441a1402981ba65ebf102ffac,1732220890,2024-11-21T20:28:10,50,GB,9,11,47,174,136,FARM,3,3,3
null,Mountain Pass,0,12,ba24e4e441a1402981ba65ebf102ffac,1732220890,2024-11-21T20:28:10,50,GB,10,0,53,226,216,PLANT_TREE,10,7,7
null,Mountain Pass,0,12,ba24e4e441a1402981ba65ebf102ffac,1732220890,2024-11-21T20:28:10,50,GB,10,1,53,226,206,PLANT_TREE,10,2,2
null,Mountain Pass,0,12,ba24e4e441a1402981ba65ebf102ffac,1732220890,2024-11-21T20:28:10,50,GB,10,2,53,226,196,PLANT_TREE,10,2,3
null,Mountain Pass,0,12,ba24e4e441a1402981ba65ebf102ffac,1732220890,2024-11-21T20:28:10,50,GB,10,3,53,226,186,PLANT_TREE,10,4,2
null,Mountain Pass,0,12,ba24e4e441a1402981ba65ebf102ffac,1732220890,2024-11-21T20:28:10,50,GB,10,4,53,226,176,PLANT_TREE,10,3,4
null,Mountain Pass,0,12,ba24e4e441a1402981ba65ebf102ffac,1732220890,2024-11-21T20:28:10,50,GB,10,5,53,226,173,FARM,3,4,4
null,Mountain Pass,0,12,ba24e4e441a1402981ba65ebf102ffac,1732220890,2024-11-21T20:28:10,50,GB,10,6,53,226,168,CONCRETE,5,5,2
null,Mountain Pass,0,12,ba24e4e441a1402981ba65ebf102ffac,1732220890,2024-11-21T20:28:10,50,GB,10,7,53,226,163,CONCRETE,5,5,3
null,Mountain Pass,0,12,ba24e4e441a1402981ba65ebf102ffac,1732220890,2024-11-21T20:28:10,50,GB,10,8,53,226,160,FARM,3,5,4
null,Mountain Pass,0,12,ba24e4e441a1402981ba65ebf102ffac,1732220890,2024-11-21T20:28:10,50,GB,10,9,53,226,157,FARM,3,5,5
null,Mountain Pass,0,12,ba24e4e441a1402981ba65ebf102ffac,1732220890,2024-11-21T20:28:10,50,GB,11,0,60,314,309,CONCRETE,5,5,6
null,Mountain Pass,0,12,ba24e4e441a1402981ba65ebf102ffac,1732220890,2024-11-21T20:28:10,50,GB,11,1,60,314,304,CONCRETE,5,5,7
null,Mountain Pass,0,12,ba24e4e441a1402981ba65ebf102ffac,1732220890,2024-11-21T20:28:10,50,GB,11,2,60,314,299,CONCRETE,5,6,7
null,Mountain Pass,0,12,bae142e45e1e4aac9f9fc5498ce83601,1732865862,2024-11-29T07:37:42,50,US,0,0,7,0,5,CHOP,-5,7,0
null,Mountain Pass,0,12,bae142e45e1e4aac9f9fc5498ce83601,1732865862,2024-11-29T07:37:42,50,US,0,1,7,0,10,CHOP,-5,9,1
null,Mountain Pass,0,12,bae142e45e1e4aac9f9fc5498ce83601,1732865862,2024-11-29T07:37:42,50,US,0,2,7,0,15,CHOP,-5,9,2
null,Mountain Pass,0,12,bae142e45e1e4aac9f9fc5498ce83601,1732865862,2024-11-29T07:37:42,50,US,0,3,7,0,20,CHOP,-5,8,4
null,Mountain Pass,0,12,bae142e45e1e4aac9f9fc5498ce83601,1732865862,2024-11-29T07:37:42,50,US,0,4,7,0,25,CHOP,-5,10,4
null,Mountain Pass,0,12,bae142e45e1e4aac9f9fc5498ce83601,1732865862,2024-11-29T07:37:42,50,US,0,5,7,0,30,CHOP,-5,11,3
null,Mountain Pass,0,12,bae142e45e1e4aac9f9fc5498ce83601,1732865862,2024-11-29T07:37:42,50,US,0,6,7,0,35,CHOP,-5,11,2
null,Mountain Pass,0,12,bae142e45e1e4aac9f9fc5498ce83601,1732865862,2024-11-29T07:37:42,50,US,0,7,7,0,40,CHOP,-5,12,2
null,Mountain Pass,0,12,bae142e45e1e4aac9f9fc5498ce83601,1732865862,2024-11-29T07:37:42,50,US,0,8,7,0,45,CHOP,-5,13,3
null,Mountain Pass,0,12,bae142e45e1e4aac9f9fc5498ce83601,1732865862,2024-11-29T07:37:42,50,US,0,9,7,0,50,CHOP,-5,12,4
null,Mountain Pass,0,12,bae142e45e1e4aac9f9fc5498ce83601,1732865862,2024-11-29T07:37:42,50,US,0,10,7,0,55,CHOP,-5,11,6
null,Mountain Pass,0,12,bae142e45e1e4aac9f9fc5498ce83601,1732865862,2024-11-29T07:37:42,50,US,0,11,7,0,60,CHOP,-5,12,6
null,Mountain Pass,0,12,bae142e45e1e4aac9f9fc5498ce83601,1732865862,2024-11-29T07:37:42,50,US,0,12,7,0,50,PLANT_TREE,10,9,5
null,Mountain Pass,0,12,bae142e45e1e4aac9f9fc5498ce83601,1732865862,2024-11-29T07:37:42,50,US,0,13,7,0,40,PLANT_TREE,10,10,5
null,Mountain Pass,0,12,bae142e45e1e4aac9f9fc5498ce83601,1732865862,2024-11-29T07:37:42,50,US,0,14,7,0,30,PLANT_TREE,10,11,5
null,Mountain Pass,0,12,bae142e45e1e4aac9f9fc5498ce83601,1732865862,2024-11-29T07:37:42,50,US,0,15,7,0,20,PLANT_TREE,10,12,5
null,Mountain Pass,0,12,bae142e45e1e4aac9f9fc5498ce83601,1732865862,2024-11-29T07:37:42,50,US,0,16,7,0,10,PLANT_TREE,10,13,5
null,Mountain Pass,0,12,bae142e45e1e4aac9f9fc5498ce83601,1732865862,2024-11-29T07:37:42,50,US,0,17,7,0,0,PLANT_TREE,10,13,6
null,Mountain Pass,0,12,bae142e45e1e4aac9f9fc5498ce83601,1732865862,2024-11-29T07:37:42,50,US,1,0,8,1,6,CHOP,-5,7,0
null,Mountain Pass,0,12,bae142e45e1e4aac9f9fc5498ce83601,1732865862,2024-11-29T07:37:42,50,US,1,1,8,1,11,CHOP,-5,9,1
null,Mountain Pass,0,12,bae142e45e1e4aac9f9fc5498ce83601,1732865862,2024-11-29T07:37:42,50,US,1,2,8,1,16,CHOP,-5,11,2
null,Mountain Pass,0,12,bae142e45e1e4aac9f9fc5498ce83601,1732865862,2024-11-29T07:37:42,50,US,1,3,8,1,21,CHOP,-5,11,3
null,Mountain Pass,0,12,bae142e45e1e4aac9f9fc5498ce83601,1732865862,2024-11-29T07:37:42,50,US,1,4,8,1,26,CHOP,-5,10,4
null,Mountain Pass,0,12,bae142e45e1e4aac9f9fc5498ce83601,1732865862,2024-11-29T07:37:42,50,US,1,5,8,1,31,CHOP,-5,11,6
null,Mountain Pass,0,12,bae142e45e1e4aac9f9fc5498ce83601,1732865862,2024-11-29T07:37:42,50,US,1,6,8,1,36,CHOP,-5,12,6
null,Mountain Pass,0,12,bae142e45e1e4aac9f9fc5498ce83601,1732865862,2024-11-29T07:37:42,50,US,1,7,8,1,26,PLANT_TREE,10,8,0
null,Mountain Pass,0,12,bae142e45e1e4aac9f9fc5498ce83601,1732865862,2024-11-29T07:37:42,50,US,1,8,8,1,16,PLANT_TREE,10,8,1
null,Mountain Pass,0,12,bae142e45e1e4aac9f9fc5498ce83601,1732865862,2024-11-29T07:37:42,50,US,1,9,8,1,6,PLANT_TREE,10,8,2
null,Mountain Pass,0,12,bae142e45e1e4aac9f9fc5498ce83601,1732865862,2024-11-29T07:37:42,50,US,1,10,8,1,-4,PLANT_TREE,10,8,3
null,Mountain Pass,0,12,bae142e45e1e4aac9f9fc5498ce83601,1732865862,2024-11-29T07:37:42,50,US,2,0,8,2,7,CHOP,-5,9,1
null,Mountain Pass,0,12,bae142e45e1e4aac9f9fc5498ce83601,1732865862,2024-11-29T07:37:42,50,US,2,1,8,2,12,CHOP,-5,11,2
null,Mountain Pass,0,12,bae142e45e1e4aac9f9fc5498ce83601,1732865862,2024-11-29T07:37:42,50,US,2,2,8,2,17,CHOP,-5,12,2
null,Mountain Pass,0,12,bae142e45e1e4aac9f9fc5498ce83601,1732865862,2024-11-29T07:37:42,50,US,2,3,8,2,22,CHOP,-5,11,3
null,Mountain Pass,0,12,bae142e45e1e4aac9f9fc5498ce83601,1732865862,2024-11-29T07:37:42,50,US,2,4,8,2,27,CHOP,-5,13,3
null,Mountain Pass,0,12,bae142e45e1e4aac9f9fc5498ce83601,1732865862,2024-11-29T07:37:42,50,US,2,5,8,2,32,CHOP,-5,11,6
null,Mountain Pass,0,12,bae142e45e1e4aac9f9fc5498ce83601,1732865862,2024-11-29T07:37:42,50,US,2,6,8,2,22,PLANT_TREE,10,9,0
null,Mountain Pass,0,12,bae142e45e1e4aac9f9fc5498ce83601,1732865862,2024-11-29T07:37:42,50,US,2,7,8,2,12,PLANT_TREE,10,10,0
null,Mountain Pass,0,12,bae142e45e1e4aac9f9fc5498ce83601,1732865862,2024-11-29T07:37:42,50,US,2,8,8,2,2,PLANT_TREE,10,10,1
null,Mountain Pass,0,12,bae142e45e1e4aac9f9fc5498ce83601,1732865862,2024-11-29T07:37:42,50,US,2,9,8,2,-4,CLEAN,6,6,7
null,Mountain Pass,0,12,bae142e45e1e4aac9f9fc5498ce83601,1732865862,2024-11-29T07:37:42,50,US,3,0,9,2,7,CHOP,-5,7,0
null,Mountain Pass,0,12,bae142e45e1e4aac9f9fc5498ce83601,1732865862,2024-11-29T07:37:42,50,US,3,1,9,2,12,CHOP,-5,9,2
null,Mountain Pass,0,12,bae142e45e1e4aac9f9fc5498ce83601,1732865862,2024-11-29T07:37:42,50,US,3,2,9,2,17,CHOP,-5,11,2
null,Mountain Pass,0,12,bae142e45e1e4aac9f9fc5498ce83601,1732865862,2024-11-29T07:37:42,50,US,3,3,9,2,22,CHOP,-5,8,4
null,Mountain Pass,0,12,bae142e45e1e4aac9f9fc5498ce83601,1732865862,2024-11-29T07:37:42,50,US,3,4,9,2,27,CHOP,-5,10,4
null,Mountain Pass,0,12,bae142e45e1e4aac9f9fc5498ce83601,1732865862,2024-11-29T07:37:42,50,US,3,5,9,2,32,CHOP,-5,12,4
null,Mountain Pass,0,12,bae142e45e1e4aac9f9fc5498ce83601,1732865862,2024-11-29T07:37:42,50,US,3,6,9,2,37,CHOP,-5,11,6
null,Mountain Pass,0,12,bae142e45e1e4aac9f9fc5498ce83601,1732865862,2024-11-29T07:37:42,50,US,3,7,9,2,42,CHOP,-5,13,3
null,Mountain Pass,0,12,bae142e45e1e4aac9f9fc5498ce83601,1732865862,2024-11-29T07:37:42,50,US,3,8,9,2,32,PLANT_TREE,10,6,7
null,Mountain Pass,0,12,bae142e45e1e4aac9f9fc5498ce83601,1732865862,2024-11-29T07:37:42,50,US,3,9,9,2,22,PLANT_TREE,10,9,4
null,Mountain Pass,0,12,bae142e45e1e4aac9f9fc5498ce83601,1732865862,2024-11-29T07:37:42,50,US,3,10,9,2,12,PLANT_TREE,10,9,3
null,Mountain Pass,0,12,bae142e45e1e4aac9f9fc5498ce83601,1732865862,2024-11-29T07:37:42,50,US,3,11,9,2,2,PLANT_TREE,10,10,3
null,Mountain Pass,0,12,bae142e45e1e4aac9f9fc5498ce83601,1732865862,2024-11-29T07:37:42,50,US,3,12,9,2,-4,CLEAN,6,1,0
null,Mountain Pass,0,12,bae142e45e1e4aac9f9fc5498ce83601,1732865862,2024-11-29T07:37:42,50,US,4,0,12,0,5,CHOP,-5,9,1
null,Mountain Pass,0,12,bae142e45e1e4aac9f9fc5498ce83601,1732865862,2024-11-29T07:37:42,50,US,4,1,12,0,10,CHOP,-5,11,2
null,Mountain Pass,0,12,bae142e45e1e4aac9f9fc5498ce83601,1732865862,2024-11-29T07:37:42,50,US,4,2,12,0,15,CHOP,-5,12,5
null,Mountain Pass,0,12,bae142e45e1e4aac9f9fc5498ce83601,1732865862,2024-11-29T07:37:42,50,US,4,3,12,0,5,PLANT_TREE,10,11,1
null,Mountain Pass,0,12,bae142e45e1e4aac9f9fc5498ce83601,1732865862,2024-11-29T07:37:42,50,US,4,4,12,0,-5,PLANT_TREE,10,12,1
null,Mountain Pass,0,12,bae142e45e1e4aac9f9fc5498ce83601,1732865862,2024-11-29T07:37:42,50,US,4,5,12,0,-10,CONCRETE,5,5,7
null,Mountain Pass,0,12,bae142e45e1e4aac9f9fc5498ce83601,1732865862,2024-11-29T07:37:42,50,US,5,0,14,5,10,CHOP,-5,7,0
null,Mountain Pass,0,12,bae142e45e1e4aac9f9fc5498ce83601,1732865862,2024-11-29T07:37:42,50,US,5,1,14,5,15,CHOP,-5,11,2
null,Mountain Pass,0,12,bae142e45e1e4aac9f9fc5498ce83601,1732865862,2024-11-29T07:37:42,50,US,5,2,14,5,20,CHOP,-5,8,4
null,Mountain Pass,0,12,bae142e45e1e4aac9f9fc5498ce83601,1732865862,2024-11-29T07:37:42,50,US,5,3,14,5,25,CHOP,-5,9,5
null,Mountain Pass,0,12,bae142e45e1e4aac9f9fc5498ce83601,1732865862,2024-11-29T07:37:42,50,US,5,4,14,5,30,CHOP,-5,10,5
null,Mountain Pass,0,12,bae142e45e1e4aac9f9fc5498ce83601,1732865862,2024-11-29T07:37:42,50,US,5,5,14,5,35,CHOP,-5,11,6
null,Mountain Pass,0,12,bae142e45e1e4aac9f9fc5498ce83601,1732865862,2024-11-29T07:37:42,50,US,5,6,14,5,40,CHOP,-5,12,4
null,Mountain Pass,0,12,bae142e45e1e4aac9f9fc5498ce83601,1732865862,2024-11-29T07:37:42,50,US,5,7,14,5,30,PLANT_TREE,10,13,1
null,Mountain Pass,0,12,bae142e45e1e4aac9f9fc5498ce83601,1732865862,2024-11-29T07:37:42,50,US,5,8,14,5,20,PLANT_TREE,10,14,1
null,Mountain Pass,0,12,bae142e45e1e4aac9f9fc5498ce83601,1732865862,2024-11-29T07:37:42,50,US,5,9,14,5,10,PLANT_TREE,10,14,2
null,Mountain Pass,0,12,bae142e45e1e4aac9f9fc5498ce83601,1732865862,2024-11-29T07:37:42,50,US,5,10,14,5,0,PLANT_TREE,10,13,2
null,Mountain Pass,0,12,bae142e45e1e4aac9f9fc5498ce83601,1732865862,2024-11-29T07:37:42,50,US,6,0,16,1,6,CHOP,-5,12,4
null,Mountain Pass,0,12,bae142e45e1e4aac9f9fc5498ce83601,1732865862,2024-11-29T07:37:42,50,US,6,1,16,1,11,CHOP,-5,11,6
null,Mountain Pass,0,12,bae142e45e1e4aac9f9fc5498ce83601,1732865862,2024-11-29T07:37:42,50,US,6,2,16,1,16,CHOP,-5,4,5
null,Mountain Pass,0,12,bae142e45e1e4aac9f9fc5498ce83601,1732865862,2024-11-29T07:37:42,50,US,6,3,16,1,21,CHOP,-5,6,7
null,Mountain Pass,0,12,bae142e45e1e4aac9f9fc5498ce83601,1732865862,2024-11-29T07:37:42,50,US,6,4,16,1,11,PLANT_TREE,10,10,2
null,Mountain Pass,0,12,bae142e45e1e4aac9f9fc5498ce83601,1732865862,2024-11-29T07:37:42,50,US,6,5,16,1,1,PLANT_TREE,10,12,3
null,Mountain Pass,0,12,bae142e45e1e4aac9f9fc5498ce83601,1732865862,2024-11-29T07:37:42,50,US,6,6,16,1,-9,PLANT_TREE,10,14,3
null,Mountain Pass,0,12,bae142e45e1e4aac9f9fc5498ce83601,1732865862,2024-11-29T07:37:42,50,US,6,7,16,1,-15,CLEAN,6,3,7
null,Mountain Pass,0,12,bae142e45e1e4aac9f9fc5498ce83601,1732865862,2024-11-29T07:37:42,50,US,7,0,18,1,6,CHOP,-5,12,4
null,Mountain Pass,0,12,bae142e45e1e4aac9f9fc5498ce83601,1732865862,2024-11-29T07:37:42,50,US,7,1,18,1,11,CHOP,-5,13,5
null,Mountain Pass,0,12,bae142e45e1e4aac9f9fc5498ce83601,1732865862,2024-11-29T07:37:42,50,US,7,2,18,1,16,CHOP,-5,13,6
null,Mountain Pass,0,12,bae142e45e1e4aac9f9fc5498ce83601,1732865862,2024-11-29T07:37:42,50,US,7,3,18,1,13,FARM,3,3,7
null,Mountain Pass,0,12,bae142e45e1e4aac9f9fc5498ce83601,1732865862,2024-11-29T07:37:42,50,US,7,4,18,1,3,PLANT_TREE,10,11,4
null,Mountain Pass,0,12,bae142e45e1e4aac9f9fc5498ce83601,1732865862,2024-11-29T07:37:42,50,US,7,5,18,1,-7,PLANT_TREE,10,13,4
null,Mountain Pass,0,12,bae142e45e1e4aac9f9fc5498ce83601,1732865862,2024-11-29T07:37:42,50,US,7,6,18,1,-13,CLEAN,6,2,2
null,Mountain Pass,0,12,bae142e45e1e4aac9f9fc5498ce83601,1732865862,2024-11-29T07:37:42,50,US,8,0,22,1,6,CHOP,-5,7,0
null,Mountain Pass,0,12,bae142e45e1e4aac9f9fc5498ce83601,1732865862,2024-11-29T07:37:42,50,US,8,1,22,1,11,CHOP,-5,9,0
null,Mountain Pass,0,12,bae142e45e1e4aac9f9fc5498ce83601,1732865862,2024-11-29T07:37:42,50,US,8,2,22,1,16,CHOP,-5,9,1
null,Mountain Pass,0,12,bae142e45e1e4aac9f9fc5498ce83601,1732865862,2024-11-29T07:37:42,50,US,8,3,22,1,21,CHOP,-5,14,2
null,Mountain Pass,0,12,bae142e45e1e4aac9f9fc5498ce83601,1732865862,2024-11-29T07:37:42,50,US,8,4,22,1,26,CHOP,-5,9,3
null,Mountain Pass,0,12,bae142e45e1e4aac9f9fc5498ce83601,1732865862,2024-11-29T07:37:42,50,US,8,5,22,1,31,CHOP,-5,9,4
null,Mountain Pass,0,12,bae142e45e1e4aac9f9fc5498ce83601,1732865862,2024-11-29T07:37:42,50,US,8,6,22,1,36,CHOP,-5,11,3
null,Mountain Pass,0,12,bae142e45e1e4aac9f9fc5498ce83601,1732865862,2024-11-29T07:37:42,50,US,8,7,22,1,41,CHOP,-5,13,3
null,Mountain Pass,0,12,bae142e45e1e4aac9f9fc5498ce83601,1732865862,2024-11-29T07:37:42,50,US,8,8,22,1,46,CHOP,-5,10,4
null,Mountain Pass,0,12,bae142e45e1e4aac9f9fc5498ce83601,1732865862,2024-11-29T07:37:42,50,US,8,9,22,1,51,CHOP,-5,12,4
null,Mountain Pass,0,12,bae142e45e1e4aac9f9fc5498ce83601,1732865862,2024-11-29T07:37:42,50,US,8,10,22,1,56,CHOP,-5,9,5
null,Mountain Pass,0,12,bae142e45e1e4aac9f9fc5498ce83601,1732865862,2024-11-29T07:37:42,50,US,8,11,22,1,61,CHOP,-5,10,5
null,Mountain Pass,0,12,bae142e45e1e4aac9f9fc5498ce83601,1732865862,2024-11-29T07:37:42,50,US,8,12,22,1,66,CHOP,-5,13,5
null,Mountain Pass,0,12,bae142e45e1e4aac9f9fc5498ce83601,1732865862,2024-11-29T07:37:42,50,US,8,13,22,1,71,CHOP,-5,11,6
null,Mountain Pass,0,12,bae142e45e1e4aac9f9fc5498ce83601,1732865862,2024-11-29T07:37:42,50,US,8,14,22,1,76,CHOP,-5,12,6
null,Mountain Pass,0,12,bae142e45e1e4aac9f9fc5498ce83601,1732865862,2024-11-29T07:37:42,50,US,8,15,22,1,81,CHOP,-5,13,6
null,Mountain Pass,0,12,bae142e45e1e4aac9f9fc5498ce83601,1732865862,2024-11-29T07:37:42,50,US,8,16,22,1,86,CHOP,-5,2,6
null,Mountain Pass,0,12,bae142e45e1e4aac9f9fc5498ce83601,1732865862,2024-11-29T07:37:42,50,US,8,17,22,1,80,CLEAN,6,0,7
null,Mountain Pass,0,12,bae142e45e1e4aac9f9fc5498ce83601,1732865862,2024-11-29T07:37:42,50,US,8,18,22,1,74,CLEAN,6,1,5
null,Mountain Pass,0,12,bae142e45e1e4aac9f9fc5498ce83601,1732865862,2024-11-29T07:37:42,50,US,8,19,22,1,68,CLEAN,6,0,3
null,Mountain Pass,0,12,bae142e45e1e4aac9f9fc5498ce83601,1732865862,2024-11-29T07:37:42,50,US,8,20,22,1,62,CLEAN,6,3,4
null,Mountain Pass,0,12,bae142e45e1e4aac9f9fc5498ce83601,1732865862,2024-11-29T07:37:42,50,US,8,21,22,1,56,CLEAN,6,1,0
null,Mountain Pass,0,12,bae142e45e1e4aac9f9fc5498ce83601,1732865862,2024-11-29T07:37:42,50,US,8,22,22,1,50,CLEAN,6,4,1
null,Mountain Pass,0,12,bae142e45e1e4aac9f9fc5498ce83601,1732865862,2024-11-29T07:37:42,50,US,8,23,22,1,40,PLANT_TREE,10,0,3
null,Mountain Pass,0,12,bae142e45e1e4aac9f9fc5498ce83601,1732865862,2024-11-29T07:37:42,50,US,8,24,22,1,30,PLANT_TREE,10,2,3
null,Mountain Pass,0,12,bae142e45e1e4aac9f9fc5498ce83601,1732865862,2024-11-29T07:37:42,50,US,8,25,22,1,20,PLANT_TREE,10,3,4
null,Mountain Pass,0,12,bae142e45e1e4aac9f9fc5498ce83601,1732865862,2024-11-29T07:37:42,50,US,8,26,22,1,10,PLANT_TREE,10,3,2
null,Mountain Pass,0,12,bae142e45e1e4aac9f9fc5498ce83601,1732865862,2024-11-29T07:37:42,50,US,8,27,22,1,0,PLANT_TREE,10,4,1
null,Mountain Pass,0,12,bae142e45e1e4aac9f9fc5498ce83601,1732865862,2024-11-29T07:37:42,50,US,8,28,22,1,-10,PLANT_TREE,10,1,7
null,Mountain Pass,0,12,bae142e45e1e4aac9f9fc5498ce83601,1732865862,2024-11-29T07:37:42,50,US,8,29,22,1,-15,CONCRETE,5,1,5
null,Mountain Pass,0,12,bae142e45e1e4aac9f9fc5498ce83601,1732865862,2024-11-29T07:37:42,50,US,9,0,26,5,10,CHOP,-5,7,0
null,Mountain Pass,0,12,bae142e45e1e4aac9f9fc5498ce83601,1732865862,2024-11-29T07:37:42,50,US,9,1,26,5,15,CHOP,-5,9,1
null,Mountain Pass,0,12,bae142e45e1e4aac9f9fc5498ce83601,1732865862,2024-11-29T07:37:42,50,US,9,2,26,5,20,CHOP,-5,10,1
null,Mountain Pass,0,12,bae142e45e1e4aac9f9fc5498ce83601,1732865862,2024-11-29T07:37:42,50,US,9,3,26,5,25,CHOP,-5,11,2
null,Mountain Pass,0,12,bae142e45e1e4aac9f9fc5498ce83601,1732865862,2024-11-29T07:37:42,50,US,9,4,26,5,30,CHOP,-5,12,2
null,Mountain Pass,0,12,bae142e45e1e4aac9f9fc5498ce83601,1732865862,2024-11-29T07:37:42,50,US,9,5,26,5,35,CHOP,-5,13,2
null,Mountain Pass,0,12,bae142e45e1e4aac9f9fc5498ce83601,1732865862,2024-11-29T07:37:42,50,US,9,6,26,5,40,CHOP,-5,8,3
null,Mountain Pass,0,12,bae142e45e1e4aac9f9fc5498ce83601,1732865862,2024-11-29T07:37:42,50,US,9,7,26,5,45,CHOP,-5,9,3
null,Mountain Pass,0,12,bae142e45e1e4aac9f9fc5498ce83601,1732865862,2024-11-29T07:37:42,50,US,9,8,26,5,50,CHOP,-5,10,3
null,Mountain Pass,0,12,bae142e45e1e4aac9f9fc5498ce83601,1732865862,2024-11-29T07:37:42,50,US,9,9,26,5,55,CHOP,-5,11,3
null,Mountain Pass,0,12,bae142e45e1e4aac9f9fc5498ce83601,1732865862,2024-11-29T07:37:42,50,US,9,10,26,5,60,CHOP,-5,13,3
null,Mountain Pass,0,12,bae142e45e1e4aac9f9fc5498ce83601,1732865862,2024-11-29T07:37:42,50,US,9,11,26,5,65,CHOP,-5,8,4
null,Mountain Pass,0,12,bae142e45e1e4aac9f9fc5498ce83601,1732865862,2024-11-29T07:37:42,50,US,9,12,26,5,70,CHOP,-5,10,4
null,Mountain Pass,0,12,bae142e45e1e4aac9f9fc5498ce83601,1732865862,2024-11-29T07:37:42,50,US,9,13,26,5,75,CHOP,-5,12,4
null,Mountain Pass,0,12,bae142e45e1e4aac9f9fc5498ce83601,1732865862,2024-11-29T07:37:42,50,US,9,14,26,5,80,CHOP,-5,10,5
null,Mountain Pass,0,12,bae142e45e1e4aac9f9fc5498ce83601,1732865862,2024-11-29T07:37:42,50,US,9,15,26,5,85,CHOP,-5,12,5
null,Mountain Pass,0,12,bae142e45e1e4aac9f9fc5498ce83601,1732865862,2024-11-29T07:37:42,50,US,9,16,26,5,90,CHOP,-5,13,5
null,Mountain Pass,0,12,bae142e45e1e4aac9f9fc5498ce83601,1732865862,2024-11-29T07:37:42,50,US,9,17,26,5,95,CHOP,-5,13,6
null,Mountain Pass,0,12,bae142e45e1e4aac9f9fc5498ce83601,1732865862,2024-11-29T07:37:42,50,US,9,18,26,5,100,CHOP,-5,6,7
null,Mountain Pass,0,12,bae142e45e1e4aac9f9fc5498ce83601,1732865862,2024-11-29T07:37:42,50,US,9,19,26,5,105,CHOP,-5,2,6
null,Mountain Pass,0,12,bae142e45e1e4aac9f9fc5498ce83601,1732865862,2024-11-29T07:37:42,50,US,9,20,26,5,95,PLANT_TREE,10,7,7
null,Mountain Pass,0,12,bae142e45e1e4aac9f9fc5498ce83601,1732865862,2024-11-29T07:37:42,50,US,9,21,26,5,85,PLANT_TREE,10,3,8
null,Mountain Pass,0,12,bae142e45e1e4aac9f9fc5498ce83601,1732865862,2024-11-29T07:37:42,50,US,9,22,26,5,75,PLANT_TREE,10,0,7
null,Mountain Pass,0,12,bae142e45e1e4aac9f9fc5498ce83601,1732865862,2024-11-29T07:37:42,50,US,9,23,26,5,65,PLANT_TREE,10,1,0
null,Mountain Pass,0,12,bae142e45e1e4aac9f9fc5498ce83601,1732865862,2024-11-29T07:37:42,50,US,9,24,26,5,59,CLEAN,6,4,8
null,Mountain Pass,0,12,bae142e45e1e4aac9f9fc5498ce83601,1732865862,2024-11-29T07:37:42,50,US,9,25,26,5,53,CLEAN,6,4,6
null,Mountain Pass,0,12,bae142e45e1e4aac9f9fc5498ce83601,1732865862,2024-11-29T07:37:42,50,US,9,26,26,5,47,CLEAN,6,5,5
null,Mountain Pass,0,12,bae142e45e1e4aac9f9fc5498ce83601,1732865862,2024-11-29T07:37:42,50,US,9,27,26,5,41,CLEAN,6,5,3
null,Mountain Pass,0,12,bae142e45e1e4aac9f9fc5498ce83601,1732865862,2024-11-29T07:37:42,50,US,9,28,26,5,35,CLEAN,6,3,0
null,Mountain Pass,0,12,bae142e45e1e4aac9f9fc5498ce83601,1732865862,2024-11-29T07:37:42,50,US,9,29,26,5,29,CLEAN,6,5,0
null,Mountain Pass,0,12,bae142e45e1e4aac9f9fc5498ce83601,1732865862,2024-11-29T07:37:42,50,US,9,30,26,5,23,CLEAN,6,6,1
null,Mountain Pass,0,12,bae142e45e1e4aac9f9fc5498ce83601,1732865862,2024-11-29T07:37:42,50,US,9,31,26,5,17,CLEAN,6,9,6
null,Mountain Pass,0,12,bae142e45e1e4aac9f9fc5498ce83601,1732865862,2024-11-29T07:37:42,50,US,9,32,26,5,7,PLANT_TREE,10,9,6
null,Mountain Pass,0,12,bae142e45e1e4aac9f9fc5498ce83601,1732865862,2024-11-29T07:37:42,50,US,9,33,26,5,-3,PLANT_TREE,10,10,6
null,Mountain Pass,0,12,bae142e45e1e4aac9f9fc5498ce83601,1732865862,2024-11-29T07:37:42,50,US,9,34,26,5,-13,PLANT_TREE,10,4,8
null,Mountain Pass,0,12,bae142e45e1e4aac9f9fc5498ce83601,1732865862,2024-11-29T07:37:42,50,US,10,0,36,66,71,CHOP,-5,7,0
null,Mountain Pass,0,12,bae142e45e1e4aac9f9fc5498ce83601,1732865862,2024-11-29T07:37:42,50,US,10,1,36,66,76,CHOP,-5,9,0
null,Mountain Pass,0,12,bae142e45e1e4aac9f9fc5498ce83601,1732865862,2024-11-29T07:37:42,50,US,10,2,36,66,81,CHOP,-5,10,0
null,Mountain Pass,0,12,bae142e45e1e4aac9f9fc5498ce83601,1732865862,2024-11-29T07:37:42,50,US,10,3,36,66,86,CHOP,-5,8,1
null,Mountain Pass,0,12,bae142e45e1e4aac9f9fc5498ce83601,1732865862,2024-11-29T07:37:42,50,US,10,4,36,66,91,CHOP,-5,9,1
null,Mountain Pass,0,12,bae142e45e1e4aac9f9fc5498ce83601,1732865862,2024-11-29T07:37:42,50,US,10,5,36,66,96,CHOP,-5,10,1
null,Mountain Pass,0,12,bae142e45e1e4aac9f9fc5498ce83601,1732865862,2024-11-29T07:37:42,50,US,10,6,36,66,101,CHOP,-5,12,1
null,Mountain Pass,0,12,bae142e45e1e4aac9f9fc5498ce83601,1732865862,2024-11-29T07:37:42,50,US,10,7,36,66,106,CHOP,-5,11,2
null,Mountain Pass,0,12,bae142e45e1e4aac9f9fc5498ce83601,1732865862,2024-11-29T07:37:42,50,US,10,8,36,66,111,CHOP,-5,13,2
null,Mountain Pass,0,12,bae142e45e1e4aac9f9fc5498ce83601,1732865862,2024-11-29T07:37:42,50,US,10,9,36,66,116,CHOP,-5,14,2
null,Mountain Pass,0,12,bae142e45e1e4aac9f9fc5498ce83601,1732865862,2024-11-29T07:37:42,50,US,10,10,36,66,121,CHOP,-5,8,3
null,Mountain Pass,0,12,bae142e45e1e4aac9f9fc5498ce83601,1732865862,2024-11-29T07:37:42,50,US,10,11,36,66,126,CHOP,-5,11,3
null,Mountain Pass,0,12,bae142e45e1e4aac9f9fc5498ce83601,1732865862,2024-11-29T07:37:42,50,US,10,12,36,66,131,CHOP,-5,14,3
null,Mountain Pass,0,12,bae142e45e1e4aac9f9fc5498ce83601,1732865862,2024-11-29T07:37:42,50,US,10,13,36,66,136,CHOP,-5,9,4
null,Mountain Pass,0,12,bae142e45e1e4aac9f9fc5498ce83601,1732865862,2024-11-29T07:37:42,50,US,10,14,36,66,141,CHOP,-5,11,4
null,Mountain Pass,0,12,bae142e45e1e4aac9f9fc5498ce83601,1732865862,2024-11-29T07:37:42,50,US,10,15,36,66,146,CHOP,-5,11,5
null,Mountain Pass,0,12,bae142e45e1e4aac9f9fc5498ce83601,1732865862,2024-11-29T07:37:42,50,US,10,16,36,66,151,CHOP,-5,12,5
null,Mountain Pass,0,12,bae142e45e1e4aac9f9fc5498ce83601,1732865862,2024-11-29T07:37:42,50,US,10,17,36,66,156,CHOP,-5,13,5
null,Mountain Pass,0,12,bae142e45e1e4aac9f9fc5498ce83601,1732865862,2024-11-29T07:37:42,50,US,10,18,36,66,161,CHOP,-5,11,6
null,Mountain Pass,0,12,bae142e45e1e4aac9f9fc5498ce83601,1732865862,2024-11-29T07:37:42,50,US,10,19,36,66,166,CHOP,-5,12,5
null,Mountain Pass,0,12,bae142e45e1e4aac9f9fc5498ce83601,1732865862,2024-11-29T07:37:42,50,US,10,20,36,66,171,CHOP,-5,12,6
null,Mountain Pass,0,12,bae142e45e1e4aac9f9fc5498ce83601,1732865862,2024-11-29T07:37:42,50,US,10,21,36,66,176,CHOP,-5,13,6
null,Mountain Pass,0,12,bae142e45e1e4aac9f9fc5498ce83601,1732865862,2024-11-29T07:37:42,50,US,10,22,36,66,181,CHOP,-5,6,7
null,Mountain Pass,0,12,bae142e45e1e4aac9f9fc5498ce83601,1732865862,2024-11-29T07:37:42,50,US,10,23,36,66,186,CHOP,-5,4,5
null,Mountain Pass,0,12,bae142e45e1e4aac9f9fc5498ce83601,1732865862,2024-11-29T07:37:42,50,US,10,24,36,66,176,PLANT_TREE,10,5,0
null,Mountain Pass,0,12,bae142e45e1e4aac9f9fc5498ce83601,1732865862,2024-11-29T07:37:42,50,US,10,25,36,66,166,PLANT_TREE,10,3,0
null,Mountain Pass,0,12,bae142e45e1e4aac9f9fc5498ce83601,1732865862,2024-11-29T07:37:42,50,US,10,26,36,66,156,PLANT_TREE,10,5,2
null,Mountain Pass,0,12,bae142e45e1e4aac9f9fc5498ce83601,1732865862,2024-11-29T07:37:42,50,US,10,27,36,66,146,PLANT_TREE,10,5,4
null,Mountain Pass,0,12,bae142e45e1e4aac9f9fc5498ce83601,1732865862,2024-11-29T07:37:42,50,US,10,28,36,66,136,PLANT_TREE,10,1,2
null,Mountain Pass,0,12,bae142e45e1e4aac9f9fc5498ce83601,1732865862,2024-11-29T07:37:42,50,US,10,29,36,66,126,PLANT_TREE,10,6,1
null,Mountain Pass,0,12,bae142e45e1e4aac9f9fc5498ce83601,1732865862,2024-11-29T07:37:42,50,US,10,30,36,66,121,CONCRETE,5,1,3
null,Mountain Pass,0,12,bae142e45e1e4aac9f9fc5498ce83601,1732865862,2024-11-29T07:37:42,50,US,10,31,36,66,116,CONCRETE,5,1,1
null,Mountain Pass,0,12,bae142e45e1e4aac9f9fc5498ce83601,1732865862,2024-11-29T07:37:42,50,US,10,32,36,66,111,CONCRETE,5,3,3
null,Mountain Pass,0,12,bae142e45e1e4aac9f9fc5498ce83601,1732865862,2024-11-29T07:37:42,50,US,10,33,36,66,106,CONCRETE,5,3,5
null,Mountain Pass,0,12,bae142e45e1e4aac9f9fc5498ce83601,1732865862,2024-11-29T07:37:42,50,US,10,34,36,66,101,CONCRETE,5,4,6
null,Mountain Pass,0,12,bae142e45e1e4aac9f9fc5498ce83601,1732865862,2024-11-29T07:37:42,50,US,11,0,41,107,107,PASS,0,-1,-1
null,Mountain Pass,0,12,cdda09bed1de45168b6e05cc33cecc13,1731615957,2024-11-14T20:25:57,50,GB,0,0,7,2,7,CHOP,-5,9,2
null,Mountain Pass,0,12,cdda09bed1de45168b6e05cc33cecc13,1731615957,2024-11-14T20:25:57,50,GB,0,1,7,2,12,CHOP,-5,9,1
null,Mountain Pass,0,12,cdda09bed1de45168b6e05cc33cecc13,1731615957,2024-11-14T20:25:57,50,GB,0,2,7,2,17,CHOP,-5,11,2
null,Mountain Pass,0,12,cdda09bed1de45168b6e05cc33cecc13,1731615957,2024-11-14T20:25:57,50,GB,0,3,7,2,22,CHOP,-5,12,2
null,Mountain Pass,0,12,cdda09bed1de45168b6e05cc33cecc13,1731615957,2024-11-14T20:25:57,50,GB,0,4,7,2,27,CHOP,-5,11,3
null,Mountain Pass,0,12,cdda09bed1de45168b6e05cc33cecc13,1731615957,2024-11-14T20:25:57,50,GB,0,5,7,2,32,CHOP,-5,10,4
null,Mountain Pass,0,12,cdda09bed1de45168b6e05cc33cecc13,1731615957,2024-11-14T20:25:57,50,GB,0,6,7,2,37,CHOP,-5,8,4
null,Mountain Pass,0,12,cdda09bed1de45168b6e05cc33cecc13,1731615957,2024-11-14T20:25:57,50,GB,0,7,7,2,42,CHOP,-5,12,6
null,Mountain Pass,0,12,cdda09bed1de45168b6e05cc33cecc13,1731615957,2024-11-14T20:25:57,50,GB,0,8,7,2,47,CHOP,-5,11,6
null,Mountain Pass,0,12,cdda09bed1de45168b6e05cc33cecc13,1731615957,2024-11-14T20:25:57,50,GB,0,9,7,2,52,CHOP,-5,12,4
null,Mountain Pass,0,12,cdda09bed1de45168b6e05cc33cecc13,1731615957,2024-11-14T20:25:57,50,GB,0,10,7,2,57,CHOP,-5,13,3
null,Mountain Pass,0,12,cdda09bed1de45168b6e05cc33cecc13,1731615957,2024-11-14T20:25:57,50,GB,0,11,7,2,62,CHOP,-5,7,0
null,Mountain Pass,0,12,cdda09bed1de45168b6e05cc33cecc13,1731615957,2024-11-14T20:25:57,50,GB,0,12,7,2,67,CHOP,-5,1,4
null,Mountain Pass,0,12,cdda09bed1de45168b6e05cc33cecc13,1731615957,2024-11-14T20:25:57,50,GB,0,13,7,2,72,CHOP,-5,4,5
null,Mountain Pass,0,12,cdda09bed1de45168b6e05cc33cecc13,1731615957,2024-11-14T20:25:57,50,GB,0,14,7,2,77,CHOP,-5,2,6
null,Mountain Pass,0,12,cdda09bed1de45168b6e05cc33cecc13,1731615957,2024-11-14T20:25:57,50,GB,0,15,7,2,82,CHOP,-5,0,6
null,Mountain Pass,0,12,cdda09bed1de45168b6e05cc33cecc13,1731615957,2024-11-14T20:25:57,50,GB,0,16,7,2,76,CLEAN,6,9,6
null,Mountain Pass,0,12,cdda09bed1de45168b6e05cc33cecc13,1731615957,2024-11-14T20:25:57,50,GB,0,17,7,2,70,CLEAN,6,3,2
null,Mountain Pass,0,12,cdda09bed1de45168b6e05cc33cecc13,1731615957,2024-11-14T20:25:57,50,GB,0,18,7,2,64,CLEAN,6,2,4
null,Mountain Pass,0,12,cdda09bed1de45168b6e05cc33cecc13,1731615957,2024-11-14T20:25:57,50,GB,0,19,7,2,58,CLEAN,6,0,5
null,Mountain Pass,0,12,cdda09bed1de45168b6e05cc33cecc13,1731615957,2024-11-14T20:25:57,50,GB,0,20,7,2,52,CLEAN,6,1,3
null,Mountain Pass,0,12,cdda09bed1de45168b6e05cc33cecc13,1731615957,2024-11-14T20:25:57,50,GB,0,21,7,2,49,FARM,3,0,6
null,Mountain Pass,0,12,cdda09bed1de45168b6e05cc33cecc13,1731615957,2024-11-14T20:25:57,50,GB,0,22,7,2,46,FARM,3,0,5
null,Mountain Pass,0,12,cdda09bed1de45168b6e05cc33cecc13,1731615957,2024-11-14T20:25:57,50,GB,0,23,7,2,43,FARM,3,0,4
null,Mountain Pass,0,12,cdda09bed1de45168b6e05cc33cecc13,1731615957,2024-11-14T20:25:57,50,GB,0,24,7,2,40,FARM,3,0,3
null,Mountain Pass,0,12,cdda09bed1de45168b6e05cc33cecc13,1731615957,2024-11-14T20:25:57,50,GB,0,25,7,2,37,FARM,3,1,5
null,Mountain Pass,0,12,cdda09bed1de45168b6e05cc33cecc13,1731615957,2024-11-14T20:25:57,50,GB,0,26,7,2,34,FARM,3,1,4
null,Mountain Pass,0,12,cdda09bed1de45168b6e05cc33cecc13,1731615957,2024-11-14T20:25:57,50,GB,0,27,7,2,28,CLEAN,6,1,7
null,Mountain Pass,0,12,cdda09bed1de45168b6e05cc33cecc13,1731615957,2024-11-14T20:25:57,50,GB,0,28,7,2,22,CLEAN,6,1,0
null,Mountain Pass,0,12,cdda09bed1de45168b6e05cc33cecc13,1731615957,2024-11-14T20:25:57,50,GB,0,29,7,2,16,CLEAN,6,4,0
null,Mountain Pass,0,12,cdda09bed1de45168b6e05cc33cecc13,1731615957,2024-11-14T20:25:57,50,GB,0,30,7,2,10,CLEAN,6,6,1
null,Mountain Pass,0,12,cdda09bed1de45168b6e05cc33cecc13,1731615957,2024-11-14T20:25:57,50,GB,0,31,7,2,4,CLEAN,6,5,3
null,Mountain Pass,0,12,cdda09bed1de45168b6e05cc33cecc13,1731615957,2024-11-14T20:25:57,50,GB,1,0,9,2,-4,CLEAN,6,3,6
null,Mountain Pass,0,12,cdda09bed1de45168b6e05cc33cecc13,1731615957,2024-11-14T20:25:57,50,GB,1,1,9,2,-10,CLEAN,6,4,4
null,Mountain Pass,0,12,cdda09bed1de45168b6e05cc33cecc13,1731615957,2024-11-14T20:25:57,50,GB,1,2,9,2,-16,CLEAN,6,5,6
null,Mountain Pass,0,12,cdda09bed1de45168b6e05cc33cecc13,1731615957,2024-11-14T20:25:57,50,GB,1,3,9,2,-11,CHOP,-5,8,4
null,Mountain Pass,0,12,cdda09bed1de45168b6e05cc33cecc13,1731615957,2024-11-14T20:25:57,50,GB,1,4,9,2,-6,CHOP,-5,10,4
null,Mountain Pass,0,12,cdda09bed1de45168b6e05cc33cecc13,1731615957,2024-11-14T20:25:57,50,GB,1,5,9,2,-1,CHOP,-5,11,2
null,Mountain Pass,0,12,cdda09bed1de45168b6e05cc33cecc13,1731615957,2024-11-14T20:25:57,50,GB,1,6,9,2,-4,FARM,3,1,6
null,Mountain Pass,0,12,cdda09bed1de45168b6e05cc33cecc13,1731615957,2024-11-14T20:25:57,50,GB,1,7,9,2,-10,CLEAN,6,2,6
null,Mountain Pass,0,12,cdda09bed1de45168b6e05cc33cecc13,1731615957,2024-11-14T20:25:57,50,GB,1,8,9,2,-16,CLEAN,6,4,8
null,Mountain Pass,0,12,cdda09bed1de45168b6e05cc33cecc13,1731615957,2024-11-14T20:25:57,50,GB,1,9,9,2,-11,CHOP,-5,12,4
null,Mountain Pass,0,12,cdda09bed1de45168b6e05cc33cecc13,1731615957,2024-11-14T20:25:57,50,GB,1,10,9,2,-6,CHOP,-5,13,3
null,Mountain Pass,0,12,cdda09bed1de45168b6e05cc33cecc13,1731615957,2024-11-14T20:25:57,50,GB,1,11,9,2,-12,CLEAN,6,6,7
null,Mountain Pass,0,12,cdda09bed1de45168b6e05cc33cecc13,1731615957,2024-11-14T20:25:57,50,GB,1,12,9,2,-15,FARM,3,1,3
null,Mountain Pass,0,12,cdda09bed1de45168b6e05cc33cecc13,1731615957,2024-11-14T20:25:57,50,GB,2,0,11,0,-10,PLANT_TREE,10,9,3
null,Mountain Pass,0,12,cdda09bed1de45168b6e05cc33cecc13,1731615957,2024-11-14T20:25:57,50,GB,2,1,11,0,-20,PLANT_TREE,10,9,4
null,Mountain Pass,0,12,cdda09bed1de45168b6e05cc33cecc13,1731615957,2024-11-14T20:25:57,50,GB,2,2,11,0,-23,FARM,3,0,7
null,Mountain Pass,0,12,cdda09bed1de45168b6e05cc33cecc13,1731615957,2024-11-14T20:25:57,50,GB,3,0,13,1,-9,PLANT_TREE,10,12,3
null,Mountain Pass,0,12,cdda09bed1de45168b6e05cc33cecc13,1731615957,2024-11-14T20:25:57,50,GB,3,1,13,1,-12,FARM,3,1,7
null,Mountain Pass,0,12,cdda09bed1de45168b6e05cc33cecc13,1731615957,2024-11-14T20:25:57,50,GB,3,2,13,1,-15,FARM,3,2,3
null,Mountain Pass,0,12,cdda09bed1de45168b6e05cc33cecc13,1731615957,2024-11-14T20:25:57,50,GB,3,3,13,1,-18,FARM,3,2,4
null,Mountain Pass,0,12,cdda09bed1de45168b6e05cc33cecc13,1731615957,2024-11-14T20:25:57,50,GB,3,4,13,1,-21,FARM,3,2,5
null,Mountain Pass,0,12,cdda09bed1de45168b6e05cc33cecc13,1731615957,2024-11-14T20:25:57,50,GB,3,5,13,1,-24,FARM,3,2,6
null,Mountain Pass,0,12,cdda09bed1de45168b6e05cc33cecc13,1731615957,2024-11-14T20:25:57,50,GB,4,0,21,3,0,FARM,3,2,7
null,Mountain Pass,0,12,cdda09bed1de45168b6e05cc33cecc13,1731615957,2024-11-14T20:25:57,50,GB,4,1,21,3,-5,CONCRETE,5,3,1
null,Mountain Pass,0,12,cdda09bed1de45168b6e05cc33cecc13,1731615957,2024-11-14T20:25:57,50,GB,4,2,21,3,-10,CONCRETE,5,4,1
null,Mountain Pass,0,12,cdda09bed1de45168b6e05cc33cecc13,1731615957,2024-11-14T20:25:57,50,GB,4,3,21,3,-15,CONCRETE,5,4,2
null,Mountain Pass,0,12,cdda09bed1de45168b6e05cc33cecc13,1731615957,2024-11-14T20:25:57,50,GB,4,4,21,3,-25,PLANT_TREE,10,10,3
null,Mountain Pass,0,12,cdda09bed1de45168b6e05cc33cecc13,1731615957,2024-11-14T20:25:57,50,GB,5,0,25,21,26,CHOP,-5,7,0
null,Mountain Pass,0,12,cdda09bed1de45168b6e05cc33cecc13,1731615957,2024-11-14T20:25:57,50,GB,5,1,25,21,31,CHOP,-5,7,0
null,Mountain Pass,0,12,cdda09bed1de45168b6e05cc33cecc13,1731615957,2024-11-14T20:25:57,50,GB,5,2,25,21,36,CHOP,-5,7,0
null,Mountain Pass,0,12,cdda09bed1de45168b6e05cc33cecc13,1731615957,2024-11-14T20:25:57,50,GB,5,3,25,21,41,CHOP,-5,7,0
null,Mountain Pass,0,12,cdda09bed1de45168b6e05cc33cecc13,1731615957,2024-11-14T20:25:57,50,GB,5,4,25,21,31,PLANT_TREE,10,11,4
null,Mountain Pass,0,12,cdda09bed1de45168b6e05cc33cecc13,1731615957,2024-11-14T20:25:57,50,GB,5,5,25,21,21,PLANT_TREE,10,14,3
null,Mountain Pass,0,12,cdda09bed1de45168b6e05cc33cecc13,1731615957,2024-11-14T20:25:57,50,GB,5,6,25,21,11,PLANT_TREE,10,14,2
null,Mountain Pass,0,12,cdda09bed1de45168b6e05cc33cecc13,1731615957,2024-11-14T20:25:57,50,GB,5,7,25,21,1,PLANT_TREE,10,13,2
null,Mountain Pass,0,12,cdda09bed1de45168b6e05cc33cecc13,1731615957,2024-11-14T20:25:57,50,GB,5,8,25,21,-9,PLANT_TREE,10,14,1
null,Mountain Pass,0,12,cdda09bed1de45168b6e05cc33cecc13,1731615957,2024-11-14T20:25:57,50,GB,5,9,25,21,-19,PLANT_TREE,10,13,1
null,Mountain Pass,0,12,cdda09bed1de45168b6e05cc33cecc13,1731615957,2024-11-14T20:25:57,50,GB,6,0,29,6,-4,PLANT_TREE,10,13,4
null,Mountain Pass,0,12,cdda09bed1de45168b6e05cc33cecc13,1731615957,2024-11-14T20:25:57,50,GB,6,1,29,6,-14,PLANT_TREE,10,13,5
null,Mountain Pass,0,12,cdda09bed1de45168b6e05cc33cecc13,1731615957,2024-11-14T20:25:57,50,GB,6,2,29,6,-24,PLANT_TREE,10,13,6
null,Mountain Pass,0,12,cdda09bed1de45168b6e05cc33cecc13,1731615957,2024-11-14T20:25:57,50,GB,6,3,29,6,-34,PLANT_TREE,10,12,5
null,Mountain Pass,0,12,cdda09bed1de45168b6e05cc33cecc13,1731615957,2024-11-14T20:25:57,50,GB,6,4,29,6,-44,PLANT_TREE,10,11,5
null,Mountain Pass,0,12,cdda09bed1de45168b6e05cc33cecc13,1731615957,2024-11-14T20:25:57,50,GB,6,5,29,6,-54,PLANT_TREE,10,10,5
null,Mountain Pass,0,12,cdda09bed1de45168b6e05cc33cecc13,1731615957,2024-11-14T20:25:57,50,GB,6,6,29,6,-64,PLANT_TREE,10,10,6
null,Mountain Pass,0,12,cdda09bed1de45168b6e05cc33cecc13,1731615957,2024-11-14T20:25:57,50,GB,6,7,29,6,-74,PLANT_TREE,10,9,6
null,Mountain Pass,0,12,cdda09bed1de45168b6e05cc33cecc13,1731615957,2024-11-14T20:25:57,50,GB,7,0,32,7,-3,PLANT_TREE,10,9,5
null,Mountain Pass,0,12,cdda09bed1de45168b6e05cc33cecc13,1731615957,2024-11-14T20:25:57,50,GB,7,1,32,7,-13,PLANT_TREE,10,10,2
null,Mountain Pass,0,12,cdda09bed1de45168b6e05cc33cecc13,1731615957,2024-11-14T20:25:57,50,GB,7,2,32,7,-23,PLANT_TREE,10,10,1
null,Mountain Pass,0,12,cdda09bed1de45168b6e05cc33cecc13,1731615957,2024-11-14T20:25:57,50,GB,8,0,36,33,23,PLANT_TREE,10,11,1
null,Mountain Pass,0,12,cdda09bed1de45168b6e05cc33cecc13,1731615957,2024-11-14T20:25:57,50,GB,8,1,36,33,13,PLANT_TREE,10,12,1
null,Mountain Pass,0,12,cdda09bed1de45168b6e05cc33cecc13,1731615957,2024-11-14T20:25:57,50,GB,8,2,36,33,10,FARM,3,3,3
null,Mountain Pass,0,12,cdda09bed1de45168b6e05cc33cecc13,1731615957,2024-11-14T20:25:57,50,GB,8,3,36,33,7,FARM,3,3,4
null,Mountain Pass,0,12,cdda09bed1de45168b6e05cc33cecc13,1731615957,2024-11-14T20:25:57,50,GB,8,4,36,33,4,FARM,3,3,5
null,Mountain Pass,0,12,cdda09bed1de45168b6e05cc33cecc13,1731615957,2024-11-14T20:25:57,50,GB,8,5,36,33,1,FARM,3,3,6
null,Mountain Pass,0,12,cdda09bed1de45168b6e05cc33cecc13,1731615957,2024-11-14T20:25:57,50,GB,8,6,36,33,-2,FARM,3,3,7
null,Mountain Pass,0,12,cdda09bed1de45168b6e05cc33cecc13,1731615957,2024-11-14T20:25:57,50,GB,9,0,39,101,98,FARM,3,1,2
null,Mountain Pass,0,12,cdda09bed1de45168b6e05cc33cecc13,1731615957,2024-11-14T20:25:57,50,GB,9,1,39,101,95,FARM,3,2,2
null,Mountain Pass,0,12,cdda09bed1de45168b6e05cc33cecc13,1731615957,2024-11-14T20:25:57,50,GB,9,2,39,101,92,FARM,3,3,2
null,Mountain Pass,0,12,cdda09bed1de45168b6e05cc33cecc13,1731615957,2024-11-14T20:25:57,50,GB,10,0,47,151,146,CONCRETE,5,3,8
null,Mountain Pass,0,12,cdda09bed1de45168b6e05cc33cecc13,1731615957,2024-11-14T20:25:57,50,GB,10,1,47,151,141,CONCRETE,5,4,8
null,Mountain Pass,0,12,cdda09bed1de45168b6e05cc33cecc13,1731615957,2024-11-14T20:25:57,50,GB,10,2,47,151,138,FARM,3,7,7
null,Mountain Pass,0,12,cdda09bed1de45168b6e05cc33cecc13,1731615957,2024-11-14T20:25:57,50,GB,10,3,47,151,135,FARM,3,6,7
null,Mountain Pass,0,12,cdda09bed1de45168b6e05cc33cecc13,1731615957,2024-11-14T20:25:57,50,GB,10,4,47,151,132,FARM,3,5,7
null,Mountain Pass,0,12,cdda09bed1de45168b6e05cc33cecc13,1731615957,2024-11-14T20:25:57,50,GB,10,5,47,151,129,FARM,3,4,7
null,Mountain Pass,0,12,cdda09bed1de45168b6e05cc33cecc13,1731615957,2024-11-14T20:25:57,50,GB,10,6,47,151,126,FARM,3,5,6
null,Mountain Pass,0,12,cdda09bed1de45168b6e05cc33cecc13,1731615957,2024-11-14T20:25:57,50,GB,10,7,47,151,123,FARM,3,4,6
null,Mountain Pass,0,12,cdda09bed1de45168b6e05cc33cecc13,1731615957,2024-11-14T20:25:57,50,GB,10,8,47,151,120,FARM,3,5,5
null,Mountain Pass,0,12,cdda09bed1de45168b6e05cc33cecc13,1731615957,2024-11-14T20:25:57,50,GB,10,9,47,151,117,FARM,3,4,5
null,Mountain Pass,0,12,cdda09bed1de45168b6e05cc33cecc13,1731615957,2024-11-14T20:25:57,50,GB,11,0,52,238,235,FARM,3,4,4
null,Mountain Pass,0,12,cdda09bed1de45168b6e05cc33cecc13,1731615957,2024-11-14T20:25:57,50,GB,11,1,52,238,232,FARM,3,5,4
null,Mountain Pass,0,12,10c6aff3979141a6bddb0204f5321c7d,1734310790,2024-12-16T00:59:50,50,US,0,0,7,1,6,CHOP,-5,7,0
null,Mountain Pass,0,12,10c6aff3979141a6bddb0204f5321c7d,1734310790,2024-12-16T00:59:50,50,US,0,1,7,1,11,CHOP,-5,7,0
null,Mountain Pass,0,12,10c6aff3979141a6bddb0204f5321c7d,1734310790,2024-12-16T00:59:50,50,US,0,2,7,1,16,CHOP,-5,7,0
null,Mountain Pass,0,12,10c6aff3979141a6bddb0204f5321c7d,1734310790,2024-12-16T00:59:50,50,US,0,3,7,1,21,CHOP,-5,7,0
null,Mountain Pass,0,12,10c6aff3979141a6bddb0204f5321c7d,1734310790,2024-12-16T00:59:50,50,US,0,4,7,1,15,CLEAN,6,3,2
null,Mountain Pass,0,12,10c6aff3979141a6bddb0204f5321c7d,1734310790,2024-12-16T00:59:50,50,US,0,5,7,1,12,FARM,3,3,3
null,Mountain Pass,0,12,10c6aff3979141a6bddb0204f5321c7d,1734310790,2024-12-16T00:59:50,50,US,0,6,7,1,6,CLEAN,6,2,4
null,Mountain Pass,0,12,10c6aff3979141a6bddb0204f5321c7d,1734310790,2024-12-16T00:59:50,50,US,0,7,7,1,3,FARM,3,2,4
null,Mountain Pass,0,12,10c6aff3979141a6bddb0204f5321c7d,1734310790,2024-12-16T00:59:50,50,US,0,8,7,1,8,CHOP,-5,1,4
null,Mountain Pass,0,12,10c6aff3979141a6bddb0204f5321c7d,1734310790,2024-12-16T00:59:50,50,US,0,9,7,1,2,CLEAN,6,5,7
null,Mountain Pass,0,12,10c6aff3979141a6bddb0204f5321c7d,1734310790,2024-12-16T00:59:50,50,US,1,0,9,6,0,CLEAN,6,3,6
null,Mountain Pass,0,12,10c6aff3979141a6bddb0204f5321c7d,1734310790,2024-12-16T00:59:50,50,US,1,1,9,6,-6,CLEAN,6,5,4
null,Mountain Pass,0,12,10c6aff3979141a6bddb0204f5321c7d,1734310790,2024-12-16T00:59:50,50,US,1,2,9,6,-1,CHOP,-5,4,5
null,Mountain Pass,0,12,10c6aff3979141a6bddb0204f5321c7d,1734310790,2024-12-16T00:59:50,50,US,1,3,9,6,-4,FARM,3,3,1
null,Mountain Pass,0,12,10c6aff3979141a6bddb0204f5321c7d,1734310790,2024-12-16T00:59:50,50,US,1,4,9,6,1,CHOP,-5,13,3
null,Mountain Pass,0,12,10c6aff3979141a6bddb0204f5321c7d,1734310790,2024-12-16T00:59:50,50,US,1,5,9,6,-2,FARM,3,4,2
null,Mountain Pass,0,12,10c6aff3979141a6bddb0204f5321c7d,1734310790,2024-12-16T00:59:50,50,US,1,6,9,6,3,CHOP,-5,13,3
null,Mountain Pass,0,12,10c6aff3979141a6bddb0204f5321c7d,1734310790,2024-12-16T00:59:50,50,US,1,7,9,6,0,FARM,3,3,2
null,Mountain Pass,0,12,10c6aff3979141a6bddb0204f5321c7d,1734310790,2024-12-16T00:59:50,50,US,2,0,11,2,-8,PLANT_TREE,10,3,5
null,Mountain Pass,0,12,10c6aff3979141a6bddb0204f5321c7d,1734310790,2024-12-16T00:59:50,50,US,2,1,11,2,-14,CLEAN,6,0,5
null,Mountain Pass,0,12,10c6aff3979141a6bddb0204f5321c7d,1734310790,2024-12-16T00:59:50,50,US,2,2,11,2,-20,CLEAN,6,5,1
null,Mountain Pass,0,12,10c6aff3979141a6bddb0204f5321c7d,1734310790,2024-12-16T00:59:50,50,US,3,0,13,0,-3,FARM,3,5,3
null,Mountain Pass,0,12,10c6aff3979141a6bddb0204f5321c7d,1734310790,2024-12-16T00:59:50,50,US,3,1,13,0,-9,CLEAN,6,1,7
null,Mountain Pass,0,12,10c6aff3979141a6bddb0204f5321c7d,1734310790,2024-12-16T00:59:50,50,US,3,2,13,0,-15,CLEAN,6,4,8
null,Mountain Pass,0,12,10c6aff3979141a6bddb0204f5321c7d,1734310790,2024-12-16T00:59:50,50,US,3,3,13,0,-18,FARM,3,4,1
null,Mountain Pass,0,12,10c6aff3979141a6bddb0204f5321c7d,1734310790,2024-12-16T00:59:50,50,US,3,4,13,0,-21,FARM,3,5,1
null,Mountain Pass,0,12,10c6aff3979141a6bddb0204f5321c7d,1734310790,2024-12-16T00:59:50,50,US,4,0,14,1,-5,CLEAN,6,1,3
null,Mountain Pass,0,12,10c6aff3979141a6bddb0204f5321c7d,1734310790,2024-12-16T00:59:50,50,US,4,1,14,1,-11,CLEAN,6,1,1
null,Mountain Pass,0,12,10c6aff3979141a6bddb0204f5321c7d,1734310790,2024-12-16T00:59:50,50,US,4,2,14,1,-17,CLEAN,6,2,2
null,Mountain Pass,0,12,10c6aff3979141a6bddb0204f5321c7d,1734310790,2024-12-16T00:59:50,50,US,4,3,14,1,-23,CLEAN,6,2,5
null,Mountain Pass,0,12,10c6aff3979141a6bddb0204f5321c7d,1734310790,2024-12-16T00:59:50,50,US,5,0,16,0,-6,CLEAN,6,4,5
null,Mountain Pass,0,12,10c6aff3979141a6bddb0204f5321c7d,1734310790,2024-12-16T00:59:50,50,US,5,1,16,0,-12,CLEAN,6,6,0
null,Mountain Pass,0,12,10c6aff3979141a6bddb0204f5321c7d,1734310790,2024-12-16T00:59:50,50,US,5,2,16,0,-22,PLANT_TREE,10,4,5
null,Mountain Pass,0,12,10c6aff3979141a6bddb0204f5321c7d,1734310790,2024-12-16T00:59:50,50,US,6,0,18,3,-3,CLEAN,6,1,0
null,Mountain Pass,0,12,10c6aff3979141a6bddb0204f5321c7d,1734310790,2024-12-16T00:59:50,50,US,6,1,18,3,-9,CLEAN,6,5,5
null,Mountain Pass,0,12,10c6aff3979141a6bddb0204f5321c7d,1734310790,2024-12-16T00:59:50,50,US,6,2,18,3,-15,CLEAN,6,5,6
null,Mountain Pass,0,12,10c6aff3979141a6bddb0204f5321c7d,1734310790,2024-12-16T00:59:50,50,US,6,3,18,3,-21,CLEAN,6,5,0
null,Mountain Pass,0,12,10c6aff3979141a6bddb0204f5321c7d,1734310790,2024-12-16T00:59:50,50,US,7,0,18,2,-4,CLEAN,6,7,7
null,Mountain Pass,0,12,10c6aff3979141a6bddb0204f5321c7d,1734310790,2024-12-16T00:59:50,50,US,7,1,18,2,-10,CLEAN,6,10,5
null,Mountain Pass,0,12,10c6aff3979141a6bddb0204f5321c7d,1734310790,2024-12-16T00:59:50,50,US,7,2,18,2,-16,CLEAN,6,7,1
null,Mountain Pass,0,12,10c6aff3979141a6bddb0204f5321c7d,1734310790,2024-12-16T00:59:50,50,US,7,3,18,2,-22,CLEAN,6,3,0
null,Mountain Pass,0,12,10c6aff3979141a6bddb0204f5321c7d,1734310790,2024-12-16T00:59:50,50,US,7,4,18,2,-28,CLEAN,6,9,6
null,Mountain Pass,0,12,10c6aff3979141a6bddb0204f5321c7d,1734310790,2024-12-16T00:59:50,50,US,8,0,19,0,-6,CLEAN,6,4,4
null,Mountain Pass,0,12,10c6aff3979141a6bddb0204f5321c7d,1734310790,2024-12-16T00:59:50,50,US,8,1,19,0,-16,PLANT_TREE,10,5,4
null,Mountain Pass,0,12,10c6aff3979141a6bddb0204f5321c7d,1734310790,2024-12-16T00:59:50,50,US,8,2,19,0,-19,FARM,3,1,2
null,Mountain Pass,0,12,10c6aff3979141a6bddb0204f5321c7d,1734310790,2024-12-16T00:59:50,50,US,8,3,19,0,-25,CLEAN,6,4,7
null,Mountain Pass,0,12,10c6aff3979141a6bddb0204f5321c7d,1734310790,2024-12-16T00:59:50,50,US,9,0,20,2,-8,PLANT_TREE,10,2,2
null,Mountain Pass,0,12,10c6aff3979141a6bddb0204f5321c7d,1734310790,2024-12-16T00:59:50,50,US,9,1,20,2,-18,PLANT_TREE,10,4,4
null,Mountain Pass,0,12,10c6aff3979141a6bddb0204f5321c7d,1734310790,2024-12-16T00:59:50,50,US,9,2,20,2,-21,FARM,3,5,0
null,Mountain Pass,0,12,10c6aff3979141a6bddb0204f5321c7d,1734310790,2024-12-16T00:59:50,50,US,10,0,21,1,-5,CLEAN,6,1,4
null,Mountain Pass,0,12,10c6aff3979141a6bddb0204f5321c7d,1734310790,2024-12-16T00:59:50,50,US,10,1,21,1,-11,CLEAN,6,5,5
null,Mountain Pass,0,12,10c6aff3979141a6bddb0204f5321c7d,1734310790,2024-12-16T00:59:50,50,US,10,2,21,1,-21,PLANT_TREE,10,2,3
null,Mountain Pass,0,12,10c6aff3979141a6bddb0204f5321c7d,1734310790,2024-12-16T00:59:50,50,US,10,3,21,1,-24,FARM,3,5,2
null,Mountain Pass,0,12,10c6aff3979141a6bddb0204f5321c7d,1734310790,2024-12-16T00:59:50,50,US,10,4,21,1,-30,CLEAN,6,9,4
null,Mountain Pass,0,12,10c6aff3979141a6bddb0204f5321c7d,1734310790,2024-12-16T00:59:50,50,US,11,0,22,1,-5,CLEAN,6,8,1
null,Mountain Pass,0,12,10c6aff3979141a6bddb0204f5321c7d,1734310790,2024-12-16T00:59:50,50,US,11,1,22,1,-15,PLANT_TREE,10,4,0
null,Mountain Pass,0,12,10c6aff3979141a6bddb0204f5321c7d,1734310790,2024-12-16T00:59:50,50,US,11,2,22,1,-25,PLANT_TREE,10,6,0
null,Mountain Pass,0,12,10c6aff3979141a6bddb0204f5321c7d,1734310790,2024-12-16T00:59:50,50,US,11,3,22,1,-28,FARM,3,1,3
null,Mountain Pass,0,12,10c6aff3979141a6bddb0204f5321c7d,1734310790,2024-12-16T00:59:50,50,US,11,4,22,1,-31,FARM,3,0,3
null,Mountain Pass,0,12,de38037c3c104a41bef3f3935ebe9495,1733871027,2024-12-10T22:50:27,50,GB,0,0,11,8,13,CHOP,-5,8,4
null,Mountain Pass,0,12,de38037c3c104a41bef3f3935ebe9495,1733871027,2024-12-10T22:50:27,50,GB,0,1,11,8,18,CHOP,-5,10,4
null,Mountain Pass,0,12,de38037c3c104a41bef3f3935ebe9495,1733871027,2024-12-10T22:50:27,50,GB,0,2,11,8,12,CLEAN,6,5,3
null,Mountain Pass,0,12,de38037c3c104a41bef3f3935ebe9495,1733871027,2024-12-10T22:50:27,50,GB,0,3,11,8,9,FARM,3,5,3
null,Mountain Pass,0,12,de38037c3c104a41bef3f3935ebe9495,1733871027,2024-12-10T22:50:27,50,GB,0,4,11,8,14,CHOP,-5,9,2
null,Mountain Pass,0,12,de38037c3c104a41bef3f3935ebe9495,1733871027,2024-12-10T22:50:27,50,GB,0,5,11,8,8,CLEAN,6,3,1
null,Mountain Pass,0,12,de38037c3c104a41bef3f3935ebe9495,1733871027,2024-12-10T22:50:27,50,GB,0,6,11,8,13,CHOP,-5,9,2
null,Mountain Pass,0,12,de38037c3c104a41bef3f3935ebe9495,1733871027,2024-12-10T22:50:27,50,GB,0,7,11,8,10,FARM,3,3,1
null,Mountain Pass,0,12,de38037c3c104a41bef3f3935ebe9495,1733871027,2024-12-10T22:50:27,50,GB,0,8,11,8,15,CHOP,-5,11,3
null,Mountain Pass,0,12,de38037c3c104a41bef3f3935ebe9495,1733871027,2024-12-10T22:50:27,50,GB,0,9,11,8,9,CLEAN,6,1,1
null,Mountain Pass,0,12,de38037c3c104a41bef3f3935ebe9495,1733871027,2024-12-10T22:50:27,50,GB,0,10,11,8,14,CHOP,-5,12,6
null,Mountain Pass,0,12,de38037c3c104a41bef3f3935ebe9495,1733871027,2024-12-10T22:50:27,50,GB,0,11,11,8,8,CLEAN,6,2,4
null,Mountain Pass,0,12,de38037c3c104a41bef3f3935ebe9495,1733871027,2024-12-10T22:50:27,50,GB,0,12,11,8,13,CHOP,-5,13,3
null,Mountain Pass,0,12,de38037c3c104a41bef3f3935ebe9495,1733871027,2024-12-10T22:50:27,50,GB,0,13,11,8,18,CHOP,-5,11,2
null,Mountain Pass,0,12,de38037c3c104a41bef3f3935ebe9495,1733871027,2024-12-10T22:50:27,50,GB,0,14,11,8,13,CONCRETE,5,2,4
null,Mountain Pass,0,12,de38037c3c104a41bef3f3935ebe9495,1733871027,2024-12-10T22:50:27,50,GB,0,15,11,8,10,FARM,3,2,3
null,Mountain Pass,0,12,de38037c3c104a41bef3f3935ebe9495,1733871027,2024-12-10T22:50:27,50,GB,0,16,11,8,15,CHOP,-5,12,4
null,Mountain Pass,0,12,de38037c3c104a41bef3f3935ebe9495,1733871027,2024-12-10T22:50:27,50,GB,0,17,11,8,9,CLEAN,6,2,2
null,Mountain Pass,0,12,de38037c3c104a41bef3f3935ebe9495,1733871027,2024-12-10T22:50:27,50,GB,0,18,11,8,14,CHOP,-5,12,6
null,Mountain Pass,0,12,de38037c3c104a41bef3f3935ebe9495,1733871027,2024-12-10T22:50:27,50,GB,0,19,11,8,8,CLEAN,6,3,3
null,Mountain Pass,0,12,de38037c3c104a41bef3f3935ebe9495,1733871027,2024-12-10T22:50:27,50,GB,0,20,11,8,13,CHOP,-5,8,4
null,Mountain Pass,0,12,de38037c3c104a41bef3f3935ebe9495,1733871027,2024-12-10T22:50:27,50,GB,0,21,11,8,18,CHOP,-5,11,6
null,Mountain Pass,0,12,de38037c3c104a41bef3f3935ebe9495,1733871027,2024-12-10T22:50:27,50,GB,0,22,11,8,12,CLEAN,6,4,2
null,Mountain Pass,0,12,de38037c3c104a41bef3f3935ebe9495,1733871027,2024-12-10T22:50:27,50,GB,0,23,11,8,9,FARM,3,3,2
null,Mountain Pass,0,12,de38037c3c104a41bef3f3935ebe9495,1733871027,2024-12-10T22:50:27,50,GB,0,24,11,8,14,CHOP,-5,10,4
null,Mountain Pass,0,12,de38037c3c104a41bef3f3935ebe9495,1733871027,2024-12-10T22:50:27,50,GB,0,25,11,8,8,CLEAN,6,1,3
null,Mountain Pass,0,12,de38037c3c104a41bef3f3935ebe9495,1733871027,2024-12-10T22:50:27,50,GB,0,26,11,8,13,CHOP,-5,13,3
null,Mountain Pass,0,12,de38037c3c104a41bef3f3935ebe9495,1733871027,2024-12-10T22:50:27,50,GB,0,27,11,8,18,CHOP,-5,11,6
null,Mountain Pass,0,12,de38037c3c104a41bef3f3935ebe9495,1733871027,2024-12-10T22:50:27,50,GB,0,28,11,8,12,CLEAN,6,5,1
null,Mountain Pass,0,12,de38037c3c104a41bef3f3935ebe9495,1733871027,2024-12-10T22:50:27,50,GB,0,29,11,8,9,FARM,3,5,1
null,Mountain Pass,0,12,de38037c3c104a41bef3f3935ebe9495,1733871027,2024-12-10T22:50:27,50,GB,0,30,11,8,14,CHOP,-5,11,2
null,Mountain Pass,0,12,de38037c3c104a41bef3f3935ebe9495,1733871027,2024-12-10T22:50:27,50,GB,0,31,11,8,8,CLEAN,6,4,4
null,Mountain Pass,0,12,de38037c3c104a41bef3f3935ebe9495,1733871027,2024-12-10T22:50:27,50,GB,0,32,11,8,13,CHOP,-5,9,1
null,Mountain Pass,0,12,de38037c3c104a41bef3f3935ebe9495,1733871027,2024-12-10T22:50:27,50,GB,0,33,11,8,10,FARM,3,4,4
null,Mountain Pass,0,12,de38037c3c104a41bef3f3935ebe9495,1733871027,2024-12-10T22:50:27,50,GB,0,34,11,8,15,CHOP,-5,12,6
null,Mountain Pass,0,12,de38037c3c104a41bef3f3935ebe9495,1733871027,2024-12-10T22:50:27,50,GB,0,35,11,8,9,CLEAN,6,3,5
null,Mountain Pass,0,12,de38037c3c104a41bef3f3935ebe9495,1733871027,2024-12-10T22:50:27,50,GB,0,36,11,8,14,CHOP,-5,11,6
null,Mountain Pass,0,12,de38037c3c104a41bef3f3935ebe9495,1733871027,2024-12-10T22:50:27,50,GB,0,37,11,8,8,CLEAN,6,1,5
null,Mountain Pass,0,12,de38037c3c104a41bef3f3935ebe9495,1733871027,2024-12-10T22:50:27,50,GB,0,38,11,8,13,CHOP,-5,7,0
null,Mountain Pass,0,12,de38037c3c104a41bef3f3935ebe9495,1733871027,2024-12-10T22:50:27,50,GB,0,39,11,8,18,CHOP,-5,12,2
null,Mountain Pass,0,12,de38037c3c104a41bef3f3935ebe9495,1733871027,2024-12-10T22:50:27,50,GB,0,40,11,8,12,CLEAN,6,4,6
null,Mountain Pass,0,12,de38037c3c104a41bef3f3935ebe9495,1733871027,2024-12-10T22:50:27,50,GB,0,41,11,8,17,CHOP,-5,12,2
null,Mountain Pass,0,12,de38037c3c104a41bef3f3935ebe9495,1733871027,2024-12-10T22:50:27,50,GB,0,42,11,8,11,CLEAN,6,5,5
null,Mountain Pass,0,12,de38037c3c104a41bef3f3935ebe9495,1733871027,2024-12-10T22:50:27,50,GB,0,43,11,8,16,CHOP,-5,11,3
null,Mountain Pass,0,12,de38037c3c104a41bef3f3935ebe9495,1733871027,2024-12-10T22:50:27,50,GB,0,44,11,8,10,CLEAN,6,3,7
null,Mountain Pass,0,12,de38037c3c104a41bef3f3935ebe9495,1733871027,2024-12-10T22:50:27,50,GB,0,45,11,8,15,CHOP,-5,9,1
null,Mountain Pass,0,12,de38037c3c104a41bef3f3935ebe9495,1733871027,2024-12-10T22:50:27,50,GB,0,46,11,8,9,CLEAN,6,2,0
null,Mountain Pass,0,12,de38037c3c104a41bef3f3935ebe9495,1733871027,2024-12-10T22:50:27,50,GB,0,47,11,8,14,CHOP,-5,9,1
null,Mountain Pass,0,12,de38037c3c104a41bef3f3935ebe9495,1733871027,2024-12-10T22:50:27,50,GB,0,48,11,8,8,CLEAN,6,6,7
null,Mountain Pass,0,12,de38037c3c104a41bef3f3935ebe9495,1733871027,2024-12-10T22:50:27,50,GB,0,49,11,8,13,CHOP,-5,12,2
null,Mountain Pass,0,12,de38037c3c104a41bef3f3935ebe9495,1733871027,2024-12-10T22:50:27,50,GB,0,50,11,8,8,CONCRETE,5,5,2
null,Mountain Pass,0,12,de38037c3c104a41bef3f3935ebe9495,1733871027,2024-12-10T22:50:27,50,GB,0,51,11,8,13,CHOP,-5,9,2
null,Mountain Pass,0,12,de38037c3c104a41bef3f3935ebe9495,1733871027,2024-12-10T22:50:27,50,GB,0,52,11,8,18,CHOP,-5,12,4
null,Mountain Pass,0,12,de38037c3c104a41bef3f3935ebe9495,1733871027,2024-12-10T22:50:27,50,GB,0,53,11,8,8,PLANT_TREE,10,5,4
null,Mountain Pass,0,12,de38037c3c104a41bef3f3935ebe9495,1733871027,2024-12-10T22:50:27,50,GB,0,54,11,8,13,CHOP,-5,13,3
null,Mountain Pass,0,12,de38037c3c104a41bef3f3935ebe9495,1733871027,2024-12-10T22:50:27,50,GB,0,55,11,8,18,CHOP,-5,13,3
null,Mountain Pass,0,12,de38037c3c104a41bef3f3935ebe9495,1733871027,2024-12-10T22:50:27,50,GB,0,56,11,8,8,PLANT_TREE,10,5,5
null,Mountain Pass,0,12,de38037c3c104a41bef3f3935ebe9495,1733871027,2024-12-10T22:50:27,50,GB,0,57,11,8,13,CHOP,-5,12,6
null,Mountain Pass,0,12,de38037c3c104a41bef3f3935ebe9495,1733871027,2024-12-10T22:50:27,50,GB,0,58,11,8,18,CHOP,-5,11,6
null,Mountain Pass,0,12,de38037c3c104a41bef3f3935ebe9495,1733871027,2024-12-10T22:50:27,50,GB,0,59,11,8,23,CHOP,-5,12,4
null,Mountain Pass,0,12,de38037c3c104a41bef3f3935ebe9495,1733871027,2024-12-10T22:50:27,50,GB,0,60,11,8,28,CHOP,-5,12,4
null,Mountain Pass,0,12,de38037c3c104a41bef3f3935ebe9495,1733871027,2024-12-10T22:50:27,50,GB,0,61,11,8,33,CHOP,-5,11,3
null,Mountain Pass,0,12,de38037c3c104a41bef3f3935ebe9495,1733871027,2024-12-10T22:50:27,50,GB,0,62,11,8,38,CHOP,-5,11,3
null,Mountain Pass,0,12,de38037c3c104a41bef3f3935ebe9495,1733871027,2024-12-10T22:50:27,50,GB,0,63,11,8,43,CHOP,-5,12,2
null,Mountain Pass,0,12,de38037c3c104a41bef3f3935ebe9495,1733871027,2024-12-10T22:50:27,50,GB,0,64,11,8,48,CHOP,-5,11,2
null,Mountain Pass,0,12,de38037c3c104a41bef3f3935ebe9495,1733871027,2024-12-10T22:50:27,50,GB,0,65,11,8,53,CHOP,-5,11,2
null,Mountain Pass,0,12,de38037c3c104a41bef3f3935ebe9495,1733871027,2024-12-10T22:50:27,50,GB,0,66,11,8,47,CLEAN,6,1,7
null,Mountain Pass,0,12,de38037c3c104a41bef3f3935ebe9495,1733871027,2024-12-10T22:50:27,50,GB,0,67,11,8,41,CLEAN,6,0,4
null,Mountain Pass,0,12,de38037c3c104a41bef3f3935ebe9495,1733871027,2024-12-10T22:50:27,50,GB,0,68,11,8,35,CLEAN,6,4,0
null,Mountain Pass,0,12,de38037c3c104a41bef3f3935ebe9495,1733871027,2024-12-10T22:50:27,50,GB,0,69,11,8,29,CLEAN,6,6,0
null,Mountain Pass,0,12,de38037c3c104a41bef3f3935ebe9495,1733871027,2024-12-10T22:50:27,50,GB,0,70,11,8,23,CLEAN,6,7,1
null,Mountain Pass,0,12,de38037c3c104a41bef3f3935ebe9495,1733871027,2024-12-10T22:50:27,50,GB,0,71,11,8,17,CLEAN,6,9,6
null,Mountain Pass,0,12,de38037c3c104a41bef3f3935ebe9495,1733871027,2024-12-10T22:50:27,50,GB,0,72,11,8,11,CLEAN,6,4,8
null,Mountain Pass,0,12,de38037c3c104a41bef3f3935ebe9495,1733871027,2024-12-10T22:50:27,50,GB,0,73,11,8,16,CHOP,-5,10,4
null,Mountain Pass,0,12,de38037c3c104a41bef3f3935ebe9495,1733871027,2024-12-10T22:50:27,50,GB,0,74,11,8,21,CHOP,-5,10,4
null,Mountain Pass,0,12,de38037c3c104a41bef3f3935ebe9495,1733871027,2024-12-10T22:50:27,50,GB,0,75,11,8,11,PLANT_TREE,10,1,0
null,Mountain Pass,0,12,de38037c3c104a41bef3f3935ebe9495,1733871027,2024-12-10T22:50:27,50,GB,0,76,11,8,16,CHOP,-5,7,0
null,Mountain Pass,0,12,de38037c3c104a41bef3f3935ebe9495,1733871027,2024-12-10T22:50:27,50,GB,0,77,11,8,21,CHOP,-5,7,0
null,Mountain Pass,0,12,de38037c3c104a41bef3f3935ebe9495,1733871027,2024-12-10T22:50:27,50,GB,0,78,11,8,11,PLANT_TREE,10,1,1
null,Mountain Pass,0,12,de38037c3c104a41bef3f3935ebe9495,1733871027,2024-12-10T22:50:27,50,GB,0,79,11,8,16,CHOP,-5,9,1
null,Mountain Pass,0,12,de38037c3c104a41bef3f3935ebe9495,1733871027,2024-12-10T22:50:27,50,GB,0,80,11,8,21,CHOP,-5,9,2
null,Mountain Pass,0,12,de38037c3c104a41bef3f3935ebe9495,1733871027,2024-12-10T22:50:27,50,GB,0,81,11,8,11,PLANT_TREE,10,3,3
null,Mountain Pass,0,12,de38037c3c104a41bef3f3935ebe9495,1733871027,2024-12-10T22:50:27,50,GB,0,82,11,8,16,CHOP,-5,8,4
null,Mountain Pass,0,12,de38037c3c104a41bef3f3935ebe9495,1733871027,2024-12-10T22:50:27,50,GB,0,83,11,8,21,CHOP,-5,8,4
null,Mountain Pass,0,12,de38037c3c104a41bef3f3935ebe9495,1733871027,2024-12-10T22:50:27,50,GB,0,84,11,8,11,PLANT_TREE,10,1,2
null,Mountain Pass,0,12,de38037c3c104a41bef3f3935ebe9495,1733871027,2024-12-10T22:50:27,50,GB,0,85,11,8,16,CHOP,-5,7,0
null,Mountain Pass,0,12,de38037c3c104a41bef3f3935ebe9495,1733871027,2024-12-10T22:50:27,50,GB,1,0,17,2,-3,CONCRETE,5,7,7
null,Mountain Pass,0,12,de38037c3c104a41bef3f3935ebe9495,1733871027,2024-12-10T22:50:27,50,GB,1,1,17,2,-8,CONCRETE,5,4,8
null,Mountain Pass,0,12,de38037c3c104a41bef3f3935ebe9495,1733871027,2024-12-10T22:50:27,50,GB,1,2,17,2,-11,FARM,3,5,7
null,Mountain Pass,0,12,de38037c3c104a41bef3f3935ebe9495,1733871027,2024-12-10T22:50:27,50,GB,1,3,17,2,-14,FARM,3,3,8
null,Mountain Pass,0,12,de38037c3c104a41bef3f3935ebe9495,1733871027,2024-12-10T22:50:27,50,GB,1,4,17,2,-20,CLEAN,6,0,4
null,Mountain Pass,0,12,de38037c3c104a41bef3f3935ebe9495,1733871027,2024-12-10T22:50:27,50,GB,1,5,17,2,-26,CLEAN,6,2,7
null,Mountain Pass,0,12,de38037c3c104a41bef3f3935ebe9495,1733871027,2024-12-10T22:50:27,50,GB,1,6,17,2,-21,CHOP,-5,5,5
null,Mountain Pass,0,12,de38037c3c104a41bef3f3935ebe9495,1733871027,2024-12-10T22:50:27,50,GB,1,7,17,2,-31,PLANT_TREE,10,6,7
null,Mountain Pass,0,12,de38037c3c104a41bef3f3935ebe9495,1733871027,2024-12-10T22:50:27,50,GB,2,0,20,0,-10,PLANT_TREE,10,13,6
null,Mountain Pass,0,12,de38037c3c104a41bef3f3935ebe9495,1733871027,2024-12-10T22:50:27,50,GB,2,1,20,0,-20,PLANT_TREE,10,13,5
null,Mountain Pass,0,12,de38037c3c104a41bef3f3935ebe9495,1733871027,2024-12-10T22:50:27,50,GB,2,2,20,0,-25,CONCRETE,5,12,6
null,Mountain Pass,0,12,de38037c3c104a41bef3f3935ebe9495,1733871027,2024-12-10T22:50:27,50,GB,2,3,20,0,-28,FARM,3,11,6
null,Mountain Pass,0,12,de38037c3c104a41bef3f3935ebe9495,1733871027,2024-12-10T22:50:27,50,GB,2,4,20,0,-31,FARM,3,11,5
null,Mountain Pass,0,12,de38037c3c104a41bef3f3935ebe9495,1733871027,2024-12-10T22:50:27,50,GB,2,5,20,0,-26,CHOP,-5,5,5
null,Mountain Pass,0,12,de38037c3c104a41bef3f3935ebe9495,1733871027,2024-12-10T22:50:27,50,GB,2,6,20,0,-21,CHOP,-5,1,4
null,Mountain Pass,0,12,de38037c3c104a41bef3f3935ebe9495,1733871027,2024-12-10T22:50:27,50,GB,2,7,20,0,-27,CLEAN,6,4,7
null,Mountain Pass,0,12,de38037c3c104a41bef3f3935ebe9495,1733871027,2024-12-10T22:50:27,50,GB,2,8,20,0,-30,FARM,3,4,1
null,Mountain Pass,0,12,de38037c3c104a41bef3f3935ebe9495,1733871027,2024-12-10T22:50:27,50,GB,2,9,20,0,-25,CHOP,-5,2,6
null,Mountain Pass,0,12,de38037c3c104a41bef3f3935ebe9495,1733871027,2024-12-10T22:50:27,50,GB,2,10,20,0,-31,CLEAN,6,1,6
null,Mountain Pass,0,12,de38037c3c104a41bef3f3935ebe9495,1733871027,2024-12-10T22:50:27,50,GB,3,0,21,0,-3,FARM,3,10,5
null,Mountain Pass,0,12,de38037c3c104a41bef3f3935ebe9495,1733871027,2024-12-10T22:50:27,50,GB,3,1,21,0,-6,FARM,3,10,6
null,Mountain Pass,0,12,de38037c3c104a41bef3f3935ebe9495,1733871027,2024-12-10T22:50:27,50,GB,3,2,21,0,-11,CONCRETE,5,9,6
null,Mountain Pass,0,12,de38037c3c104a41bef3f3935ebe9495,1733871027,2024-12-10T22:50:27,50,GB,3,3,21,0,-17,CLEAN,6,5,6
null,Mountain Pass,0,12,de38037c3c104a41bef3f3935ebe9495,1733871027,2024-12-10T22:50:27,50,GB,3,4,21,0,-12,CHOP,-5,5,4
null,Mountain Pass,0,12,de38037c3c104a41bef3f3935ebe9495,1733871027,2024-12-10T22:50:27,50,GB,3,5,21,0,-7,CHOP,-5,0,6
null,Mountain Pass,0,12,de38037c3c104a41bef3f3935ebe9495,1733871027,2024-12-10T22:50:27,50,GB,3,6,21,0,-2,CHOP,-5,1,2
null,Mountain Pass,0,12,de38037c3c104a41bef3f3935ebe9495,1733871027,2024-12-10T22:50:27,50,GB,3,7,21,0,-8,CLEAN,6,2,7
null,Mountain Pass,0,12,de38037c3c104a41bef3f3935ebe9495,1733871027,2024-12-10T22:50:27,50,GB,3,8,21,0,-14,CLEAN,6,1,5
null,Mountain Pass,0,12,de38037c3c104a41bef3f3935ebe9495,1733871027,2024-12-10T22:50:27,50,GB,3,9,21,0,-17,FARM,3,4,2
null,Mountain Pass,0,12,de38037c3c104a41bef3f3935ebe9495,1733871027,2024-12-10T22:50:27,50,GB,4,0,17,0,5,CHOP,-5,4,5
null,Mountain Pass,0,12,de38037c3c104a41bef3f3935ebe9495,1733871027,2024-12-10T22:50:27,50,GB,4,1,17,0,10,CHOP,-5,0,6
null,Mountain Pass,0,12,de38037c3c104a41bef3f3935ebe9495,1733871027,2024-12-10T22:50:27,50,GB,4,2,17,0,15,CHOP,-5,13,6
null,Mountain Pass,0,12,de38037c3c104a41bef3f3935ebe9495,1733871027,2024-12-10T22:50:27,50,GB,4,3,17,0,20,CHOP,-5,13,5
null,Mountain Pass,0,12,de38037c3c104a41bef3f3935ebe9495,1733871027,2024-12-10T22:50:27,50,GB,4,4,17,0,25,CHOP,-5,1,2
null,Mountain Pass,0,12,de38037c3c104a41bef3f3935ebe9495,1733871027,2024-12-10T22:50:27,50,GB,4,5,17,0,19,CLEAN,6,4,7
null,Mountain Pass,0,12,de38037c3c104a41bef3f3935ebe9495,1733871027,2024-12-10T22:50:27,50,GB,4,6,17,0,13,CLEAN,6,3,4
null,Mountain Pass,0,12,de38037c3c104a41bef3f3935ebe9495,1733871027,2024-12-10T22:50:27,50,GB,4,7,17,0,7,CLEAN,6,3,4
null,Mountain Pass,0,12,de38037c3c104a41bef3f3935ebe9495,1733871027,2024-12-10T22:50:27,50,GB,4,8,17,0,1,CLEAN,6,5,6
null,Mountain Pass,0,12,de38037c3c104a41bef3f3935ebe9495,1733871027,2024-12-10T22:50:27,50,GB,4,9,17,0,6,CHOP,-5,1,0
null,Mountain Pass,0,12,de38037c3c104a41bef3f3935ebe9495,1733871027,2024-12-10T22:50:27,50,GB,4,10,17,0,0,CLEAN,6,3,4
null,Mountain Pass,0,12,de38037c3c104a41bef3f3935ebe9495,1733871027,2024-12-10T22:50:27,50,GB,5,0,20,1,6,CHOP,-5,5,5
null,Mountain Pass,0,12,de38037c3c104a41bef3f3935ebe9495,1733871027,2024-12-10T22:50:27,50,GB,5,1,20,1,11,CHOP,-5,6,7
null,Mountain Pass,0,12,de38037c3c104a41bef3f3935ebe9495,1733871027,2024-12-10T22:50:27,50,GB,5,2,20,1,5,CLEAN,6,3,5
null,Mountain Pass,0,12,de38037c3c104a41bef3f3935ebe9495,1733871027,2024-12-10T22:50:27,50,GB,5,3,20,1,2,FARM,3,4,7
null,Mountain Pass,0,12,de38037c3c104a41bef3f3935ebe9495,1733871027,2024-12-10T22:50:27,50,GB,6,0,20,1,-5,CLEAN,6,3,5
null,Mountain Pass,0,12,de38037c3c104a41bef3f3935ebe9495,1733871027,2024-12-10T22:50:27,50,GB,6,1,20,1,-8,FARM,3,3,7
null,Mountain Pass,0,12,de38037c3c104a41bef3f3935ebe9495,1733871027,2024-12-10T22:50:27,50,GB,6,2,20,1,-18,PLANT_TREE,10,4,6
null,Mountain Pass,0,12,de38037c3c104a41bef3f3935ebe9495,1733871027,2024-12-10T22:50:27,50,GB,6,3,20,1,-21,FARM,3,5,6
null,Mountain Pass,0,12,de38037c3c104a41bef3f3935ebe9495,1733871027,2024-12-10T22:50:27,50,GB,6,4,20,1,-16,CHOP,-5,13,5
null,Mountain Pass,0,12,de38037c3c104a41bef3f3935ebe9495,1733871027,2024-12-10T22:50:27,50,GB,6,5,20,1,-11,CHOP,-5,6,7
null,Mountain Pass,0,12,de38037c3c104a41bef3f3935ebe9495,1733871027,2024-12-10T22:50:27,50,GB,6,6,20,1,-6,CHOP,-5,5,5
null,Mountain Pass,0,12,de38037c3c104a41bef3f3935ebe9495,1733871027,2024-12-10T22:50:27,50,GB,6,7,20,1,-1,CHOP,-5,0,6
null,Mountain Pass,0,12,de38037c3c104a41bef3f3935ebe9495,1733871027,2024-12-10T22:50:27,50,GB,6,8,20,1,4,CHOP,-5,1,2
null,Mountain Pass,0,12,de38037c3c104a41bef3f3935ebe9495,1733871027,2024-12-10T22:50:27,50,GB,6,9,20,1,1,FARM,3,9,5
null,Mountain Pass,0,12,de38037c3c104a41bef3f3935ebe9495,1733871027,2024-12-10T22:50:27,50,GB,6,10,20,1,-4,CONCRETE,5,12,5
null,Mountain Pass,0,12,de38037c3c104a41bef3f3935ebe9495,1733871027,2024-12-10T22:50:27,50,GB,6,11,20,1,-14,PLANT_TREE,10,3,6
null,Mountain Pass,0,12,de38037c3c104a41bef3f3935ebe9495,1733871027,2024-12-10T22:50:27,50,GB,6,12,20,1,-20,CLEAN,6,1,5
null,Mountain Pass,0,12,de38037c3c104a41bef3f3935ebe9495,1733871027,2024-12-10T22:50:27,50,GB,7,0,27,1,1,PASS,0,-1,-1
null,Mountain Pass,0,12,de38037c3c104a41bef3f3935ebe9495,1733871027,2024-12-10T22:50:27,50,GB,8,0,27,2,-4,CLEAN,6,3,5
null,Mountain Pass,0,12,de38037c3c104a41bef3f3935ebe9495,1733871027,2024-12-10T22:50:27,50,GB,8,1,27,2,-14,PLANT_TREE,10,2,7
null,Mountain Pass,0,12,de38037c3c104a41bef3f3935ebe9495,1733871027,2024-12-10T22:50:27,50,GB,8,2,27,2,-9,CHOP,-5,13,6
null,Mountain Pass,0,12,de38037c3c104a41bef3f3935ebe9495,1733871027,2024-12-10T22:50:27,50,GB,8,3,27,2,-4,CHOP,-5,13,6
null,Mountain Pass,0,12,de38037c3c104a41bef3f3935ebe9495,1733871027,2024-12-10T22:50:27,50,GB,8,4,27,2,1,CHOP,-5,4,5
null,Mountain Pass,0,12,de38037c3c104a41bef3f3935ebe9495,1733871027,2024-12-10T22:50:27,50,GB,8,5,27,2,6,CHOP,-5,1,1
null,Mountain Pass,0,12,de38037c3c104a41bef3f3935ebe9495,1733871027,2024-12-10T22:50:27,50,GB,8,6,27,2,11,CHOP,-5,1,1
null,Mountain Pass,0,12,de38037c3c104a41bef3f3935ebe9495,1733871027,2024-12-10T22:50:27,50,GB,8,7,27,2,16,CHOP,-5,0,6
null,Mountain Pass,0,12,de38037c3c104a41bef3f3935ebe9495,1733871027,2024-12-10T22:50:27,50,GB,8,8,27,2,21,CHOP,-5,6,7
null,Mountain Pass,0,12,de38037c3c104a41bef3f3935ebe9495,1733871027,2024-12-10T22:50:27,50,GB,8,9,27,2,26,CHOP,-5,5,4
null,Mountain Pass,0,12,de38037c3c104a41bef3f3935ebe9495,1733871027,2024-12-10T22:50:27,50,GB,8,10,27,2,20,CLEAN,6,2,2
null,Mountain Pass,0,12,de38037c3c104a41bef3f3935ebe9495,1733871027,2024-12-10T22:50:27,50,GB,8,11,27,2,14,CLEAN,6,2,0
null,Mountain Pass,0,12,de38037c3c104a41bef3f3935ebe9495,1733871027,2024-12-10T22:50:27,50,GB,8,12,27,2,8,CLEAN,6,2,0
null,Mountain Pass,0,12,de38037c3c104a41bef3f3935ebe9495,1733871027,2024-12-10T22:50:27,50,GB,8,13,27,2,2,CLEAN,6,2,2
null,Mountain Pass,0,12,de38037c3c104a41bef3f3935ebe9495,1733871027,2024-12-10T22:50:27,50,GB,8,14,27,2,-4,CLEAN,6,1,3
null,Mountain Pass,0,12,de38037c3c104a41bef3f3935ebe9495,1733871027,2024-12-10T22:50:27,50,GB,8,15,27,2,-10,CLEAN,6,2,2
null,Mountain Pass,0,12,de38037c3c104a41bef3f3935ebe9495,1733871027,2024-12-10T22:50:27,50,GB,8,16,27,2,-16,CLEAN,6,2,0
null,Mountain Pass,0,12,de38037c3c104a41bef3f3935ebe9495,1733871027,2024-12-10T22:50:27,50,GB,8,17,27,2,-22,CLEAN,6,2,2
null,Mountain Pass,0,12,de38037c3c104a41bef3f3935ebe9495,1733871027,2024-12-10T22:50:27,50,GB,9,0,34,2,2,PASS,0,-1,-1
null,Mountain Pass,0,12,de38037c3c104a41bef3f3935ebe9495,1733871027,2024-12-10T22:50:27,50,GB,10,0,39,0,-10,PLANT_TREE,10,9,4
null,Mountain Pass,0,12,de38037c3c104a41bef3f3935ebe9495,1733871027,2024-12-10T22:50:27,50,GB,10,1,39,0,-20,PLANT_TREE,10,8,4
null,Mountain Pass,0,12,de38037c3c104a41bef3f3935ebe9495,1733871027,2024-12-10T22:50:27,50,GB,10,2,39,0,-30,PLANT_TREE,10,8,3
null,Mountain Pass,0,12,de38037c3c104a41bef3f3935ebe9495,1733871027,2024-12-10T22:50:27,50,GB,10,3,39,0,-25,CHOP,-5,13,5
null,Mountain Pass,0,12,de38037c3c104a41bef3f3935ebe9495,1733871027,2024-12-10T22:50:27,50,GB,10,4,39,0,-20,CHOP,-5,13,6
null,Mountain Pass,0,12,de38037c3c104a41bef3f3935ebe9495,1733871027,2024-12-10T22:50:27,50,GB,10,5,39,0,-15,CHOP,-5,3,6
null,Mountain Pass,0,12,de38037c3c104a41bef3f3935ebe9495,1733871027,2024-12-10T22:50:27,50,GB,10,6,39,0,-10,CHOP,-5,2,6
null,Mountain Pass,0,12,de38037c3c104a41bef3f3935ebe9495,1733871027,2024-12-10T22:50:27,50,GB,10,7,39,0,-5,CHOP,-5,4,5
null,Mountain Pass,0,12,de38037c3c104a41bef3f3935ebe9495,1733871027,2024-12-10T22:50:27,50,GB,10,8,39,0,0,CHOP,-5,5,5
null,Mountain Pass,0,12,de38037c3c104a41bef3f3935ebe9495,1733871027,2024-12-10T22:50:27,50,GB,10,9,39,0,5,CHOP,-5,6,7
null,Mountain Pass,0,12,de38037c3c104a41bef3f3935ebe9495,1733871027,2024-12-10T22:50:27,50,GB,10,10,39,0,10,CHOP,-5,1,1
null,Mountain Pass,0,12,de38037c3c104a41bef3f3935ebe9495,1733871027,2024-12-10T22:50:27,50,GB,10,11,39,0,15,CHOP,-5,1,4
null,Mountain Pass,0,12,de38037c3c104a41bef3f3935ebe9495,1733871027,2024-12-10T22:50:27,50,GB,10,12,39,0,20,CHOP,-5,1,4
null,Mountain Pass,0,12,de38037c3c104a41bef3f3935ebe9495,1733871027,2024-12-10T22:50:27,50,GB,10,13,39,0,25,CHOP,-5,3,3
null,Mountain Pass,0,12,de38037c3c104a41bef3f3935ebe9495,1733871027,2024-12-10T22:50:27,50,GB,10,14,39,0,30,CHOP,-5,3,3
null,Mountain Pass,0,12,de38037c3c104a41bef3f3935ebe9495,1733871027,2024-12-10T22:50:27,50,GB,10,15,39,0,35,CHOP,-5,1,2
null,Mountain Pass,0,12,de38037c3c104a41bef3f3935ebe9495,1733871027,2024-12-10T22:50:27,50,GB,10,16,39,0,40,CHOP,-5,1,2
null,Mountain Pass,0,12,de38037c3c104a41bef3f3935ebe9495,1733871027,2024-12-10T22:50:27,50,GB,10,17,39,0,45,CHOP,-5,1,0
null,Mountain Pass,0,12,de38037c3c104a41bef3f3935ebe9495,1733871027,2024-12-10T22:50:27,50,GB,10,18,39,0,50,CHOP,-5,1,0
null,Mountain Pass,0,12,de38037c3c104a41bef3f3935ebe9495,1733871027,2024-12-10T22:50:27,50,GB,10,19,39,0,55,CHOP,-5,1,0
null,Mountain Pass,0,12,de38037c3c104a41bef3f3935ebe9495,1733871027,2024-12-10T22:50:27,50,GB,10,20,39,0,49,CLEAN,6,2,2
null,Mountain Pass,0,12,de38037c3c104a41bef3f3935ebe9495,1733871027,2024-12-10T22:50:27,50,GB,10,21,39,0,43,CLEAN,6,1,3
null,Mountain Pass,0,12,de38037c3c104a41bef3f3935ebe9495,1733871027,2024-12-10T22:50:27,50,GB,10,22,39,0,37,CLEAN,6,0,3
null,Mountain Pass,0,12,de38037c3c104a41bef3f3935ebe9495,1733871027,2024-12-10T22:50:27,50,GB,10,23,39,0,31,CLEAN,6,2,2
null,Mountain Pass,0,12,de38037c3c104a41bef3f3935ebe9495,1733871027,2024-12-10T22:50:27,50,GB,10,24,39,0,21,PLANT_TREE,10,1,7
null,Mountain Pass,0,12,de38037c3c104a41bef3f3935ebe9495,1733871027,2024-12-10T22:50:27,50,GB,10,25,39,0,11,PLANT_TREE,10,3,5
null,Mountain Pass,0,12,de38037c3c104a41bef3f3935ebe9495,1733871027,2024-12-10T22:50:27,50,GB,10,26,39,0,5,CLEAN,6,1,5
null,Mountain Pass,0,12,de38037c3c104a41bef3f3935ebe9495,1733871027,2024-12-10T22:50:27,50,GB,10,27,39,0,-1,CLEAN,6,0,5
null,Mountain Pass,0,12,de38037c3c104a41bef3f3935ebe9495,1733871027,2024-12-10T22:50:27,50,GB,10,28,39,0,-11,PLANT_TREE,10,0,5
null,Mountain Pass,0,12,de38037c3c104a41bef3f3935ebe9495,1733871027,2024-12-10T22:50:27,50,GB,10,29,39,0,-21,PLANT_TREE,10,3,4
null,Mountain Pass,0,12,de38037c3c104a41bef3f3935ebe9495,1733871027,2024-12-10T22:50:27,50,GB,10,30,39,0,-31,PLANT_TREE,10,2,5
null,Mountain Pass,0,12,de38037c3c104a41bef3f3935ebe9495,1733871027,2024-12-10T22:50:27,50,GB,10,31,39,0,-34,FARM,3,1,5
null,Mountain Pass,0,12,de38037c3c104a41bef3f3935ebe9495,1733871027,2024-12-10T22:50:27,50,GB,11,0,38,1,6,CHOP,-5,2,6
null,Mountain Pass,0,12,de38037c3c104a41bef3f3935ebe9495,1733871027,2024-12-10T22:50:27,50,GB,11,1,38,1,11,CHOP,-5,3,6
null,Mountain Pass,0,12,de38037c3c104a41bef3f3935ebe9495,1733871027,2024-12-10T22:50:27,50,GB,11,2,38,1,16,CHOP,-5,2,7
null,Mountain Pass,0,12,de38037c3c104a41bef3f3935ebe9495,1733871027,2024-12-10T22:50:27,50,GB,11,3,38,1,21,CHOP,-5,5,4
null,Mountain Pass,0,12,de38037c3c104a41bef3f3935ebe9495,1733871027,2024-12-10T22:50:27,50,GB,11,4,38,1,26,CHOP,-5,1,2
null,Mountain Pass,0,12,de38037c3c104a41bef3f3935ebe9495,1733871027,2024-12-10T22:50:27,50,GB,11,5,38,1,31,CHOP,-5,1,1
null,Mountain Pass,0,12,de38037c3c104a41bef3f3935ebe9495,1733871027,2024-12-10T22:50:27,50,GB,11,6,38,1,36,CHOP,-5,8,3
null,Mountain Pass,0,12,de38037c3c104a41bef3f3935ebe9495,1733871027,2024-12-10T22:50:27,50,GB,11,7,38,1,41,CHOP,-5,9,4
null,Mountain Pass,0,12,de38037c3c104a41bef3f3935ebe9495,1733871027,2024-12-10T22:50:27,50,GB,11,8,38,1,46,CHOP,-5,8,4
null,Mountain Pass,0,12,de38037c3c104a41bef3f3935ebe9495,1733871027,2024-12-10T22:50:27,50,GB,11,9,38,1,51,CHOP,-5,5,5
null,Mountain Pass,0,12,de38037c3c104a41bef3f3935ebe9495,1733871027,2024-12-10T22:50:27,50,GB,11,10,38,1,56,CHOP,-5,4,5
null,Mountain Pass,0,12,de38037c3c104a41bef3f3935ebe9495,1733871027,2024-12-10T22:50:27,50,GB,11,11,38,1,61,CHOP,-5,3,5
null,Mountain Pass,0,12,de38037c3c104a41bef3f3935ebe9495,1733871027,2024-12-10T22:50:27,50,GB,11,12,38,1,66,CHOP,-5,4,6
null,Mountain Pass,0,12,de38037c3c104a41bef3f3935ebe9495,1733871027,2024-12-10T22:50:27,50,GB,11,13,38,1,71,CHOP,-5,3,4
null,Mountain Pass,0,12,de38037c3c104a41bef3f3935ebe9495,1733871027,2024-12-10T22:50:27,50,GB,11,14,38,1,76,CHOP,-5,0,6
null,Mountain Pass,0,12,de38037c3c104a41bef3f3935ebe9495,1733871027,2024-12-10T22:50:27,50,GB,11,15,38,1,81,CHOP,-5,0,5
null,Mountain Pass,0,12,de38037c3c104a41bef3f3935ebe9495,1733871027,2024-12-10T22:50:27,50,GB,11,16,38,1,75,CLEAN,6,2,6
null,Mountain Pass,0,12,de38037c3c104a41bef3f3935ebe9495,1733871027,2024-12-10T22:50:27,50,GB,11,17,38,1,69,CLEAN,6,0,4
null,Mountain Pass,0,12,de38037c3c104a41bef3f3935ebe9495,1733871027,2024-12-10T22:50:27,50,GB,11,18,38,1,63,CLEAN,6,1,1
null,Mountain Pass,0,12,de38037c3c104a41bef3f3935ebe9495,1733871027,2024-12-10T22:50:27,50,GB,11,19,38,1,57,CLEAN,6,0,7
null,Mountain Pass,0,12,de38037c3c104a41bef3f3935ebe9495,1733871027,2024-12-10T22:50:27,50,GB,11,20,38,1,51,CLEAN,6,0,4
null,Mountain Pass,0,12,de38037c3c104a41bef3f3935ebe9495,1733871027,2024-12-10T22:50:27,50,GB,11,21,38,1,41,PLANT_TREE,10,0,3
null,Mountain Pass,0,12,de38037c3c104a41bef3f3935ebe9495,1733871027,2024-12-10T22:50:27,50,GB,11,22,38,1,31,PLANT_TREE,10,1,3
null,Mountain Pass,0,12,de38037c3c104a41bef3f3935ebe9495,1733871027,2024-12-10T22:50:27,50,GB,11,23,38,1,26,CONCRETE,5,0,4
null,Mountain Pass,0,12,de38037c3c104a41bef3f3935ebe9495,1733871027,2024-12-10T22:50:27,50,GB,11,24,38,1,23,FARM,3,1,6
null,Mountain Pass,0,12,de38037c3c104a41bef3f3935ebe9495,1733871027,2024-12-10T22:50:27,50,GB,11,25,38,1,17,CLEAN,6,0,7
null,Mountain Pass,0,12,de38037c3c104a41bef3f3935ebe9495,1733871027,2024-12-10T22:50:27,50,GB,11,26,38,1,7,PLANT_TREE,10,0,7
null,Mountain Pass,0,12,de38037c3c104a41bef3f3935ebe9495,1733871027,2024-12-10T22:50:27,50,GB,11,27,38,1,2,CONCRETE,5,2,6
null,Mountain Pass,0,12,de38037c3c104a41bef3f3935ebe9495,1733871027,2024-12-10T22:50:27,50,GB,11,28,38,1,-8,PLANT_TREE,10,5,4
null,Mountain Pass,0,12,de38037c3c104a41bef3f3935ebe9495,1733871027,2024-12-10T22:50:27,50,GB,11,29,38,1,-18,PLANT_TREE,10,2,2
null,Mountain Pass,0,12,de38037c3c104a41bef3f3935ebe9495,1733871027,2024-12-10T22:50:27,50,GB,11,30,38,1,-21,FARM,3,1,2
null,Mountain Pass,0,12,de38037c3c104a41bef3f3935ebe9495,1733871027,2024-12-10T22:50:27,50,GB,11,31,38,1,-31,PLANT_TREE,10,1,1
CM6KM8WN80,Mountain Pass,0,12,5dfda9b6d97045b3abe699c5f52eed2c,1738320632,2025-01-31T10:50:32,50,CA,0,0,17,8,13,CHOP,-5,11,6
CM6KM8WN80,Mountain Pass,0,12,5dfda9b6d97045b3abe699c5f52eed2c,1738320632,2025-01-31T10:50:32,50,CA,0,1,17,8,18,CHOP,-5,11,6
CM6KM8WN80,Mountain Pass,0,12,5dfda9b6d97045b3abe699c5f52eed2c,1738320632,2025-01-31T10:50:32,50,CA,0,2,17,8,12,CLEAN,6,3,3
CM6KM8WN80,Mountain Pass,0,12,5dfda9b6d97045b3abe699c5f52eed2c,1738320632,2025-01-31T10:50:32,50,CA,0,3,17,8,9,FARM,3,3,3
CM6KM8WN80,Mountain Pass,0,12,5dfda9b6d97045b3abe699c5f52eed2c,1738320632,2025-01-31T10:50:32,50,CA,0,4,17,8,14,CHOP,-5,11,6
CM6KM8WN80,Mountain Pass,0,12,5dfda9b6d97045b3abe699c5f52eed2c,1738320632,2025-01-31T10:50:32,50,CA,0,5,17,8,11,FARM,3,2,3
CM6KM8WN80,Mountain Pass,0,12,5dfda9b6d97045b3abe699c5f52eed2c,1738320632,2025-01-31T10:50:32,50,CA,0,6,17,8,8,FARM,3,3,2
CM6KM8WN80,Mountain Pass,0,12,5dfda9b6d97045b3abe699c5f52eed2c,1738320632,2025-01-31T10:50:32,50,CA,0,7,17,8,13,CHOP,-5,12,4
CM6KM8WN80,Mountain Pass,0,12,5dfda9b6d97045b3abe699c5f52eed2c,1738320632,2025-01-31T10:50:32,50,CA,0,8,17,8,18,CHOP,-5,11,2
CM6KM8WN80,Mountain Pass,0,12,5dfda9b6d97045b3abe699c5f52eed2c,1738320632,2025-01-31T10:50:32,50,CA,0,9,17,8,12,CLEAN,6,2,2
CM6KM8WN80,Mountain Pass,0,12,5dfda9b6d97045b3abe699c5f52eed2c,1738320632,2025-01-31T10:50:32,50,CA,0,10,17,8,9,FARM,3,2,2
CM6KM8WN80,Mountain Pass,0,12,5dfda9b6d97045b3abe699c5f52eed2c,1738320632,2025-01-31T10:50:32,50,CA,0,11,17,8,14,CHOP,-5,2,6
CM6KM8WN80,Mountain Pass,0,12,5dfda9b6d97045b3abe699c5f52eed2c,1738320632,2025-01-31T10:50:32,50,CA,0,12,17,8,19,CHOP,-5,11,6
CM6KM8WN80,Mountain Pass,0,12,5dfda9b6d97045b3abe699c5f52eed2c,1738320632,2025-01-31T10:50:32,50,CA,0,13,17,8,24,CHOP,-5,4,5
CM6KM8WN80,Mountain Pass,0,12,5dfda9b6d97045b3abe699c5f52eed2c,1738320632,2025-01-31T10:50:32,50,CA,0,14,17,8,29,CHOP,-5,1,4
CM6KM8WN80,Mountain Pass,0,12,5dfda9b6d97045b3abe699c5f52eed2c,1738320632,2025-01-31T10:50:32,50,CA,0,15,17,8,24,CONCRETE,5,1,4
CM6KM8WN80,Mountain Pass,0,12,5dfda9b6d97045b3abe699c5f52eed2c,1738320632,2025-01-31T10:50:32,50,CA,0,16,17,8,14,PLANT_TREE,10,2,6
CM6KM8WN80,Mountain Pass,0,12,5dfda9b6d97045b3abe699c5f52eed2c,1738320632,2025-01-31T10:50:32,50,CA,0,17,17,8,9,CONCRETE,5,10,3
CM6KM8WN80,Mountain Pass,0,12,5dfda9b6d97045b3abe699c5f52eed2c,1738320632,2025-01-31T10:50:32,50,CA,0,18,17,8,14,CHOP,-5,10,4
CM6KM8WN80,Mountain Pass,0,12,5dfda9b6d97045b3abe699c5f52eed2c,1738320632,2025-01-31T10:50:32,50,CA,0,19,17,8,19,CHOP,-5,8,4
CM6KM8WN80,Mountain Pass,0,12,5dfda9b6d97045b3abe699c5f52eed2c,1738320632,2025-01-31T10:50:32,50,CA,0,20,17,8,16,FARM,3,9,3
CM6KM8WN80,Mountain Pass,0,12,5dfda9b6d97045b3abe699c5f52eed2c,1738320632,2025-01-31T10:50:32,50,CA,0,21,17,8,11,CONCRETE,5,11,5
CM6KM8WN80,Mountain Pass,0,12,5dfda9b6d97045b3abe699c5f52eed2c,1738320632,2025-01-31T10:50:32,50,CA,0,22,17,8,16,CHOP,-5,9,1
CM6KM8WN80,Mountain Pass,0,12,5dfda9b6d97045b3abe699c5f52eed2c,1738320632,2025-01-31T10:50:32,50,CA,0,23,17,8,21,CHOP,-5,12,2
CM6KM8WN80,Mountain Pass,0,12,5dfda9b6d97045b3abe699c5f52eed2c,1738320632,2025-01-31T10:50:32,50,CA,0,24,17,8,26,CHOP,-5,13,3
CM6KM8WN80,Mountain Pass,0,12,5dfda9b6d97045b3abe699c5f52eed2c,1738320632,2025-01-31T10:50:32,50,CA,0,25,17,8,31,CHOP,-5,11,3
CM6KM8WN80,Mountain Pass,0,12,5dfda9b6d97045b3abe699c5f52eed2c,1738320632,2025-01-31T10:50:32,50,CA,0,26,17,8,25,CLEAN,6,6,7
CM6KM8WN80,Mountain Pass,0,12,5dfda9b6d97045b3abe699c5f52eed2c,1738320632,2025-01-31T10:50:32,50,CA,0,27,17,8,19,CLEAN,6,3,7
CM6KM8WN80,Mountain Pass,0,12,5dfda9b6d97045b3abe699c5f52eed2c,1738320632,2025-01-31T10:50:32,50,CA,0,28,17,8,13,CLEAN,6,2,5
CM6KM8WN80,Mountain Pass,0,12,5dfda9b6d97045b3abe699c5f52eed2c,1738320632,2025-01-31T10:50:32,50,CA,0,29,17,8,10,FARM,3,14,1
CM6KM8WN80,Mountain Pass,0,12,5dfda9b6d97045b3abe699c5f52eed2c,1738320632,2025-01-31T10:50:32,50,CA,0,30,17,8,15,CHOP,-5,8,4
CM6KM8WN80,Mountain Pass,0,12,5dfda9b6d97045b3abe699c5f52eed2c,1738320632,2025-01-31T10:50:32,50,CA,0,31,17,8,20,CHOP,-5,10,4
CM6KM8WN80,Mountain Pass,0,12,5dfda9b6d97045b3abe699c5f52eed2c,1738320632,2025-01-31T10:50:32,50,CA,0,32,17,8,14,CLEAN,6,0,3
CM6KM8WN80,Mountain Pass,0,12,5dfda9b6d97045b3abe699c5f52eed2c,1738320632,2025-01-31T10:50:32,50,CA,0,33,17,8,8,CLEAN,6,1,6
CM6KM8WN80,Mountain Pass,0,12,5dfda9b6d97045b3abe699c5f52eed2c,1738320632,2025-01-31T10:50:32,50,CA,0,34,17,8,13,CHOP,-5,2,6
CM6KM8WN80,Mountain Pass,0,12,5dfda9b6d97045b3abe699c5f52eed2c,1738320632,2025-01-31T10:50:32,50,CA,0,35,17,8,18,CHOP,-5,13,3
CM6KM8WN80,Mountain Pass,0,12,5dfda9b6d97045b3abe699c5f52eed2c,1738320632,2025-01-31T10:50:32,50,CA,0,36,17,8,8,PLANT_TREE,10,12,1
CM6KM8WN80,Mountain Pass,0,12,5dfda9b6d97045b3abe699c5f52eed2c,1738320632,2025-01-31T10:50:32,50,CA,0,37,17,8,13,CHOP,-5,12,6
CM6KM8WN80,Mountain Pass,0,12,5dfda9b6d97045b3abe699c5f52eed2c,1738320632,2025-01-31T10:50:32,50,CA,0,38,17,8,18,CHOP,-5,9,2
CM6KM8WN80,Mountain Pass,0,12,5dfda9b6d97045b3abe699c5f52eed2c,1738320632,2025-01-31T10:50:32,50,CA,0,39,17,8,12,CLEAN,6,4,1
CM6KM8WN80,Mountain Pass,0,12,5dfda9b6d97045b3abe699c5f52eed2c,1738320632,2025-01-31T10:50:32,50,CA,0,40,17,8,9,FARM,3,2,6
CM6KM8WN80,Mountain Pass,0,12,5dfda9b6d97045b3abe699c5f52eed2c,1738320632,2025-01-31T10:50:32,50,CA,0,41,17,8,14,CHOP,-5,11,2
CM6KM8WN80,Mountain Pass,0,12,5dfda9b6d97045b3abe699c5f52eed2c,1738320632,2025-01-31T10:50:32,50,CA,0,42,17,8,19,CHOP,-5,9,1
CM6KM8WN80,Mountain Pass,0,12,5dfda9b6d97045b3abe699c5f52eed2c,1738320632,2025-01-31T10:50:32,50,CA,0,43,17,8,13,CLEAN,6,5,4
CM6KM8WN80,Mountain Pass,0,12,5dfda9b6d97045b3abe699c5f52eed2c,1738320632,2025-01-31T10:50:32,50,CA,0,44,17,8,18,CHOP,-5,8,4
CM6KM8WN80,Mountain Pass,0,12,5dfda9b6d97045b3abe699c5f52eed2c,1738320632,2025-01-31T10:50:32,50,CA,0,45,17,8,12,CLEAN,6,6,1
CM6KM8WN80,Mountain Pass,0,12,5dfda9b6d97045b3abe699c5f52eed2c,1738320632,2025-01-31T10:50:32,50,CA,0,46,17,8,17,CHOP,-5,7,0
CM6KM8WN80,Mountain Pass,0,12,5dfda9b6d97045b3abe699c5f52eed2c,1738320632,2025-01-31T10:50:32,50,CA,0,47,17,8,22,CHOP,-5,7,0
CM6KM8WN80,Mountain Pass,0,12,5dfda9b6d97045b3abe699c5f52eed2c,1738320632,2025-01-31T10:50:32,50,CA,0,48,17,8,27,CHOP,-5,7,0
CM6KM8WN80,Mountain Pass,0,12,5dfda9b6d97045b3abe699c5f52eed2c,1738320632,2025-01-31T10:50:32,50,CA,0,49,17,8,32,CHOP,-5,7,0
CM6KM8WN80,Mountain Pass,0,12,5dfda9b6d97045b3abe699c5f52eed2c,1738320632,2025-01-31T10:50:32,50,CA,0,50,17,8,26,CLEAN,6,1,0
CM6KM8WN80,Mountain Pass,0,12,5dfda9b6d97045b3abe699c5f52eed2c,1738320632,2025-01-31T10:50:32,50,CA,0,51,17,8,20,CLEAN,6,10,6
CM6KM8WN80,Mountain Pass,0,12,5dfda9b6d97045b3abe699c5f52eed2c,1738320632,2025-01-31T10:50:32,50,CA,0,52,17,8,14,CLEAN,6,4,6
CM6KM8WN80,Mountain Pass,0,12,5dfda9b6d97045b3abe699c5f52eed2c,1738320632,2025-01-31T10:50:32,50,CA,0,53,17,8,19,CHOP,-5,8,4
CM6KM8WN80,Mountain Pass,0,12,5dfda9b6d97045b3abe699c5f52eed2c,1738320632,2025-01-31T10:50:32,50,CA,0,54,17,8,24,CHOP,-5,0,6
CM6KM8WN80,Mountain Pass,0,12,5dfda9b6d97045b3abe699c5f52eed2c,1738320632,2025-01-31T10:50:32,50,CA,0,55,17,8,18,CLEAN,6,0,6
CM6KM8WN80,Mountain Pass,0,12,5dfda9b6d97045b3abe699c5f52eed2c,1738320632,2025-01-31T10:50:32,50,CA,0,56,17,8,8,PLANT_TREE,10,2,4
CM6KM8WN80,Mountain Pass,0,12,5dfda9b6d97045b3abe699c5f52eed2c,1738320632,2025-01-31T10:50:32,50,CA,0,57,17,8,13,CHOP,-5,12,2
CM6KM8WN80,Mountain Pass,0,12,5dfda9b6d97045b3abe699c5f52eed2c,1738320632,2025-01-31T10:50:32,50,CA,0,58,17,8,18,CHOP,-5,12,6
CM6KM8WN80,Mountain Pass,0,12,5dfda9b6d97045b3abe699c5f52eed2c,1738320632,2025-01-31T10:50:32,50,CA,0,59,17,8,8,PLANT_TREE,10,9,5
CM6KM8WN80,Mountain Pass,0,12,5dfda9b6d97045b3abe699c5f52eed2c,1738320632,2025-01-31T10:50:32,50,CA,0,60,17,8,13,CHOP,-5,12,6
CM6KM8WN80,Mountain Pass,0,12,5dfda9b6d97045b3abe699c5f52eed2c,1738320632,2025-01-31T10:50:32,50,CA,0,61,17,8,18,CHOP,-5,12,6
CM6KM8WN80,Mountain Pass,0,12,5dfda9b6d97045b3abe699c5f52eed2c,1738320632,2025-01-31T10:50:32,50,CA,0,62,17,8,13,CONCRETE,5,4,6
CM6KM8WN80,Mountain Pass,0,12,5dfda9b6d97045b3abe699c5f52eed2c,1738320632,2025-01-31T10:50:32,50,CA,0,63,17,8,18,CHOP,-5,12,2
CM6KM8WN80,Mountain Pass,0,12,5dfda9b6d97045b3abe699c5f52eed2c,1738320632,2025-01-31T10:50:32,50,CA,0,64,17,8,8,PLANT_TREE,10,3,4
CM6KM8WN80,Mountain Pass,0,12,5dfda9b6d97045b3abe699c5f52eed2c,1738320632,2025-01-31T10:50:32,50,CA,0,65,17,8,13,CHOP,-5,11,3
CM6KM8WN80,Mountain Pass,0,12,5dfda9b6d97045b3abe699c5f52eed2c,1738320632,2025-01-31T10:50:32,50,CA,0,66,17,8,18,CHOP,-5,11,3
CM6KM8WN80,Mountain Pass,0,12,5dfda9b6d97045b3abe699c5f52eed2c,1738320632,2025-01-31T10:50:32,50,CA,0,67,17,8,23,CHOP,-5,11,3
CM6KM8WN80,Mountain Pass,0,12,5dfda9b6d97045b3abe699c5f52eed2c,1738320632,2025-01-31T10:50:32,50,CA,0,68,17,8,13,PLANT_TREE,10,4,1
CM6KM8WN80,Mountain Pass,0,12,5dfda9b6d97045b3abe699c5f52eed2c,1738320632,2025-01-31T10:50:32,50,CA,0,69,17,8,8,CONCRETE,5,0,6
CM6KM8WN80,Mountain Pass,0,12,5dfda9b6d97045b3abe699c5f52eed2c,1738320632,2025-01-31T10:50:32,50,CA,0,70,17,8,13,CHOP,-5,10,4
CM6KM8WN80,Mountain Pass,0,12,5dfda9b6d97045b3abe699c5f52eed2c,1738320632,2025-01-31T10:50:32,50,CA,0,71,17,8,18,CHOP,-5,10,4
CM6KM8WN80,Mountain Pass,0,12,5dfda9b6d97045b3abe699c5f52eed2c,1738320632,2025-01-31T10:50:32,50,CA,0,72,17,8,12,CLEAN,6,4,8
CM6KM8WN80,Mountain Pass,0,12,5dfda9b6d97045b3abe699c5f52eed2c,1738320632,2025-01-31T10:50:32,50,CA,0,73,17,8,17,CHOP,-5,12,4
CM6KM8WN80,Mountain Pass,0,12,5dfda9b6d97045b3abe699c5f52eed2c,1738320632,2025-01-31T10:50:32,50,CA,0,74,17,8,22,CHOP,-5,12,4
CM6KM8WN80,Mountain Pass,0,12,5dfda9b6d97045b3abe699c5f52eed2c,1738320632,2025-01-31T10:50:32,50,CA,0,75,17,8,27,CHOP,-5,12,4
CM6KM8WN80,Mountain Pass,0,12,5dfda9b6d97045b3abe699c5f52eed2c,1738320632,2025-01-31T10:50:32,50,CA,0,76,17,8,21,CLEAN,6,5,0
CM6KM8WN80,Mountain Pass,0,12,5dfda9b6d97045b3abe699c5f52eed2c,1738320632,2025-01-31T10:50:32,50,CA,0,77,17,8,26,CHOP,-5,9,5
CM6KM8WN80,Mountain Pass,0,12,5dfda9b6d97045b3abe699c5f52eed2c,1738320632,2025-01-31T10:50:32,50,CA,0,78,17,8,20,CLEAN,6,3,1
CM6KM8WN80,Mountain Pass,0,12,5dfda9b6d97045b3abe699c5f52eed2c,1738320632,2025-01-31T10:50:32,50,CA,0,79,17,8,14,CLEAN,6,5,2
CM6KM8WN80,Mountain Pass,0,12,5dfda9b6d97045b3abe699c5f52eed2c,1738320632,2025-01-31T10:50:32,50,CA,0,80,17,8,19,CHOP,-5,11,2
CM6KM8WN80,Mountain Pass,0,12,5dfda9b6d97045b3abe699c5f52eed2c,1738320632,2025-01-31T10:50:32,50,CA,0,81,17,8,24,CHOP,-5,11,2
CM6KM8WN80,Mountain Pass,0,12,5dfda9b6d97045b3abe699c5f52eed2c,1738320632,2025-01-31T10:50:32,50,CA,0,82,17,8,21,FARM,3,11,1
CM6KM8WN80,Mountain Pass,0,12,5dfda9b6d97045b3abe699c5f52eed2c,1738320632,2025-01-31T10:50:32,50,CA,0,83,17,8,26,CHOP,-5,4,1
CM6KM8WN80,Mountain Pass,0,12,5dfda9b6d97045b3abe699c5f52eed2c,1738320632,2025-01-31T10:50:32,50,CA,0,84,17,8,16,PLANT_TREE,10,5,4
CM6KM8WN80,Mountain Pass,0,12,5dfda9b6d97045b3abe699c5f52eed2c,1738320632,2025-01-31T10:50:32,50,CA,0,85,17,8,21,CHOP,-5,9,2
CM6KM8WN80,Mountain Pass,0,12,5dfda9b6d97045b3abe699c5f52eed2c,1738320632,2025-01-31T10:50:32,50,CA,0,86,17,8,26,CHOP,-5,9,2
CM6KM8WN80,Mountain Pass,0,12,5dfda9b6d97045b3abe699c5f52eed2c,1738320632,2025-01-31T10:50:32,50,CA,0,87,17,8,16,PLANT_TREE,10,0,4
CM6KM8WN80,Mountain Pass,0,12,5dfda9b6d97045b3abe699c5f52eed2c,1738320632,2025-01-31T10:50:32,50,CA,0,88,17,8,21,CHOP,-5,9,1
CM6KM8WN80,Mountain Pass,0,12,5dfda9b6d97045b3abe699c5f52eed2c,1738320632,2025-01-31T10:50:32,50,CA,0,89,17,8,26,CHOP,-5,13,3
CM6KM8WN80,Mountain Pass,0,12,5dfda9b6d97045b3abe699c5f52eed2c,1738320632,2025-01-31T10:50:32,50,CA,0,90,17,8,16,PLANT_TREE,10,7,7
CM6KM8WN80,Mountain Pass,0,12,5dfda9b6d97045b3abe699c5f52eed2c,1738320632,2025-01-31T10:50:32,50,CA,1,0,21,2,-8,PLANT_TREE,10,4,4
CM6KM8WN80,Mountain Pass,0,12,5dfda9b6d97045b3abe699c5f52eed2c,1738320632,2025-01-31T10:50:32,50,CA,1,1,21,2,-14,CLEAN,6,0,5
CM6KM8WN80,Mountain Pass,0,12,5dfda9b6d97045b3abe699c5f52eed2c,1738320632,2025-01-31T10:50:32,50,CA,1,2,21,2,-20,CLEAN,6,12,3
CM6KM8WN80,Mountain Pass,0,12,5dfda9b6d97045b3abe699c5f52eed2c,1738320632,2025-01-31T10:50:32,50,CA,1,3,21,2,-30,PLANT_TREE,10,1,5
CM6KM8WN80,Mountain Pass,0,12,5dfda9b6d97045b3abe699c5f52eed2c,1738320632,2025-01-31T10:50:32,50,CA,1,4,21,2,-40,PLANT_TREE,10,10,1
CM6KM8WN80,Mountain Pass,0,12,5dfda9b6d97045b3abe699c5f52eed2c,1738320632,2025-01-31T10:50:32,50,CA,1,5,21,2,-50,PLANT_TREE,10,2,5
CM6KM8WN80,Mountain Pass,0,12,5dfda9b6d97045b3abe699c5f52eed2c,1738320632,2025-01-31T10:50:32,50,CA,1,6,21,2,-45,CHOP,-5,5,4
CM6KM8WN80,Mountain Pass,0,12,5dfda9b6d97045b3abe699c5f52eed2c,1738320632,2025-01-31T10:50:32,50,CA,1,7,21,2,-40,CHOP,-5,7,7
CM6KM8WN80,Mountain Pass,0,12,5dfda9b6d97045b3abe699c5f52eed2c,1738320632,2025-01-31T10:50:32,50,CA,1,8,21,2,-35,CHOP,-5,7,7
CM6KM8WN80,Mountain Pass,0,12,5dfda9b6d97045b3abe699c5f52eed2c,1738320632,2025-01-31T10:50:32,50,CA,1,9,21,2,-38,FARM,3,4,8
CM6KM8WN80,Mountain Pass,0,12,5dfda9b6d97045b3abe699c5f52eed2c,1738320632,2025-01-31T10:50:32,50,CA,1,10,21,2,-41,FARM,3,14,2
CM6KM8WN80,Mountain Pass,0,12,5dfda9b6d97045b3abe699c5f52eed2c,1738320632,2025-01-31T10:50:32,50,CA,1,11,21,2,-44,FARM,3,0,7
CM6KM8WN80,Mountain Pass,0,12,5dfda9b6d97045b3abe699c5f52eed2c,1738320632,2025-01-31T10:50:32,50,CA,1,12,21,2,-50,CLEAN,6,1,3
CM6KM8WN80,Mountain Pass,0,12,5dfda9b6d97045b3abe699c5f52eed2c,1738320632,2025-01-31T10:50:32,50,CA,1,13,21,2,-53,FARM,3,6,7
CM6KM8WN80,Mountain Pass,0,12,5dfda9b6d97045b3abe699c5f52eed2c,1738320632,2025-01-31T10:50:32,50,CA,1,14,21,2,-48,CHOP,-5,9,2
CM6KM8WN80,Mountain Pass,0,12,5dfda9b6d97045b3abe699c5f52eed2c,1738320632,2025-01-31T10:50:32,50,CA,1,15,21,2,-43,CHOP,-5,10,1
CM6KM8WN80,Mountain Pass,0,12,5dfda9b6d97045b3abe699c5f52eed2c,1738320632,2025-01-31T10:50:32,50,CA,1,16,21,2,-38,CHOP,-5,12,2
CM6KM8WN80,Mountain Pass,0,12,5dfda9b6d97045b3abe699c5f52eed2c,1738320632,2025-01-31T10:50:32,50,CA,1,17,21,2,-33,CHOP,-5,13,3
CM6KM8WN80,Mountain Pass,0,12,5dfda9b6d97045b3abe699c5f52eed2c,1738320632,2025-01-31T10:50:32,50,CA,1,18,21,2,-39,CLEAN,6,10,0
CM6KM8WN80,Mountain Pass,0,12,5dfda9b6d97045b3abe699c5f52eed2c,1738320632,2025-01-31T10:50:32,50,CA,1,19,21,2,-42,FARM,3,3,7
CM6KM8WN80,Mountain Pass,0,12,5dfda9b6d97045b3abe699c5f52eed2c,1738320632,2025-01-31T10:50:32,50,CA,1,20,21,2,-48,CLEAN,6,4,2
CM6KM8WN80,Mountain Pass,0,12,5dfda9b6d97045b3abe699c5f52eed2c,1738320632,2025-01-31T10:50:32,50,CA,1,21,21,2,-43,CHOP,-5,12,1
CM6KM8WN80,Mountain Pass,0,12,5dfda9b6d97045b3abe699c5f52eed2c,1738320632,2025-01-31T10:50:32,50,CA,1,22,21,2,-38,CHOP,-5,9,1
CM6KM8WN80,Mountain Pass,0,12,5dfda9b6d97045b3abe699c5f52eed2c,1738320632,2025-01-31T10:50:32,50,CA,1,23,21,2,-33,CHOP,-5,12,1
CM6KM8WN80,Mountain Pass,0,12,5dfda9b6d97045b3abe699c5f52eed2c,1738320632,2025-01-31T10:50:32,50,CA,1,24,21,2,-39,CLEAN,6,4,2
CM6KM8WN80,Mountain Pass,0,12,5dfda9b6d97045b3abe699c5f52eed2c,1738320632,2025-01-31T10:50:32,50,CA,1,25,21,2,-45,CLEAN,6,8,1
CM6KM8WN80,Mountain Pass,0,12,5dfda9b6d97045b3abe699c5f52eed2c,1738320632,2025-01-31T10:50:32,50,CA,1,26,21,2,-51,CLEAN,6,4,2
CM6KM8WN80,Mountain Pass,0,12,5dfda9b6d97045b3abe699c5f52eed2c,1738320632,2025-01-31T10:50:32,50,CA,2,0,22,2,7,CHOP,-5,9,1
CM6KM8WN80,Mountain Pass,0,12,5dfda9b6d97045b3abe699c5f52eed2c,1738320632,2025-01-31T10:50:32,50,CA,2,1,22,2,12,CHOP,-5,9,1
CM6KM8WN80,Mountain Pass,0,12,5dfda9b6d97045b3abe699c5f52eed2c,1738320632,2025-01-31T10:50:32,50,CA,2,2,22,2,17,CHOP,-5,12,2
CM6KM8WN80,Mountain Pass,0,12,5dfda9b6d97045b3abe699c5f52eed2c,1738320632,2025-01-31T10:50:32,50,CA,2,3,22,2,22,CHOP,-5,12,2
CM6KM8WN80,Mountain Pass,0,12,5dfda9b6d97045b3abe699c5f52eed2c,1738320632,2025-01-31T10:50:32,50,CA,2,4,22,2,19,FARM,3,12,3
CM6KM8WN80,Mountain Pass,0,12,5dfda9b6d97045b3abe699c5f52eed2c,1738320632,2025-01-31T10:50:32,50,CA,2,5,22,2,16,FARM,3,8,1
CM6KM8WN80,Mountain Pass,0,12,5dfda9b6d97045b3abe699c5f52eed2c,1738320632,2025-01-31T10:50:32,50,CA,2,6,22,2,10,CLEAN,6,1,2
CM6KM8WN80,Mountain Pass,0,12,5dfda9b6d97045b3abe699c5f52eed2c,1738320632,2025-01-31T10:50:32,50,CA,2,7,22,2,15,CHOP,-5,0,4
CM6KM8WN80,Mountain Pass,0,12,5dfda9b6d97045b3abe699c5f52eed2c,1738320632,2025-01-31T10:50:32,50,CA,2,8,22,2,20,CHOP,-5,3,4
CM6KM8WN80,Mountain Pass,0,12,5dfda9b6d97045b3abe699c5f52eed2c,1738320632,2025-01-31T10:50:32,50,CA,2,9,22,2,10,PLANT_TREE,10,1,2
CM6KM8WN80,Mountain Pass,0,12,5dfda9b6d97045b3abe699c5f52eed2c,1738320632,2025-01-31T10:50:32,50,CA,2,10,22,2,15,CHOP,-5,3,4
CM6KM8WN80,Mountain Pass,0,12,5dfda9b6d97045b3abe699c5f52eed2c,1738320632,2025-01-31T10:50:32,50,CA,2,11,22,2,20,CHOP,-5,1,5
CM6KM8WN80,Mountain Pass,0,12,5dfda9b6d97045b3abe699c5f52eed2c,1738320632,2025-01-31T10:50:32,50,CA,2,12,22,2,14,CLEAN,6,5,0
CM6KM8WN80,Mountain Pass,0,12,5dfda9b6d97045b3abe699c5f52eed2c,1738320632,2025-01-31T10:50:32,50,CA,2,13,22,2,11,FARM,3,9,5
CM6KM8WN80,Mountain Pass,0,12,5dfda9b6d97045b3abe699c5f52eed2c,1738320632,2025-01-31T10:50:32,50,CA,2,14,22,2,5,CLEAN,6,3,0
CM6KM8WN80,Mountain Pass,0,12,5dfda9b6d97045b3abe699c5f52eed2c,1738320632,2025-01-31T10:50:32,50,CA,2,15,22,2,-1,CLEAN,6,2,0
CM6KM8WN80,Mountain Pass,0,12,5dfda9b6d97045b3abe699c5f52eed2c,1738320632,2025-01-31T10:50:32,50,CA,2,16,22,2,-4,FARM,3,10,6
CM6KM8WN80,Mountain Pass,0,12,5dfda9b6d97045b3abe699c5f52eed2c,1738320632,2025-01-31T10:50:32,50,CA,2,17,22,2,-7,FARM,3,7,7
CM6KM8WN80,Mountain Pass,0,12,5dfda9b6d97045b3abe699c5f52eed2c,1738320632,2025-01-31T10:50:32,50,CA,2,18,22,2,-17,PLANT_TREE,10,1,1
CM6KM8WN80,Mountain Pass,0,12,5dfda9b6d97045b3abe699c5f52eed2c,1738320632,2025-01-31T10:50:32,50,CA,2,19,22,2,-20,FARM,3,1,7
CM6KM8WN80,Mountain Pass,0,12,5dfda9b6d97045b3abe699c5f52eed2c,1738320632,2025-01-31T10:50:32,50,CA,2,20,22,2,-15,CHOP,-5,1,2
CM6KM8WN80,Mountain Pass,0,12,5dfda9b6d97045b3abe699c5f52eed2c,1738320632,2025-01-31T10:50:32,50,CA,2,21,22,2,-10,CHOP,-5,1,1
CM6KM8WN80,Mountain Pass,0,12,5dfda9b6d97045b3abe699c5f52eed2c,1738320632,2025-01-31T10:50:32,50,CA,2,22,22,2,-16,CLEAN,6,1,2
CM6KM8WN80,Mountain Pass,0,12,5dfda9b6d97045b3abe699c5f52eed2c,1738320632,2025-01-31T10:50:32,50,CA,2,23,22,2,-22,CLEAN,6,5,5
CM6KM8WN80,Mountain Pass,0,12,5dfda9b6d97045b3abe699c5f52eed2c,1738320632,2025-01-31T10:50:32,50,CA,2,24,22,2,-28,CLEAN,6,5,6
CM6KM8WN80,Mountain Pass,0,12,5dfda9b6d97045b3abe699c5f52eed2c,1738320632,2025-01-31T10:50:32,50,CA,2,25,22,2,-34,CLEAN,6,8,3
CM6KM8WN80,Mountain Pass,0,12,5dfda9b6d97045b3abe699c5f52eed2c,1738320632,2025-01-31T10:50:32,50,CA,2,26,22,2,-29,CHOP,-5,5,4
CM6KM8WN80,Mountain Pass,0,12,5dfda9b6d97045b3abe699c5f52eed2c,1738320632,2025-01-31T10:50:32,50,CA,2,27,22,2,-24,CHOP,-5,4,4
CM6KM8WN80,Mountain Pass,0,12,5dfda9b6d97045b3abe699c5f52eed2c,1738320632,2025-01-31T10:50:32,50,CA,2,28,22,2,-30,CLEAN,6,8,2
CM6KM8WN80,Mountain Pass,0,12,5dfda9b6d97045b3abe699c5f52eed2c,1738320632,2025-01-31T10:50:32,50,CA,2,29,22,2,-25,CHOP,-5,2,5
CM6KM8WN80,Mountain Pass,0,12,5dfda9b6d97045b3abe699c5f52eed2c,1738320632,2025-01-31T10:50:32,50,CA,2,30,22,2,-20,CHOP,-5,2,4
CM6KM8WN80,Mountain Pass,0,12,5dfda9b6d97045b3abe699c5f52eed2c,1738320632,2025-01-31T10:50:32,50,CA,2,31,22,2,-23,FARM,3,5,1
CM6KM8WN80,Mountain Pass,0,12,5dfda9b6d97045b3abe699c5f52eed2c,1738320632,2025-01-31T10:50:32,50,CA,2,32,22,2,-26,FARM,3,12,1
CM6KM8WN80,Mountain Pass,0,12,5dfda9b6d97045b3abe699c5f52eed2c,1738320632,2025-01-31T10:50:32,50,CA,2,33,22,2,-21,CHOP,-5,2,5
CM6KM8WN80,Mountain Pass,0,12,5dfda9b6d97045b3abe699c5f52eed2c,1738320632,2025-01-31T10:50:32,50,CA,2,34,22,2,-16,CHOP,-5,1,5
CM6KM8WN80,Mountain Pass,0,12,5dfda9b6d97045b3abe699c5f52eed2c,1738320632,2025-01-31T10:50:32,50,CA,2,35,22,2,-19,FARM,3,8,4
CM6KM8WN80,Mountain Pass,0,12,5dfda9b6d97045b3abe699c5f52eed2c,1738320632,2025-01-31T10:50:32,50,CA,2,36,22,2,-22,FARM,3,5,2
CM6KM8WN80,Mountain Pass,0,12,5dfda9b6d97045b3abe699c5f52eed2c,1738320632,2025-01-31T10:50:32,50,CA,2,37,22,2,-32,PLANT_TREE,10,1,5
CM6KM8WN80,Mountain Pass,0,12,5dfda9b6d97045b3abe699c5f52eed2c,1738320632,2025-01-31T10:50:32,50,CA,3,0,29,7,-3,PLANT_TREE,10,4,4
CM6KM8WN80,Mountain Pass,0,12,5dfda9b6d97045b3abe699c5f52eed2c,1738320632,2025-01-31T10:50:32,50,CA,4,0,34,42,32,PLANT_TREE,10,4,5
CM6KM8WN80,Mountain Pass,0,12,5dfda9b6d97045b3abe699c5f52eed2c,1738320632,2025-01-31T10:50:32,50,CA,4,1,34,42,22,PLANT_TREE,10,3,4
CM6KM8WN80,Mountain Pass,0,12,5dfda9b6d97045b3abe699c5f52eed2c,1738320632,2025-01-31T10:50:32,50,CA,4,2,34,42,12,PLANT_TREE,10,13,4
CM6KM8WN80,Mountain Pass,0,12,5dfda9b6d97045b3abe699c5f52eed2c,1738320632,2025-01-31T10:50:32,50,CA,4,3,34,42,2,PLANT_TREE,10,9,1
CM6KM8WN80,Mountain Pass,0,12,5dfda9b6d97045b3abe699c5f52eed2c,1738320632,2025-01-31T10:50:32,50,CA,4,4,34,42,-1,FARM,3,4,2
CM6KM8WN80,Mountain Pass,0,12,5dfda9b6d97045b3abe699c5f52eed2c,1738320632,2025-01-31T10:50:32,50,CA,4,5,34,42,-4,FARM,3,12,6
CM6KM8WN80,Mountain Pass,0,12,5dfda9b6d97045b3abe699c5f52eed2c,1738320632,2025-01-31T10:50:32,50,CA,4,6,34,42,-7,FARM,3,3,8
CM6KM8WN80,Mountain Pass,0,12,5dfda9b6d97045b3abe699c5f52eed2c,1738320632,2025-01-31T10:50:32,50,CA,4,7,34,42,-10,FARM,3,13,1
CM6KM8WN80,Mountain Pass,0,12,5dfda9b6d97045b3abe699c5f52eed2c,1738320632,2025-01-31T10:50:32,50,CA,5,0,38,35,29,CLEAN,6,3,5
CM6KM8WN80,Mountain Pass,0,12,5dfda9b6d97045b3abe699c5f52eed2c,1738320632,2025-01-31T10:50:32,50,CA,5,1,38,35,26,FARM,3,11,3
CM6KM8WN80,Mountain Pass,0,12,5dfda9b6d97045b3abe699c5f52eed2c,1738320632,2025-01-31T10:50:32,50,CA,5,2,38,35,21,CONCRETE,5,5,6
CM6KM8WN80,Mountain Pass,0,12,5dfda9b6d97045b3abe699c5f52eed2c,1738320632,2025-01-31T10:50:32,50,CA,5,3,38,35,15,CLEAN,6,2,4
CM6KM8WN80,Mountain Pass,0,12,5dfda9b6d97045b3abe699c5f52eed2c,1738320632,2025-01-31T10:50:32,50,CA,5,4,38,35,9,CLEAN,6,2,4
CM6KM8WN80,Mountain Pass,0,12,5dfda9b6d97045b3abe699c5f52eed2c,1738320632,2025-01-31T10:50:32,50,CA,5,5,38,35,-1,PLANT_TREE,10,11,6
CM6KM8WN80,Mountain Pass,0,12,5dfda9b6d97045b3abe699c5f52eed2c,1738320632,2025-01-31T10:50:32,50,CA,5,6,38,35,-11,PLANT_TREE,10,3,5
CM6KM8WN80,Mountain Pass,0,12,5dfda9b6d97045b3abe699c5f52eed2c,1738320632,2025-01-31T10:50:32,50,CA,5,7,38,35,-21,PLANT_TREE,10,0,5
CM6KM8WN80,Mountain Pass,0,12,5dfda9b6d97045b3abe699c5f52eed2c,1738320632,2025-01-31T10:50:32,50,CA,5,8,38,35,-31,PLANT_TREE,10,13,2
CM6KM8WN80,Mountain Pass,0,12,5dfda9b6d97045b3abe699c5f52eed2c,1738320632,2025-01-31T10:50:32,50,CA,5,9,38,35,-34,FARM,3,2,5
CM6KM8WN80,Mountain Pass,0,12,5dfda9b6d97045b3abe699c5f52eed2c,1738320632,2025-01-31T10:50:32,50,CA,5,10,38,35,-37,FARM,3,8,2
CM6KM8WN80,Mountain Pass,0,12,5dfda9b6d97045b3abe699c5f52eed2c,1738320632,2025-01-31T10:50:32,50,CA,5,11,38,35,-40,FARM,3,6,1
CM6KM8WN80,Mountain Pass,0,12,5dfda9b6d97045b3abe699c5f52eed2c,1738320632,2025-01-31T10:50:32,50,CA,5,12,38,35,-43,FARM,3,13,6
CM6KM8WN80,Mountain Pass,0,12,5dfda9b6d97045b3abe699c5f52eed2c,1738320632,2025-01-31T10:50:32,50,CA,5,13,38,35,-46,FARM,3,0,3
CM6KM8WN80,Mountain Pass,0,12,5dfda9b6d97045b3abe699c5f52eed2c,1738320632,2025-01-31T10:50:32,50,CA,5,14,38,35,-49,FARM,3,1,0
CM6KM8WN80,Mountain Pass,0,12,5dfda9b6d97045b3abe699c5f52eed2c,1738320632,2025-01-31T10:50:32,50,CA,5,15,38,35,-52,FARM,3,9,6
CM6KM8WN80,Mountain Pass,0,12,5dfda9b6d97045b3abe699c5f52eed2c,1738320632,2025-01-31T10:50:32,50,CA,6,0,44,28,22,CLEAN,6,2,4
CM6KM8WN80,Mountain Pass,0,12,5dfda9b6d97045b3abe699c5f52eed2c,1738320632,2025-01-31T10:50:32,50,CA,6,1,44,28,16,CLEAN,6,3,6
CM6KM8WN80,Mountain Pass,0,12,5dfda9b6d97045b3abe699c5f52eed2c,1738320632,2025-01-31T10:50:32,50,CA,6,2,44,28,10,CLEAN,6,2,4
CM6KM8WN80,Mountain Pass,0,12,5dfda9b6d97045b3abe699c5f52eed2c,1738320632,2025-01-31T10:50:32,50,CA,6,3,44,28,4,CLEAN,6,5,4
CM6KM8WN80,Mountain Pass,0,12,5dfda9b6d97045b3abe699c5f52eed2c,1738320632,2025-01-31T10:50:32,50,CA,6,4,44,28,-6,PLANT_TREE,10,5,4
CM6KM8WN80,Mountain Pass,0,12,5dfda9b6d97045b3abe699c5f52eed2c,1738320632,2025-01-31T10:50:32,50,CA,6,5,44,28,-16,PLANT_TREE,10,10,2
CM6KM8WN80,Mountain Pass,0,12,5dfda9b6d97045b3abe699c5f52eed2c,1738320632,2025-01-31T10:50:32,50,CA,6,6,44,28,-26,PLANT_TREE,10,1,2
CM6KM8WN80,Mountain Pass,0,12,5dfda9b6d97045b3abe699c5f52eed2c,1738320632,2025-01-31T10:50:32,50,CA,6,7,44,28,-36,PLANT_TREE,10,11,4
CM6KM8WN80,Mountain Pass,0,12,5dfda9b6d97045b3abe699c5f52eed2c,1738320632,2025-01-31T10:50:32,50,CA,6,8,44,28,-46,PLANT_TREE,10,8,3
CM6KM8WN80,Mountain Pass,0,12,5dfda9b6d97045b3abe699c5f52eed2c,1738320632,2025-01-31T10:50:32,50,CA,7,0,44,11,5,CLEAN,6,0,4
CM6KM8WN80,Mountain Pass,0,12,5dfda9b6d97045b3abe699c5f52eed2c,1738320632,2025-01-31T10:50:32,50,CA,7,1,44,11,-1,CLEAN,6,1,3
CM6KM8WN80,Mountain Pass,0,12,5dfda9b6d97045b3abe699c5f52eed2c,1738320632,2025-01-31T10:50:32,50,CA,7,2,44,11,-7,CLEAN,6,13,3
CM6KM8WN80,Mountain Pass,0,12,5dfda9b6d97045b3abe699c5f52eed2c,1738320632,2025-01-31T10:50:32,50,CA,7,3,44,11,-13,CLEAN,6,9,2
CM6KM8WN80,Mountain Pass,0,12,5dfda9b6d97045b3abe699c5f52eed2c,1738320632,2025-01-31T10:50:32,50,CA,7,4,44,11,-19,CLEAN,6,3,1
CM6KM8WN80,Mountain Pass,0,12,5dfda9b6d97045b3abe699c5f52eed2c,1738320632,2025-01-31T10:50:32,50,CA,7,5,44,11,-25,CLEAN,6,4,7
CM6KM8WN80,Mountain Pass,0,12,5dfda9b6d97045b3abe699c5f52eed2c,1738320632,2025-01-31T10:50:32,50,CA,7,6,44,11,-35,PLANT_TREE,10,14,3
CM6KM8WN80,Mountain Pass,0,12,5dfda9b6d97045b3abe699c5f52eed2c,1738320632,2025-01-31T10:50:32,50,CA,7,7,44,11,-45,PLANT_TREE,10,13,3
CM6KM8WN80,Mountain Pass,0,12,5dfda9b6d97045b3abe699c5f52eed2c,1738320632,2025-01-31T10:50:32,50,CA,7,8,44,11,-48,FARM,3,7,1
CM6KM8WN80,Mountain Pass,0,12,5dfda9b6d97045b3abe699c5f52eed2c,1738320632,2025-01-31T10:50:32,50,CA,7,9,44,11,-51,FARM,3,1,3
CM6KM8WN80,Mountain Pass,0,12,5dfda9b6d97045b3abe699c5f52eed2c,1738320632,2025-01-31T10:50:32,50,CA,7,10,44,11,-54,FARM,3,5,5
CM6KM8WN80,Mountain Pass,0,12,5dfda9b6d97045b3abe699c5f52eed2c,1738320632,2025-01-31T10:50:32,50,CA,7,11,44,11,-57,FARM,3,13,5
CM6KM8WN80,Mountain Pass,0,12,5dfda9b6d97045b3abe699c5f52eed2c,1738320632,2025-01-31T10:50:32,50,CA,7,12,44,11,-60,FARM,3,5,3
CM6KM8WN80,Mountain Pass,0,12,5dfda9b6d97045b3abe699c5f52eed2c,1738320632,2025-01-31T10:50:32,50,CA,8,0,39,4,-2,CLEAN,6,2,4
CM6KM8WN80,Mountain Pass,0,12,5dfda9b6d97045b3abe699c5f52eed2c,1738320632,2025-01-31T10:50:32,50,CA,8,1,39,4,-12,PLANT_TREE,10,2,4
CM6KM8WN80,Mountain Pass,0,12,5dfda9b6d97045b3abe699c5f52eed2c,1738320632,2025-01-31T10:50:32,50,CA,8,2,39,4,-15,FARM,3,10,1
CM6KM8WN80,Mountain Pass,0,12,5dfda9b6d97045b3abe699c5f52eed2c,1738320632,2025-01-31T10:50:32,50,CA,8,3,39,4,-21,CLEAN,6,5,7
CM6KM8WN80,Mountain Pass,0,12,5dfda9b6d97045b3abe699c5f52eed2c,1738320632,2025-01-31T10:50:32,50,CA,8,4,39,4,-27,CLEAN,6,12,4
CM6KM8WN80,Mountain Pass,0,12,5dfda9b6d97045b3abe699c5f52eed2c,1738320632,2025-01-31T10:50:32,50,CA,8,5,39,4,-33,CLEAN,6,12,2
CM6KM8WN80,Mountain Pass,0,12,5dfda9b6d97045b3abe699c5f52eed2c,1738320632,2025-01-31T10:50:32,50,CA,8,6,39,4,-36,FARM,3,0,4
CM6KM8WN80,Mountain Pass,0,12,5dfda9b6d97045b3abe699c5f52eed2c,1738320632,2025-01-31T10:50:32,50,CA,8,7,39,4,-31,CHOP,-5,4,5
CM6KM8WN80,Mountain Pass,0,12,5dfda9b6d97045b3abe699c5f52eed2c,1738320632,2025-01-31T10:50:32,50,CA,8,8,39,4,-34,FARM,3,4,1
CM6KM8WN80,Mountain Pass,0,12,5dfda9b6d97045b3abe699c5f52eed2c,1738320632,2025-01-31T10:50:32,50,CA,8,9,39,4,-29,CHOP,-5,9,1
CM6KM8WN80,Mountain Pass,0,12,5dfda9b6d97045b3abe699c5f52eed2c,1738320632,2025-01-31T10:50:32,50,CA,8,10,39,4,-32,FARM,3,1,1
CM6KM8WN80,Mountain Pass,0,12,5dfda9b6d97045b3abe699c5f52eed2c,1738320632,2025-01-31T10:50:32,50,CA,8,11,39,4,-27,CHOP,-5,13,2
CM6KM8WN80,Mountain Pass,0,12,5dfda9b6d97045b3abe699c5f52eed2c,1738320632,2025-01-31T10:50:32,50,CA,8,12,39,4,-33,CLEAN,6,12,4
CM6KM8WN80,Mountain Pass,0,12,5dfda9b6d97045b3abe699c5f52eed2c,1738320632,2025-01-31T10:50:32,50,CA,8,13,39,4,-36,FARM,3,3,1
CM6KM8WN80,Mountain Pass,0,12,5dfda9b6d97045b3abe699c5f52eed2c,1738320632,2025-01-31T10:50:32,50,CA,8,14,39,4,-31,CHOP,-5,9,1
CM6KM8WN80,Mountain Pass,0,12,5dfda9b6d97045b3abe699c5f52eed2c,1738320632,2025-01-31T10:50:32,50,CA,8,15,39,4,-26,CHOP,-5,3,4
CM6KM8WN80,Mountain Pass,0,12,5dfda9b6d97045b3abe699c5f52eed2c,1738320632,2025-01-31T10:50:32,50,CA,8,16,39,4,-32,CLEAN,6,2,7
CM6KM8WN80,Mountain Pass,0,12,5dfda9b6d97045b3abe699c5f52eed2c,1738320632,2025-01-31T10:50:32,50,CA,9,0,45,4,4,PASS,0,-1,-1
CM6KM8WN80,Mountain Pass,0,12,5dfda9b6d97045b3abe699c5f52eed2c,1738320632,2025-01-31T10:50:32,50,CA,10,0,51,67,61,CLEAN,6,5,7
CM6KM8WN80,Mountain Pass,0,12,5dfda9b6d97045b3abe699c5f52eed2c,1738320632,2025-01-31T10:50:32,50,CA,10,1,51,67,55,CLEAN,6,4,7
CM6KM8WN80,Mountain Pass,0,12,5dfda9b6d97045b3abe699c5f52eed2c,1738320632,2025-01-31T10:50:32,50,CA,10,2,51,67,49,CLEAN,6,3,6
CM6KM8WN80,Mountain Pass,0,12,5dfda9b6d97045b3abe699c5f52eed2c,1738320632,2025-01-31T10:50:32,50,CA,10,3,51,67,43,CLEAN,6,2,7
CM6KM8WN80,Mountain Pass,0,12,5dfda9b6d97045b3abe699c5f52eed2c,1738320632,2025-01-31T10:50:32,50,CA,10,4,51,67,37,CLEAN,6,1,6
CM6KM8WN80,Mountain Pass,0,12,5dfda9b6d97045b3abe699c5f52eed2c,1738320632,2025-01-31T10:50:32,50,CA,10,5,51,67,31,CLEAN,6,10,4
CM6KM8WN80,Mountain Pass,0,12,5dfda9b6d97045b3abe699c5f52eed2c,1738320632,2025-01-31T10:50:32,50,CA,10,6,51,67,25,CLEAN,6,9,2
CM6KM8WN80,Mountain Pass,0,12,5dfda9b6d97045b3abe699c5f52eed2c,1738320632,2025-01-31T10:50:32,50,CA,10,7,51,67,19,CLEAN,6,12,2
CM6KM8WN80,Mountain Pass,0,12,5dfda9b6d97045b3abe699c5f52eed2c,1738320632,2025-01-31T10:50:32,50,CA,10,8,51,67,13,CLEAN,6,3,0
CM6KM8WN80,Mountain Pass,0,12,5dfda9b6d97045b3abe699c5f52eed2c,1738320632,2025-01-31T10:50:32,50,CA,10,9,51,67,7,CLEAN,6,2,7
CM6KM8WN80,Mountain Pass,0,12,5dfda9b6d97045b3abe699c5f52eed2c,1738320632,2025-01-31T10:50:32,50,CA,10,10,51,67,1,CLEAN,6,9,0
CM6KM8WN80,Mountain Pass,0,12,5dfda9b6d97045b3abe699c5f52eed2c,1738320632,2025-01-31T10:50:32,50,CA,11,0,53,123,123,PASS,0,-1,-1
CM3REM9IF0,Mountain Pass,0,12,fe5c9c80c2834db19c90e4b5b3c3a952,1737371626,2025-01-20T11:13:46,50,AT,0,0,7,5,10,CHOP,-5,0,6
CM3REM9IF0,Mountain Pass,0,12,fe5c9c80c2834db19c90e4b5b3c3a952,1737371626,2025-01-20T11:13:46,50,AT,0,1,7,5,15,CHOP,-5,2,6
CM3REM9IF0,Mountain Pass,0,12,fe5c9c80c2834db19c90e4b5b3c3a952,1737371626,2025-01-20T11:13:46,50,AT,0,2,7,5,12,FARM,3,0,6
CM3REM9IF0,Mountain Pass,0,12,fe5c9c80c2834db19c90e4b5b3c3a952,1737371626,2025-01-20T11:13:46,50,AT,0,3,7,5,9,FARM,3,2,6
CM3REM9IF0,Mountain Pass,0,12,fe5c9c80c2834db19c90e4b5b3c3a952,1737371626,2025-01-20T11:13:46,50,AT,0,4,7,5,14,CHOP,-5,4,5
CM3REM9IF0,Mountain Pass,0,12,fe5c9c80c2834db19c90e4b5b3c3a952,1737371626,2025-01-20T11:13:46,50,AT,0,5,7,5,11,FARM,3,4,5
CM3REM9IF0,Mountain Pass,0,12,fe5c9c80c2834db19c90e4b5b3c3a952,1737371626,2025-01-20T11:13:46,50,AT,0,6,7,5,5,CLEAN,6,3,3
CM3REM9IF0,Mountain Pass,0,12,fe5c9c80c2834db19c90e4b5b3c3a952,1737371626,2025-01-20T11:13:46,50,AT,0,7,7,5,10,CHOP,-5,1,4
CM3REM9IF0,Mountain Pass,0,12,fe5c9c80c2834db19c90e4b5b3c3a952,1737371626,2025-01-20T11:13:46,50,AT,1,0,11,0,-6,CLEAN,6,1,6
CM3REM9IF0,Mountain Pass,0,12,fe5c9c80c2834db19c90e4b5b3c3a952,1737371626,2025-01-20T11:13:46,50,AT,1,1,11,0,-9,FARM,3,1,5
CM3REM9IF0,Mountain Pass,0,12,fe5c9c80c2834db19c90e4b5b3c3a952,1737371626,2025-01-20T11:13:46,50,AT,1,2,11,0,-12,FARM,3,1,7
CM3REM9IF0,Mountain Pass,0,12,fe5c9c80c2834db19c90e4b5b3c3a952,1737371626,2025-01-20T11:13:46,50,AT,1,3,11,0,-17,CONCRETE,5,3,4
CM3REM9IF0,Mountain Pass,0,12,fe5c9c80c2834db19c90e4b5b3c3a952,1737371626,2025-01-20T11:13:46,50,AT,2,0,13,1,-9,PLANT_TREE,10,10,6
CM3REM9IF0,Mountain Pass,0,12,fe5c9c80c2834db19c90e4b5b3c3a952,1737371626,2025-01-20T11:13:46,50,AT,2,1,13,1,-12,FARM,3,1,6
CM3REM9IF0,Mountain Pass,0,12,fe5c9c80c2834db19c90e4b5b3c3a952,1737371626,2025-01-20T11:13:46,50,AT,2,2,13,1,-18,CLEAN,6,2,5
CM3REM9IF0,Mountain Pass,0,12,fe5c9c80c2834db19c90e4b5b3c3a952,1737371626,2025-01-20T11:13:46,50,AT,3,0,15,0,-3,FARM,3,2,5
CM3REM9IF0,Mountain Pass,0,12,fe5c9c80c2834db19c90e4b5b3c3a952,1737371626,2025-01-20T11:13:46,50,AT,3,1,15,0,2,CHOP,-5,10,6
CM3REM9IF0,Mountain Pass,0,12,fe5c9c80c2834db19c90e4b5b3c3a952,1737371626,2025-01-20T11:13:46,50,AT,3,2,15,0,-4,CLEAN,6,10,5
CM3REM9IF0,Mountain Pass,0,12,fe5c9c80c2834db19c90e4b5b3c3a952,1737371626,2025-01-20T11:13:46,50,AT,3,3,15,0,-7,FARM,3,3,5
CM3REM9IF0,Mountain Pass,0,12,fe5c9c80c2834db19c90e4b5b3c3a952,1737371626,2025-01-20T11:13:46,50,AT,3,4,15,0,-17,PLANT_TREE,10,11,4
CM3REM9IF0,Mountain Pass,0,12,fe5c9c80c2834db19c90e4b5b3c3a952,1737371626,2025-01-20T11:13:46,50,AT,3,5,15,0,-23,CLEAN,6,4,4
CM3REM9IF0,Mountain Pass,0,12,fe5c9c80c2834db19c90e4b5b3c3a952,1737371626,2025-01-20T11:13:46,50,AT,4,0,17,2,-1,FARM,3,5,4
CM3REM9IF0,Mountain Pass,0,12,fe5c9c80c2834db19c90e4b5b3c3a952,1737371626,2025-01-20T11:13:46,50,AT,4,1,17,2,-4,FARM,3,1,4
CM3REM9IF0,Mountain Pass,0,12,fe5c9c80c2834db19c90e4b5b3c3a952,1737371626,2025-01-20T11:13:46,50,AT,4,2,17,2,-14,PLANT_TREE,10,12,3
CM3REM9IF0,Mountain Pass,0,12,fe5c9c80c2834db19c90e4b5b3c3a952,1737371626,2025-01-20T11:13:46,50,AT,4,3,17,2,-20,CLEAN,6,0,3
CM3REM9IF0,Mountain Pass,0,12,fe5c9c80c2834db19c90e4b5b3c3a952,1737371626,2025-01-20T11:13:46,50,AT,4,4,17,2,-23,FARM,3,0,4
CM3REM9IF0,Mountain Pass,0,12,fe5c9c80c2834db19c90e4b5b3c3a952,1737371626,2025-01-20T11:13:46,50,AT,5,0,21,2,-8,PLANT_TREE,10,13,2
CM3REM9IF0,Mountain Pass,0,12,fe5c9c80c2834db19c90e4b5b3c3a952,1737371626,2025-01-20T11:13:46,50,AT,5,1,21,2,-11,FARM,3,0,3
CM3REM9IF0,Mountain Pass,0,12,fe5c9c80c2834db19c90e4b5b3c3a952,1737371626,2025-01-20T11:13:46,50,AT,5,2,21,2,-17,CLEAN,6,2,3
CM3REM9IF0,Mountain Pass,0,12,fe5c9c80c2834db19c90e4b5b3c3a952,1737371626,2025-01-20T11:13:46,50,AT,5,3,21,2,-23,CLEAN,6,3,2
CM3REM9IF0,Mountain Pass,0,12,fe5c9c80c2834db19c90e4b5b3c3a952,1737371626,2025-01-20T11:13:46,50,AT,5,4,21,2,-28,CONCRETE,5,3,1
CM3REM9IF0,Mountain Pass,0,12,fe5c9c80c2834db19c90e4b5b3c3a952,1737371626,2025-01-20T11:13:46,50,AT,5,5,21,2,-31,FARM,3,1,3
CM3REM9IF0,Mountain Pass,0,12,fe5c9c80c2834db19c90e4b5b3c3a952,1737371626,2025-01-20T11:13:46,50,AT,6,0,24,0,-6,CLEAN,6,4,6
CM3REM9IF0,Mountain Pass,0,12,fe5c9c80c2834db19c90e4b5b3c3a952,1737371626,2025-01-20T11:13:46,50,AT,6,1,24,0,-9,FARM,3,3,6
CM3REM9IF0,Mountain Pass,0,12,fe5c9c80c2834db19c90e4b5b3c3a952,1737371626,2025-01-20T11:13:46,50,AT,6,2,24,0,-12,FARM,3,5,6
CM3REM9IF0,Mountain Pass,0,12,fe5c9c80c2834db19c90e4b5b3c3a952,1737371626,2025-01-20T11:13:46,50,AT,6,3,24,0,-22,PLANT_TREE,10,13,1
CM3REM9IF0,Mountain Pass,0,12,fe5c9c80c2834db19c90e4b5b3c3a952,1737371626,2025-01-20T11:13:46,50,AT,6,4,24,0,-28,CLEAN,6,5,1
CM3REM9IF0,Mountain Pass,0,12,fe5c9c80c2834db19c90e4b5b3c3a952,1737371626,2025-01-20T11:13:46,50,AT,6,5,24,0,-31,FARM,3,4,7
CM3REM9IF0,Mountain Pass,0,12,fe5c9c80c2834db19c90e4b5b3c3a952,1737371626,2025-01-20T11:13:46,50,AT,6,6,24,0,-34,FARM,3,7,1
CM3REM9IF0,Mountain Pass,0,12,fe5c9c80c2834db19c90e4b5b3c3a952,1737371626,2025-01-20T11:13:46,50,AT,6,7,24,0,-37,FARM,3,6,1
CM3REM9IF0,Mountain Pass,0,12,fe5c9c80c2834db19c90e4b5b3c3a952,1737371626,2025-01-20T11:13:46,50,AT,6,8,24,0,-47,PLANT_TREE,10,12,1
CM3REM9IF0,Mountain Pass,0,12,fe5c9c80c2834db19c90e4b5b3c3a952,1737371626,2025-01-20T11:13:46,50,AT,7,0,31,5,-1,CLEAN,6,1,0
CM3REM9IF0,Mountain Pass,0,12,fe5c9c80c2834db19c90e4b5b3c3a952,1737371626,2025-01-20T11:13:46,50,AT,7,1,31,5,-6,CONCRETE,5,1,0
CM3REM9IF0,Mountain Pass,0,12,fe5c9c80c2834db19c90e4b5b3c3a952,1737371626,2025-01-20T11:13:46,50,AT,7,2,31,5,-16,PLANT_TREE,10,11,1
CM3REM9IF0,Mountain Pass,0,12,fe5c9c80c2834db19c90e4b5b3c3a952,1737371626,2025-01-20T11:13:46,50,AT,7,3,31,5,-21,CONCRETE,5,4,1
CM3REM9IF0,Mountain Pass,0,12,fe5c9c80c2834db19c90e4b5b3c3a952,1737371626,2025-01-20T11:13:46,50,AT,7,4,31,5,-27,CLEAN,6,2,7
CM3REM9IF0,Mountain Pass,0,12,fe5c9c80c2834db19c90e4b5b3c3a952,1737371626,2025-01-20T11:13:46,50,AT,7,5,31,5,-30,FARM,3,6,0
CM3REM9IF0,Mountain Pass,0,12,fe5c9c80c2834db19c90e4b5b3c3a952,1737371626,2025-01-20T11:13:46,50,AT,7,6,31,5,-40,PLANT_TREE,10,10,1
CM3REM9IF0,Mountain Pass,0,12,fe5c9c80c2834db19c90e4b5b3c3a952,1737371626,2025-01-20T11:13:46,50,AT,7,7,31,5,-43,FARM,3,8,1
CM3REM9IF0,Mountain Pass,0,12,fe5c9c80c2834db19c90e4b5b3c3a952,1737371626,2025-01-20T11:13:46,50,AT,7,8,31,5,-46,FARM,3,10,0
CM3REM9IF0,Mountain Pass,0,12,fe5c9c80c2834db19c90e4b5b3c3a952,1737371626,2025-01-20T11:13:46,50,AT,8,0,36,10,7,FARM,3,2,7
CM3REM9IF0,Mountain Pass,0,12,fe5c9c80c2834db19c90e4b5b3c3a952,1737371626,2025-01-20T11:13:46,50,AT,8,1,36,10,4,FARM,3,3,7
CM3REM9IF0,Mountain Pass,0,12,fe5c9c80c2834db19c90e4b5b3c3a952,1737371626,2025-01-20T11:13:46,50,AT,8,2,36,10,1,FARM,3,4,6
CM3REM9IF0,Mountain Pass,0,12,fe5c9c80c2834db19c90e4b5b3c3a952,1737371626,2025-01-20T11:13:46,50,AT,8,3,36,10,-5,CLEAN,6,3,0
CM3REM9IF0,Mountain Pass,0,12,fe5c9c80c2834db19c90e4b5b3c3a952,1737371626,2025-01-20T11:13:46,50,AT,8,4,36,10,-15,PLANT_TREE,10,14,1
CM3REM9IF0,Mountain Pass,0,12,fe5c9c80c2834db19c90e4b5b3c3a952,1737371626,2025-01-20T11:13:46,50,AT,8,5,36,10,-25,PLANT_TREE,10,10,2
CM3REM9IF0,Mountain Pass,0,12,fe5c9c80c2834db19c90e4b5b3c3a952,1737371626,2025-01-20T11:13:46,50,AT,8,6,36,10,-35,PLANT_TREE,10,14,2
CM3REM9IF0,Mountain Pass,0,12,fe5c9c80c2834db19c90e4b5b3c3a952,1737371626,2025-01-20T11:13:46,50,AT,8,7,36,10,-45,PLANT_TREE,10,14,3
CM3REM9IF0,Mountain Pass,0,12,fe5c9c80c2834db19c90e4b5b3c3a952,1737371626,2025-01-20T11:13:46,50,AT,8,8,36,10,-51,CLEAN,6,9,3
CM3REM9IF0,Mountain Pass,0,12,fe5c9c80c2834db19c90e4b5b3c3a952,1737371626,2025-01-20T11:13:46,50,AT,8,9,36,10,-61,PLANT_TREE,10,10,6
CM3REM9IF0,Mountain Pass,0,12,fe5c9c80c2834db19c90e4b5b3c3a952,1737371626,2025-01-20T11:13:46,50,AT,8,10,36,10,-64,FARM,3,8,2
CM3REM9IF0,Mountain Pass,0,12,fe5c9c80c2834db19c90e4b5b3c3a952,1737371626,2025-01-20T11:13:46,50,AT,9,0,39,1,-9,PLANT_TREE,10,13,4
CM3REM9IF0,Mountain Pass,0,12,fe5c9c80c2834db19c90e4b5b3c3a952,1737371626,2025-01-20T11:13:46,50,AT,9,1,39,1,-19,PLANT_TREE,10,9,3
CM3REM9IF0,Mountain Pass,0,12,fe5c9c80c2834db19c90e4b5b3c3a952,1737371626,2025-01-20T11:13:46,50,AT,9,2,39,1,-29,PLANT_TREE,10,10,3
CM3REM9IF0,Mountain Pass,0,12,fe5c9c80c2834db19c90e4b5b3c3a952,1737371626,2025-01-20T11:13:46,50,AT,9,3,39,1,-35,CLEAN,6,9,5
CM3REM9IF0,Mountain Pass,0,12,fe5c9c80c2834db19c90e4b5b3c3a952,1737371626,2025-01-20T11:13:46,50,AT,9,4,39,1,-45,PLANT_TREE,10,9,4
CM3REM9IF0,Mountain Pass,0,12,fe5c9c80c2834db19c90e4b5b3c3a952,1737371626,2025-01-20T11:13:46,50,AT,9,5,39,1,-51,CLEAN,6,5,7
CM3REM9IF0,Mountain Pass,0,12,fe5c9c80c2834db19c90e4b5b3c3a952,1737371626,2025-01-20T11:13:46,50,AT,9,6,39,1,-54,FARM,3,5,7
CM3REM9IF0,Mountain Pass,0,12,fe5c9c80c2834db19c90e4b5b3c3a952,1737371626,2025-01-20T11:13:46,50,AT,9,7,39,1,-60,CLEAN,6,5,5
CM3REM9IF0,Mountain Pass,0,12,fe5c9c80c2834db19c90e4b5b3c3a952,1737371626,2025-01-20T11:13:46,50,AT,9,8,39,1,-63,FARM,3,5,5
CM3REM9IF0,Mountain Pass,0,12,fe5c9c80c2834db19c90e4b5b3c3a952,1737371626,2025-01-20T11:13:46,50,AT,9,9,39,1,-73,PLANT_TREE,10,8,3
CM3REM9IF0,Mountain Pass,0,12,fe5c9c80c2834db19c90e4b5b3c3a952,1737371626,2025-01-20T11:13:46,50,AT,9,10,39,1,-76,FARM,3,8,0
CM3REM9IF0,Mountain Pass,0,12,fe5c9c80c2834db19c90e4b5b3c3a952,1737371626,2025-01-20T11:13:46,50,AT,9,11,39,1,-79,FARM,3,9,0
CM3REM9IF0,Mountain Pass,0,12,fe5c9c80c2834db19c90e4b5b3c3a952,1737371626,2025-01-20T11:13:46,50,AT,9,12,39,1,-89,PLANT_TREE,10,13,5
CM3REM9IF0,Mountain Pass,0,12,fe5c9c80c2834db19c90e4b5b3c3a952,1737371626,2025-01-20T11:13:46,50,AT,10,0,43,1,-4,CONCRETE,5,5,1
CM3REM9IF0,Mountain Pass,0,12,fe5c9c80c2834db19c90e4b5b3c3a952,1737371626,2025-01-20T11:13:46,50,AT,10,1,43,1,-7,FARM,3,6,7
CM3REM9IF0,Mountain Pass,0,12,fe5c9c80c2834db19c90e4b5b3c3a952,1737371626,2025-01-20T11:13:46,50,AT,10,2,43,1,-13,CLEAN,6,7,7
CM3REM9IF0,Mountain Pass,0,12,fe5c9c80c2834db19c90e4b5b3c3a952,1737371626,2025-01-20T11:13:46,50,AT,10,3,43,1,-23,PLANT_TREE,10,12,5
CM3REM9IF0,Mountain Pass,0,12,fe5c9c80c2834db19c90e4b5b3c3a952,1737371626,2025-01-20T11:13:46,50,AT,10,4,43,1,-33,PLANT_TREE,10,11,5
CM3REM9IF0,Mountain Pass,0,12,fe5c9c80c2834db19c90e4b5b3c3a952,1737371626,2025-01-20T11:13:46,50,AT,10,5,43,1,-43,PLANT_TREE,10,10,5
CM3REM9IF0,Mountain Pass,0,12,fe5c9c80c2834db19c90e4b5b3c3a952,1737371626,2025-01-20T11:13:46,50,AT,10,6,43,1,-53,PLANT_TREE,10,9,5
CM3REM9IF0,Mountain Pass,0,12,fe5c9c80c2834db19c90e4b5b3c3a952,1737371626,2025-01-20T11:13:46,50,AT,10,7,43,1,-59,CLEAN,6,0,7
CM3REM9IF0,Mountain Pass,0,12,fe5c9c80c2834db19c90e4b5b3c3a952,1737371626,2025-01-20T11:13:46,50,AT,10,8,43,1,-62,FARM,3,0,7
CM3REM9IF0,Mountain Pass,0,12,fe5c9c80c2834db19c90e4b5b3c3a952,1737371626,2025-01-20T11:13:46,50,AT,10,9,43,1,-68,CLEAN,6,0,5
CM3REM9IF0,Mountain Pass,0,12,fe5c9c80c2834db19c90e4b5b3c3a952,1737371626,2025-01-20T11:13:46,50,AT,10,10,43,1,-71,FARM,3,0,5
CM3REM9IF0,Mountain Pass,0,12,fe5c9c80c2834db19c90e4b5b3c3a952,1737371626,2025-01-20T11:13:46,50,AT,11,0,48,16,11,CONCRETE,5,5,0
CM3REM9IF0,Mountain Pass,0,12,fe5c9c80c2834db19c90e4b5b3c3a952,1737371626,2025-01-20T11:13:46,50,AT,11,1,48,16,5,CLEAN,6,5,2
CM3REM9IF0,Mountain Pass,0,12,fe5c9c80c2834db19c90e4b5b3c3a952,1737371626,2025-01-20T11:13:46,50,AT,11,2,48,16,-1,CLEAN,6,1,2
CM3REM9IF0,Mountain Pass,0,12,fe5c9c80c2834db19c90e4b5b3c3a952,1737371626,2025-01-20T11:13:46,50,AT,11,3,48,16,-11,PLANT_TREE,10,13,6
CM3REM9IF0,Mountain Pass,0,12,fe5c9c80c2834db19c90e4b5b3c3a952,1737371626,2025-01-20T11:13:46,50,AT,11,4,48,16,-21,PLANT_TREE,10,9,6
CM3REM9IF0,Mountain Pass,0,12,fe5c9c80c2834db19c90e4b5b3c3a952,1737371626,2025-01-20T11:13:46,50,AT,11,5,48,16,-24,FARM,3,5,3
CM3REM9IF0,Mountain Pass,0,12,fe5c9c80c2834db19c90e4b5b3c3a952,1737371626,2025-01-20T11:13:46,50,AT,11,6,48,16,-27,FARM,3,7,7
CM3REM9IF0,Mountain Pass,0,12,fe5c9c80c2834db19c90e4b5b3c3a952,1737371626,2025-01-20T11:13:46,50,AT,11,7,48,16,-33,CLEAN,6,3,8
CM3REM9IF0,Mountain Pass,0,12,fe5c9c80c2834db19c90e4b5b3c3a952,1737371626,2025-01-20T11:13:46,50,AT,11,8,48,16,-36,FARM,3,3,8
CM3REM9IF0,Mountain Pass,0,12,fe5c9c80c2834db19c90e4b5b3c3a952,1737371626,2025-01-20T11:13:46,50,AT,11,9,48,16,-39,FARM,3,4,8
CM6JQ8G7A0,Mountain Pass,0,12,fde3779f1c614721ac303d3fb90fd4d3,1738266471,2025-01-30T19:47:51,50,DE,0,0,9,1,6,CHOP,-5,9,1
CM6JQ8G7A0,Mountain Pass,0,12,fde3779f1c614721ac303d3fb90fd4d3,1738266471,2025-01-30T19:47:51,50,DE,0,1,9,1,11,CHOP,-5,11,2
CM6JQ8G7A0,Mountain Pass,0,12,fde3779f1c614721ac303d3fb90fd4d3,1738266471,2025-01-30T19:47:51,50,DE,0,2,9,1,16,CHOP,-5,11,3
CM6JQ8G7A0,Mountain Pass,0,12,fde3779f1c614721ac303d3fb90fd4d3,1738266471,2025-01-30T19:47:51,50,DE,0,3,9,1,10,CLEAN,6,2,3
CM6JQ8G7A0,Mountain Pass,0,12,fde3779f1c614721ac303d3fb90fd4d3,1738266471,2025-01-30T19:47:51,50,DE,0,4,9,1,7,FARM,3,1,3
CM6JQ8G7A0,Mountain Pass,0,12,fde3779f1c614721ac303d3fb90fd4d3,1738266471,2025-01-30T19:47:51,50,DE,0,5,9,1,4,FARM,3,2,2
CM6JQ8G7A0,Mountain Pass,0,12,fde3779f1c614721ac303d3fb90fd4d3,1738266471,2025-01-30T19:47:51,50,DE,0,6,9,1,1,FARM,3,2,4
CM6JQ8G7A0,Mountain Pass,0,12,fde3779f1c614721ac303d3fb90fd4d3,1738266471,2025-01-30T19:47:51,50,DE,0,7,9,1,6,CHOP,-5,12,6
CM6JQ8G7A0,Mountain Pass,0,12,fde3779f1c614721ac303d3fb90fd4d3,1738266471,2025-01-30T19:47:51,50,DE,0,8,9,1,11,CHOP,-5,11,6
CM6JQ8G7A0,Mountain Pass,0,12,fde3779f1c614721ac303d3fb90fd4d3,1738266471,2025-01-30T19:47:51,50,DE,0,9,9,1,16,CHOP,-5,8,4
CM6JQ8G7A0,Mountain Pass,0,12,fde3779f1c614721ac303d3fb90fd4d3,1738266471,2025-01-30T19:47:51,50,DE,0,10,9,1,10,CLEAN,6,4,2
CM6JQ8G7A0,Mountain Pass,0,12,fde3779f1c614721ac303d3fb90fd4d3,1738266471,2025-01-30T19:47:51,50,DE,0,11,9,1,5,CONCRETE,5,8,0
CM6JQ8G7A0,Mountain Pass,0,12,fde3779f1c614721ac303d3fb90fd4d3,1738266471,2025-01-30T19:47:51,50,DE,0,12,9,1,2,FARM,3,9,0
CM6JQ8G7A0,Mountain Pass,0,12,fde3779f1c614721ac303d3fb90fd4d3,1738266471,2025-01-30T19:47:51,50,DE,1,0,17,21,15,CLEAN,6,4,4
CM6JQ8G7A0,Mountain Pass,0,12,fde3779f1c614721ac303d3fb90fd4d3,1738266471,2025-01-30T19:47:51,50,DE,1,1,17,21,20,CHOP,-5,4,5
CM6JQ8G7A0,Mountain Pass,0,12,fde3779f1c614721ac303d3fb90fd4d3,1738266471,2025-01-30T19:47:51,50,DE,1,2,17,21,14,CLEAN,6,4,1
CM6JQ8G7A0,Mountain Pass,0,12,fde3779f1c614721ac303d3fb90fd4d3,1738266471,2025-01-30T19:47:51,50,DE,1,3,17,21,19,CHOP,-5,2,6
CM6JQ8G7A0,Mountain Pass,0,12,fde3779f1c614721ac303d3fb90fd4d3,1738266471,2025-01-30T19:47:51,50,DE,1,4,17,21,24,CHOP,-5,2,6
CM6JQ8G7A0,Mountain Pass,0,12,fde3779f1c614721ac303d3fb90fd4d3,1738266471,2025-01-30T19:47:51,50,DE,1,5,17,21,29,CHOP,-5,1,4
CM6JQ8G7A0,Mountain Pass,0,12,fde3779f1c614721ac303d3fb90fd4d3,1738266471,2025-01-30T19:47:51,50,DE,1,6,17,21,34,CHOP,-5,1,4
CM6JQ8G7A0,Mountain Pass,0,12,fde3779f1c614721ac303d3fb90fd4d3,1738266471,2025-01-30T19:47:51,50,DE,1,7,17,21,39,CHOP,-5,0,6
CM6JQ8G7A0,Mountain Pass,0,12,fde3779f1c614721ac303d3fb90fd4d3,1738266471,2025-01-30T19:47:51,50,DE,1,8,17,21,44,CHOP,-5,0,6
CM6JQ8G7A0,Mountain Pass,0,12,fde3779f1c614721ac303d3fb90fd4d3,1738266471,2025-01-30T19:47:51,50,DE,1,9,17,21,39,CONCRETE,5,4,0
CM6JQ8G7A0,Mountain Pass,0,12,fde3779f1c614721ac303d3fb90fd4d3,1738266471,2025-01-30T19:47:51,50,DE,1,10,17,21,33,CLEAN,6,3,2
CM6JQ8G7A0,Mountain Pass,0,12,fde3779f1c614721ac303d3fb90fd4d3,1738266471,2025-01-30T19:47:51,50,DE,1,11,17,21,28,CONCRETE,5,5,1
CM6JQ8G7A0,Mountain Pass,0,12,fde3779f1c614721ac303d3fb90fd4d3,1738266471,2025-01-30T19:47:51,50,DE,1,12,17,21,23,CONCRETE,5,3,1
CM6JQ8G7A0,Mountain Pass,0,12,fde3779f1c614721ac303d3fb90fd4d3,1738266471,2025-01-30T19:47:51,50,DE,2,0,23,21,15,CLEAN,6,1,5
CM6JQ8G7A0,Mountain Pass,0,12,fde3779f1c614721ac303d3fb90fd4d3,1738266471,2025-01-30T19:47:51,50,DE,2,1,23,21,12,FARM,3,0,5
CM6JQ8G7A0,Mountain Pass,0,12,fde3779f1c614721ac303d3fb90fd4d3,1738266471,2025-01-30T19:47:51,50,DE,2,2,23,21,9,FARM,3,1,5
CM6JQ8G7A0,Mountain Pass,0,12,fde3779f1c614721ac303d3fb90fd4d3,1738266471,2025-01-30T19:47:51,50,DE,2,3,23,21,6,FARM,3,2,5
CM6JQ8G7A0,Mountain Pass,0,12,fde3779f1c614721ac303d3fb90fd4d3,1738266471,2025-01-30T19:47:51,50,DE,2,4,23,21,3,FARM,3,1,4
CM6JQ8G7A0,Mountain Pass,0,12,fde3779f1c614721ac303d3fb90fd4d3,1738266471,2025-01-30T19:47:51,50,DE,2,5,23,21,0,FARM,3,2,6
CM6JQ8G7A0,Mountain Pass,0,12,fde3779f1c614721ac303d3fb90fd4d3,1738266471,2025-01-30T19:47:51,50,DE,2,6,23,21,-3,FARM,3,0,6
CM6JQ8G7A0,Mountain Pass,0,12,fde3779f1c614721ac303d3fb90fd4d3,1738266471,2025-01-30T19:47:51,50,DE,2,7,23,21,-8,CONCRETE,5,4,1
CM6JQ8G7A0,Mountain Pass,0,12,fde3779f1c614721ac303d3fb90fd4d3,1738266471,2025-01-30T19:47:51,50,DE,3,0,31,0,-6,CLEAN,6,4,4
CM6JQ8G7A0,Mountain Pass,0,12,fde3779f1c614721ac303d3fb90fd4d3,1738266471,2025-01-30T19:47:51,50,DE,3,1,31,0,-12,CLEAN,6,5,2
CM6JQ8G7A0,Mountain Pass,0,12,fde3779f1c614721ac303d3fb90fd4d3,1738266471,2025-01-30T19:47:51,50,DE,3,2,31,0,-18,CLEAN,6,6,1
CM6JQ8G7A0,Mountain Pass,0,12,fde3779f1c614721ac303d3fb90fd4d3,1738266471,2025-01-30T19:47:51,50,DE,3,3,31,0,-23,CONCRETE,5,6,0
CM6JQ8G7A0,Mountain Pass,0,12,fde3779f1c614721ac303d3fb90fd4d3,1738266471,2025-01-30T19:47:51,50,DE,3,4,31,0,-28,CONCRETE,5,6,1
CM6JQ8G7A0,Mountain Pass,0,12,fde3779f1c614721ac303d3fb90fd4d3,1738266471,2025-01-30T19:47:51,50,DE,3,5,31,0,-34,CLEAN,6,10,5
CM6JQ8G7A0,Mountain Pass,0,12,fde3779f1c614721ac303d3fb90fd4d3,1738266471,2025-01-30T19:47:51,50,DE,3,6,31,0,-37,FARM,3,1,6
CM6JQ8G7A0,Mountain Pass,0,12,fde3779f1c614721ac303d3fb90fd4d3,1738266471,2025-01-30T19:47:51,50,DE,3,7,31,0,-40,FARM,3,2,3
CM6JQ8G7A0,Mountain Pass,0,12,fde3779f1c614721ac303d3fb90fd4d3,1738266471,2025-01-30T19:47:51,50,DE,3,8,31,0,-43,FARM,3,3,4
CM6JQ8G7A0,Mountain Pass,0,12,fde3779f1c614721ac303d3fb90fd4d3,1738266471,2025-01-30T19:47:51,50,DE,3,9,31,0,-46,FARM,3,4,4
CM6JQ8G7A0,Mountain Pass,0,12,fde3779f1c614721ac303d3fb90fd4d3,1738266471,2025-01-30T19:47:51,50,DE,3,10,31,0,-49,FARM,3,5,4
CM6JQ8G7A0,Mountain Pass,0,12,fde3779f1c614721ac303d3fb90fd4d3,1738266471,2025-01-30T19:47:51,50,DE,3,11,31,0,-52,FARM,3,4,5
CM6JQ8G7A0,Mountain Pass,0,12,fde3779f1c614721ac303d3fb90fd4d3,1738266471,2025-01-30T19:47:51,50,DE,3,12,31,0,-58,CLEAN,6,3,6
CM6JQ8G7A0,Mountain Pass,0,12,fde3779f1c614721ac303d3fb90fd4d3,1738266471,2025-01-30T19:47:51,50,DE,3,13,31,0,-61,FARM,3,3,5
CM6JQ8G7A0,Mountain Pass,0,12,fde3779f1c614721ac303d3fb90fd4d3,1738266471,2025-01-30T19:47:51,50,DE,3,14,31,0,-64,FARM,3,4,6
CM6JQ8G7A0,Mountain Pass,0,12,fde3779f1c614721ac303d3fb90fd4d3,1738266471,2025-01-30T19:47:51,50,DE,3,15,31,0,-67,FARM,3,3,6
CM6JQ8G7A0,Mountain Pass,0,12,fde3779f1c614721ac303d3fb90fd4d3,1738266471,2025-01-30T19:47:51,50,DE,4,0,43,30,35,CHOP,-5,9,1
CM6JQ8G7A0,Mountain Pass,0,12,fde3779f1c614721ac303d3fb90fd4d3,1738266471,2025-01-30T19:47:51,50,DE,4,1,43,30,40,CHOP,-5,9,1
CM6JQ8G7A0,Mountain Pass,0,12,fde3779f1c614721ac303d3fb90fd4d3,1738266471,2025-01-30T19:47:51,50,DE,4,2,43,30,45,CHOP,-5,9,1
CM6JQ8G7A0,Mountain Pass,0,12,fde3779f1c614721ac303d3fb90fd4d3,1738266471,2025-01-30T19:47:51,50,DE,4,3,43,30,39,CLEAN,6,3,7
CM6JQ8G7A0,Mountain Pass,0,12,fde3779f1c614721ac303d3fb90fd4d3,1738266471,2025-01-30T19:47:51,50,DE,4,4,43,30,36,FARM,3,4,7
CM6JQ8G7A0,Mountain Pass,0,12,fde3779f1c614721ac303d3fb90fd4d3,1738266471,2025-01-30T19:47:51,50,DE,4,5,43,30,33,FARM,3,2,7
CM6JQ8G7A0,Mountain Pass,0,12,fde3779f1c614721ac303d3fb90fd4d3,1738266471,2025-01-30T19:47:51,50,DE,4,6,43,30,30,FARM,3,3,7
CM6JQ8G7A0,Mountain Pass,0,12,fde3779f1c614721ac303d3fb90fd4d3,1738266471,2025-01-30T19:47:51,50,DE,4,7,43,30,27,FARM,3,3,8
CM6JQ8G7A0,Mountain Pass,0,12,fde3779f1c614721ac303d3fb90fd4d3,1738266471,2025-01-30T19:47:51,50,DE,4,8,43,30,22,CONCRETE,5,3,2
CM6JQ8G7A0,Mountain Pass,0,12,fde3779f1c614721ac303d3fb90fd4d3,1738266471,2025-01-30T19:47:51,50,DE,4,9,43,30,17,CONCRETE,5,4,2
CM6JQ8G7A0,Mountain Pass,0,12,fde3779f1c614721ac303d3fb90fd4d3,1738266471,2025-01-30T19:47:51,50,DE,4,10,43,30,11,CLEAN,6,5,7
CM6JQ8G7A0,Mountain Pass,0,12,fde3779f1c614721ac303d3fb90fd4d3,1738266471,2025-01-30T19:47:51,50,DE,4,11,43,30,8,FARM,3,5,6
CM6JQ8G7A0,Mountain Pass,0,12,fde3779f1c614721ac303d3fb90fd4d3,1738266471,2025-01-30T19:47:51,50,DE,4,12,43,30,5,FARM,3,6,7
CM6JQ8G7A0,Mountain Pass,0,12,fde3779f1c614721ac303d3fb90fd4d3,1738266471,2025-01-30T19:47:51,50,DE,4,13,43,30,2,FARM,3,5,7
CM6JQ8G7A0,Mountain Pass,0,12,fde3779f1c614721ac303d3fb90fd4d3,1738266471,2025-01-30T19:47:51,50,DE,5,0,52,51,45,CLEAN,6,9,6
CM6JQ8G7A0,Mountain Pass,0,12,fde3779f1c614721ac303d3fb90fd4d3,1738266471,2025-01-30T19:47:51,50,DE,5,1,52,51,39,CLEAN,6,1,0
CM6JQ8G7A0,Mountain Pass,0,12,fde3779f1c614721ac303d3fb90fd4d3,1738266471,2025-01-30T19:47:51,50,DE,5,2,52,51,34,CONCRETE,5,2,0
CM6JQ8G7A0,Mountain Pass,0,12,fde3779f1c614721ac303d3fb90fd4d3,1738266471,2025-01-30T19:47:51,50,DE,5,3,52,51,29,CONCRETE,5,1,0
CM6JQ8G7A0,Mountain Pass,0,12,fde3779f1c614721ac303d3fb90fd4d3,1738266471,2025-01-30T19:47:51,50,DE,5,4,52,51,24,CONCRETE,5,1,1
CM6JQ8G7A0,Mountain Pass,0,12,fde3779f1c614721ac303d3fb90fd4d3,1738266471,2025-01-30T19:47:51,50,DE,5,5,52,51,18,CLEAN,6,0,3
CM6JQ8G7A0,Mountain Pass,0,12,fde3779f1c614721ac303d3fb90fd4d3,1738266471,2025-01-30T19:47:51,50,DE,5,6,52,51,15,FARM,3,0,3
CM6JQ8G7A0,Mountain Pass,0,12,fde3779f1c614721ac303d3fb90fd4d3,1738266471,2025-01-30T19:47:51,50,DE,5,7,52,51,12,FARM,3,0,4
CM6JQ8G7A0,Mountain Pass,0,12,fde3779f1c614721ac303d3fb90fd4d3,1738266471,2025-01-30T19:47:51,50,DE,5,8,52,51,9,FARM,3,3,3
CM6JQ8G7A0,Mountain Pass,0,12,fde3779f1c614721ac303d3fb90fd4d3,1738266471,2025-01-30T19:47:51,50,DE,5,9,52,51,6,FARM,3,5,3
CM6JQ8G7A0,Mountain Pass,0,12,fde3779f1c614721ac303d3fb90fd4d3,1738266471,2025-01-30T19:47:51,50,DE,5,10,52,51,3,FARM,3,5,2
CM6JQ8G7A0,Mountain Pass,0,12,fde3779f1c614721ac303d3fb90fd4d3,1738266471,2025-01-30T19:47:51,50,DE,5,11,52,51,-3,CLEAN,6,0,7
CM6JQ8G7A0,Mountain Pass,0,12,fde3779f1c614721ac303d3fb90fd4d3,1738266471,2025-01-30T19:47:51,50,DE,5,12,52,51,-6,FARM,3,1,7
CM6JQ8G7A0,Mountain Pass,0,12,fde3779f1c614721ac303d3fb90fd4d3,1738266471,2025-01-30T19:47:51,50,DE,5,13,52,51,-9,FARM,3,0,7
CM6JQ8G7A0,Mountain Pass,0,12,fde3779f1c614721ac303d3fb90fd4d3,1738266471,2025-01-30T19:47:51,50,DE,5,14,52,51,-15,CLEAN,6,4,8
CM6JQ8G7A0,Mountain Pass,0,12,fde3779f1c614721ac303d3fb90fd4d3,1738266471,2025-01-30T19:47:51,50,DE,5,15,52,51,-18,FARM,3,4,8
CM6JQ8G7A0,Mountain Pass,0,12,fde3779f1c614721ac303d3fb90fd4d3,1738266471,2025-01-30T19:47:51,50,DE,5,16,52,51,-24,CLEAN,6,7,7
CM6JQ8G7A0,Mountain Pass,0,12,fde3779f1c614721ac303d3fb90fd4d3,1738266471,2025-01-30T19:47:51,50,DE,5,17,52,51,-27,FARM,3,7,7
CM6JQ8G7A0,Mountain Pass,0,12,fde3779f1c614721ac303d3fb90fd4d3,1738266471,2025-01-30T19:47:51,50,DE,5,18,52,51,-33,CLEAN,6,5,5
CM6JQ8G7A0,Mountain Pass,0,12,fde3779f1c614721ac303d3fb90fd4d3,1738266471,2025-01-30T19:47:51,50,DE,5,19,52,51,-36,FARM,3,5,5
CM6JQ8G7A0,Mountain Pass,0,12,fde3779f1c614721ac303d3fb90fd4d3,1738266471,2025-01-30T19:47:51,50,DE,6,0,59,51,46,CONCRETE,5,10,0
CM6JQ8G7A0,Mountain Pass,0,12,fde3779f1c614721ac303d3fb90fd4d3,1738266471,2025-01-30T19:47:51,50,DE,6,1,59,51,36,PLANT_TREE,10,13,6
CM6JQ8G7A0,Mountain Pass,0,12,fde3779f1c614721ac303d3fb90fd4d3,1738266471,2025-01-30T19:47:51,50,DE,6,2,59,51,26,PLANT_TREE,10,10,6
CM6JQ8G7A0,Mountain Pass,0,12,fde3779f1c614721ac303d3fb90fd4d3,1738266471,2025-01-30T19:47:51,50,DE,6,3,59,51,16,PLANT_TREE,10,9,6
CM6JQ8G7A0,Mountain Pass,0,12,fde3779f1c614721ac303d3fb90fd4d3,1738266471,2025-01-30T19:47:51,50,DE,6,4,59,51,6,PLANT_TREE,10,13,5
CM6JQ8G7A0,Mountain Pass,0,12,fde3779f1c614721ac303d3fb90fd4d3,1738266471,2025-01-30T19:47:51,50,DE,6,5,59,51,-4,PLANT_TREE,10,12,5
CM6JQ8G7A0,Mountain Pass,0,12,fde3779f1c614721ac303d3fb90fd4d3,1738266471,2025-01-30T19:47:51,50,DE,6,6,59,51,-14,PLANT_TREE,10,11,5
CM6JQ8G7A0,Mountain Pass,0,12,fde3779f1c614721ac303d3fb90fd4d3,1738266471,2025-01-30T19:47:51,50,DE,6,7,59,51,-24,PLANT_TREE,10,10,5
CM6JQ8G7A0,Mountain Pass,0,12,fde3779f1c614721ac303d3fb90fd4d3,1738266471,2025-01-30T19:47:51,50,DE,6,8,59,51,-34,PLANT_TREE,10,9,5
CM6JQ8G7A0,Mountain Pass,0,12,fde3779f1c614721ac303d3fb90fd4d3,1738266471,2025-01-30T19:47:51,50,DE,7,0,65,148,148,PASS,0,-1,-1
CM6JQ8G7A0,Mountain Pass,0,12,fde3779f1c614721ac303d3fb90fd4d3,1738266471,2025-01-30T19:47:51,50,DE,8,0,67,224,218,CLEAN,6,1,2
CM6JQ8G7A0,Mountain Pass,0,12,fde3779f1c614721ac303d3fb90fd4d3,1738266471,2025-01-30T19:47:51,50,DE,8,1,67,224,212,CLEAN,6,3,0
CM6JQ8G7A0,Mountain Pass,0,12,fde3779f1c614721ac303d3fb90fd4d3,1738266471,2025-01-30T19:47:51,50,DE,8,2,67,224,206,CLEAN,6,5,0
CM6JQ8G7A0,Mountain Pass,0,12,fde3779f1c614721ac303d3fb90fd4d3,1738266471,2025-01-30T19:47:51,50,DE,8,3,67,224,203,FARM,3,1,2
CM6JQ8G7A0,Mountain Pass,0,12,fde3779f1c614721ac303d3fb90fd4d3,1738266471,2025-01-30T19:47:51,50,DE,8,4,67,224,200,FARM,3,3,0
CM6JQ8G7A0,Mountain Pass,0,12,fde3779f1c614721ac303d3fb90fd4d3,1738266471,2025-01-30T19:47:51,50,DE,8,5,67,224,197,FARM,3,5,0
CM6JQ8G7A0,Mountain Pass,0,12,fde3779f1c614721ac303d3fb90fd4d3,1738266471,2025-01-30T19:47:51,50,DE,8,6,67,224,194,FARM,3,7,1
CM6JQ8G7A0,Mountain Pass,0,12,fde3779f1c614721ac303d3fb90fd4d3,1738266471,2025-01-30T19:47:51,50,DE,8,7,67,224,191,FARM,3,8,1
CM6JQ8G7A0,Mountain Pass,0,12,fde3779f1c614721ac303d3fb90fd4d3,1738266471,2025-01-30T19:47:51,50,DE,8,8,67,224,188,FARM,3,10,1
CM6JQ8G7A0,Mountain Pass,0,12,fde3779f1c614721ac303d3fb90fd4d3,1738266471,2025-01-30T19:47:51,50,DE,8,9,67,224,185,FARM,3,9,1
CM6JQ8G7A0,Mountain Pass,0,12,fde3779f1c614721ac303d3fb90fd4d3,1738266471,2025-01-30T19:47:51,50,DE,8,10,67,224,182,FARM,3,8,2
CM6JQ8G7A0,Mountain Pass,0,12,fde3779f1c614721ac303d3fb90fd4d3,1738266471,2025-01-30T19:47:51,50,DE,9,0,71,330,330,PASS,0,-1,-1
CM6JQ8G7A0,Mountain Pass,0,12,fde3779f1c614721ac303d3fb90fd4d3,1738266471,2025-01-30T19:47:51,50,DE,10,0,71,438,438,PASS,0,-1,-1
CM6JQ8G7A0,Mountain Pass,0,12,fde3779f1c614721ac303d3fb90fd4d3,1738266471,2025-01-30T19:47:51,50,DE,11,0,71,392,382,PLANT_TREE,10,9,4
CM6JQ8G7A0,Mountain Pass,0,12,fde3779f1c614721ac303d3fb90fd4d3,1738266471,2025-01-30T19:47:51,50,DE,11,1,71,392,372,PLANT_TREE,10,8,3
CM6JQ8G7A0,Mountain Pass,0,12,fde3779f1c614721ac303d3fb90fd4d3,1738266471,2025-01-30T19:47:51,50,DE,11,2,71,392,362,PLANT_TREE,10,9,3
CM6JQ8G7A0,Mountain Pass,0,12,fde3779f1c614721ac303d3fb90fd4d3,1738266471,2025-01-30T19:47:51,50,DE,11,3,71,392,352,PLANT_TREE,10,14,1
CM6JQ8G7A0,Mountain Pass,0,12,fde3779f1c614721ac303d3fb90fd4d3,1738266471,2025-01-30T19:47:51,50,DE,11,4,71,392,342,PLANT_TREE,10,14,2
CM6JQ8G7A0,Mountain Pass,0,12,fde3779f1c614721ac303d3fb90fd4d3,1738266471,2025-01-30T19:47:51,50,DE,11,5,71,392,332,PLANT_TREE,10,14,3
CM6JQ8G7A0,Mountain Pass,0,12,fde3779f1c614721ac303d3fb90fd4d3,1738266471,2025-01-30T19:47:51,50,DE,11,6,71,392,322,PLANT_TREE,10,13,4
CM6JQ8G7A0,Mountain Pass,0,12,fde3779f1c614721ac303d3fb90fd4d3,1738266471,2025-01-30T19:47:51,50,DE,11,7,71,392,312,PLANT_TREE,10,11,4
CM6JQ8G7A0,Mountain Pass,0,12,fde3779f1c614721ac303d3fb90fd4d3,1738266471,2025-01-30T19:47:51,50,DE,11,8,71,392,302,PLANT_TREE,10,12,3
CM6JQ8G7A0,Mountain Pass,0,12,fde3779f1c614721ac303d3fb90fd4d3,1738266471,2025-01-30T19:47:51,50,DE,11,9,71,392,292,PLANT_TREE,10,10,2
CM6JQ8G7A0,Mountain Pass,0,12,fde3779f1c614721ac303d3fb90fd4d3,1738266471,2025-01-30T19:47:51,50,DE,11,10,71,392,282,PLANT_TREE,10,10,3
CM6JQ8G7A0,Mountain Pass,0,12,fde3779f1c614721ac303d3fb90fd4d3,1738266471,2025-01-30T19:47:51,50,DE,11,11,71,392,272,PLANT_TREE,10,11,1
CM6JQ8G7A0,Mountain Pass,0,12,fde3779f1c614721ac303d3fb90fd4d3,1738266471,2025-01-30T19:47:51,50,DE,11,12,71,392,262,PLANT_TREE,10,12,1
CM6JQ8G7A0,Mountain Pass,0,12,fde3779f1c614721ac303d3fb90fd4d3,1738266471,2025-01-30T19:47:51,50,DE,11,13,71,392,252,PLANT_TREE,10,13,1
CM6JQ8G7A0,Mountain Pass,0,12,fde3779f1c614721ac303d3fb90fd4d3,1738266471,2025-01-30T19:47:51,50,DE,11,14,71,392,242,PLANT_TREE,10,13,2
CM5YF92JX0,Mountain Pass,0,12,f581d0148e1343358431dd298eba3ae5,1736978062,2025-01-15T21:54:22,50,NL,0,0,48,0,5,CHOP,-5,11,6
CM5YF92JX0,Mountain Pass,0,12,f581d0148e1343358431dd298eba3ae5,1736978062,2025-01-15T21:54:22,50,NL,0,1,48,0,10,CHOP,-5,11,6
CM5YF92JX0,Mountain Pass,0,12,f581d0148e1343358431dd298eba3ae5,1736978062,2025-01-15T21:54:22,50,NL,0,2,48,0,4,CLEAN,6,10,6
CM5YF92JX0,Mountain Pass,0,12,f581d0148e1343358431dd298eba3ae5,1736978062,2025-01-15T21:54:22,50,NL,0,3,48,0,1,FARM,3,9,5
CM5YF92JX0,Mountain Pass,0,12,f581d0148e1343358431dd298eba3ae5,1736978062,2025-01-15T21:54:22,50,NL,0,4,48,0,6,CHOP,-5,11,6
CM5YF92JX0,Mountain Pass,0,12,f581d0148e1343358431dd298eba3ae5,1736978062,2025-01-15T21:54:22,50,NL,0,5,48,0,1,CONCRETE,5,10,5
CM5YF92JX0,Mountain Pass,0,12,f581d0148e1343358431dd298eba3ae5,1736978062,2025-01-15T21:54:22,50,NL,0,6,48,0,6,CHOP,-5,10,4
CM5YF92JX0,Mountain Pass,0,12,f581d0148e1343358431dd298eba3ae5,1736978062,2025-01-15T21:54:22,50,NL,0,7,48,0,3,FARM,3,9,6
CM5YF92JX0,Mountain Pass,0,12,f581d0148e1343358431dd298eba3ae5,1736978062,2025-01-15T21:54:22,50,NL,0,8,48,0,0,FARM,3,9,4
CM5YF92JX0,Mountain Pass,0,12,f581d0148e1343358431dd298eba3ae5,1736978062,2025-01-15T21:54:22,50,NL,0,9,48,0,5,CHOP,-5,10,4
CM5YF92JX0,Mountain Pass,0,12,f581d0148e1343358431dd298eba3ae5,1736978062,2025-01-15T21:54:22,50,NL,0,10,48,0,0,CONCRETE,5,10,6
CM5YF92JX0,Mountain Pass,0,12,f581d0148e1343358431dd298eba3ae5,1736978062,2025-01-15T21:54:22,50,NL,0,11,48,0,5,CHOP,-5,10,4
CM5YF92JX0,Mountain Pass,0,12,f581d0148e1343358431dd298eba3ae5,1736978062,2025-01-15T21:54:22,50,NL,0,12,48,0,0,CONCRETE,5,9,3
CM5YF92JX0,Mountain Pass,0,12,f581d0148e1343358431dd298eba3ae5,1736978062,2025-01-15T21:54:22,50,NL,0,13,48,0,5,CHOP,-5,12,6
CM5YF92JX0,Mountain Pass,0,12,f581d0148e1343358431dd298eba3ae5,1736978062,2025-01-15T21:54:22,50,NL,0,14,48,0,2,FARM,3,10,3
CM5YF92JX0,Mountain Pass,0,12,f581d0148e1343358431dd298eba3ae5,1736978062,2025-01-15T21:54:22,50,NL,0,15,48,0,7,CHOP,-5,8,4
CM5YF92JX0,Mountain Pass,0,12,f581d0148e1343358431dd298eba3ae5,1736978062,2025-01-15T21:54:22,50,NL,0,16,48,0,1,CLEAN,6,7,1
CM5YF92JX0,Mountain Pass,0,12,f581d0148e1343358431dd298eba3ae5,1736978062,2025-01-15T21:54:22,50,NL,0,17,48,0,6,CHOP,-5,7,0
CM5YF92JX0,Mountain Pass,0,12,f581d0148e1343358431dd298eba3ae5,1736978062,2025-01-15T21:54:22,50,NL,0,18,48,0,3,FARM,3,8,3
CM5YF92JX0,Mountain Pass,0,12,f581d0148e1343358431dd298eba3ae5,1736978062,2025-01-15T21:54:22,50,NL,0,19,48,0,0,FARM,3,8,2
CM5YF92JX0,Mountain Pass,0,12,f581d0148e1343358431dd298eba3ae5,1736978062,2025-01-15T21:54:22,50,NL,0,20,48,0,5,CHOP,-5,9,1
CM5YF92JX0,Mountain Pass,0,12,f581d0148e1343358431dd298eba3ae5,1736978062,2025-01-15T21:54:22,50,NL,0,21,48,0,0,CONCRETE,5,10,2
CM5YF92JX0,Mountain Pass,0,12,f581d0148e1343358431dd298eba3ae5,1736978062,2025-01-15T21:54:22,50,NL,0,22,48,0,5,CHOP,-5,10,4
CM5YF92JX0,Mountain Pass,0,12,f581d0148e1343358431dd298eba3ae5,1736978062,2025-01-15T21:54:22,50,NL,0,23,48,0,0,CONCRETE,5,10,4
CM5YF92JX0,Mountain Pass,0,12,f581d0148e1343358431dd298eba3ae5,1736978062,2025-01-15T21:54:22,50,NL,0,24,48,0,5,CHOP,-5,11,3
CM5YF92JX0,Mountain Pass,0,12,f581d0148e1343358431dd298eba3ae5,1736978062,2025-01-15T21:54:22,50,NL,0,25,48,0,0,CONCRETE,5,11,4
CM5YF92JX0,Mountain Pass,0,12,f581d0148e1343358431dd298eba3ae5,1736978062,2025-01-15T21:54:22,50,NL,0,26,48,0,5,CHOP,-5,12,4
CM5YF92JX0,Mountain Pass,0,12,f581d0148e1343358431dd298eba3ae5,1736978062,2025-01-15T21:54:22,50,NL,0,27,48,0,0,CONCRETE,5,11,5
CM5YF92JX0,Mountain Pass,0,12,f581d0148e1343358431dd298eba3ae5,1736978062,2025-01-15T21:54:22,50,NL,0,28,48,0,5,CHOP,-5,12,6
CM5YF92JX0,Mountain Pass,0,12,f581d0148e1343358431dd298eba3ae5,1736978062,2025-01-15T21:54:22,50,NL,0,29,48,0,2,FARM,3,12,5
CM5YF92JX0,Mountain Pass,0,12,f581d0148e1343358431dd298eba3ae5,1736978062,2025-01-15T21:54:22,50,NL,0,30,48,0,7,CHOP,-5,11,6
CM5YF92JX0,Mountain Pass,0,12,f581d0148e1343358431dd298eba3ae5,1736978062,2025-01-15T21:54:22,50,NL,0,31,48,0,4,FARM,3,11,6
CM5YF92JX0,Mountain Pass,0,12,f581d0148e1343358431dd298eba3ae5,1736978062,2025-01-15T21:54:22,50,NL,0,32,48,0,1,FARM,3,12,3
CM5YF92JX0,Mountain Pass,0,12,f581d0148e1343358431dd298eba3ae5,1736978062,2025-01-15T21:54:22,50,NL,0,33,48,0,6,CHOP,-5,12,6
CM5YF92JX0,Mountain Pass,0,12,f581d0148e1343358431dd298eba3ae5,1736978062,2025-01-15T21:54:22,50,NL,0,34,48,0,11,CHOP,-5,12,6
CM5YF92JX0,Mountain Pass,0,12,f581d0148e1343358431dd298eba3ae5,1736978062,2025-01-15T21:54:22,50,NL,0,35,48,0,1,PLANT_TREE,10,12,6
CM5YF92JX0,Mountain Pass,0,12,f581d0148e1343358431dd298eba3ae5,1736978062,2025-01-15T21:54:22,50,NL,0,36,48,0,6,CHOP,-5,12,6
CM5YF92JX0,Mountain Pass,0,12,f581d0148e1343358431dd298eba3ae5,1736978062,2025-01-15T21:54:22,50,NL,0,37,48,0,3,FARM,3,12,6
CM5YF92JX0,Mountain Pass,0,12,f581d0148e1343358431dd298eba3ae5,1736978062,2025-01-15T21:54:22,50,NL,0,38,48,0,0,FARM,3,13,6
CM5YF92JX0,Mountain Pass,0,12,f581d0148e1343358431dd298eba3ae5,1736978062,2025-01-15T21:54:22,50,NL,0,39,48,0,5,CHOP,-5,12,4
CM5YF92JX0,Mountain Pass,0,12,f581d0148e1343358431dd298eba3ae5,1736978062,2025-01-15T21:54:22,50,NL,0,40,48,0,0,CONCRETE,5,13,5
CM5YF92JX0,Mountain Pass,0,12,f581d0148e1343358431dd298eba3ae5,1736978062,2025-01-15T21:54:22,50,NL,0,41,48,0,5,CHOP,-5,12,4
CM5YF92JX0,Mountain Pass,0,12,f581d0148e1343358431dd298eba3ae5,1736978062,2025-01-15T21:54:22,50,NL,0,42,48,0,0,CONCRETE,5,13,4
CM5YF92JX0,Mountain Pass,0,12,f581d0148e1343358431dd298eba3ae5,1736978062,2025-01-15T21:54:22,50,NL,0,43,48,0,5,CHOP,-5,12,4
CM5YF92JX0,Mountain Pass,0,12,f581d0148e1343358431dd298eba3ae5,1736978062,2025-01-15T21:54:22,50,NL,0,44,48,0,2,FARM,3,12,4
CM5YF92JX0,Mountain Pass,0,12,f581d0148e1343358431dd298eba3ae5,1736978062,2025-01-15T21:54:22,50,NL,0,45,48,0,7,CHOP,-5,12,2
CM5YF92JX0,Mountain Pass,0,12,f581d0148e1343358431dd298eba3ae5,1736978062,2025-01-15T21:54:22,50,NL,0,46,48,0,2,CONCRETE,5,12,1
CM5YF92JX0,Mountain Pass,0,12,f581d0148e1343358431dd298eba3ae5,1736978062,2025-01-15T21:54:22,50,NL,0,47,48,0,7,CHOP,-5,12,2
CM5YF92JX0,Mountain Pass,0,12,f581d0148e1343358431dd298eba3ae5,1736978062,2025-01-15T21:54:22,50,NL,0,48,48,0,2,CONCRETE,5,13,1
CM5YF92JX0,Mountain Pass,0,12,f581d0148e1343358431dd298eba3ae5,1736978062,2025-01-15T21:54:22,50,NL,0,49,48,0,7,CHOP,-5,11,2
CM5YF92JX0,Mountain Pass,0,12,f581d0148e1343358431dd298eba3ae5,1736978062,2025-01-15T21:54:22,50,NL,0,50,48,0,2,CONCRETE,5,11,1
CM5YF92JX0,Mountain Pass,0,12,f581d0148e1343358431dd298eba3ae5,1736978062,2025-01-15T21:54:22,50,NL,0,51,48,0,7,CHOP,-5,12,2
CM5YF92JX0,Mountain Pass,0,12,f581d0148e1343358431dd298eba3ae5,1736978062,2025-01-15T21:54:22,50,NL,0,52,48,0,4,FARM,3,13,2
CM5YF92JX0,Mountain Pass,0,12,f581d0148e1343358431dd298eba3ae5,1736978062,2025-01-15T21:54:22,50,NL,0,53,48,0,9,CHOP,-5,11,2
CM5YF92JX0,Mountain Pass,0,12,f581d0148e1343358431dd298eba3ae5,1736978062,2025-01-15T21:54:22,50,NL,0,54,48,0,4,CONCRETE,5,10,1
CM5YF92JX0,Mountain Pass,0,12,f581d0148e1343358431dd298eba3ae5,1736978062,2025-01-15T21:54:22,50,NL,0,55,48,0,1,FARM,3,14,1
CM5YF92JX0,Mountain Pass,0,12,f581d0148e1343358431dd298eba3ae5,1736978062,2025-01-15T21:54:22,50,NL,0,56,48,0,6,CHOP,-5,13,3
CM5YF92JX0,Mountain Pass,0,12,f581d0148e1343358431dd298eba3ae5,1736978062,2025-01-15T21:54:22,50,NL,0,57,48,0,3,FARM,3,14,2
CM5YF92JX0,Mountain Pass,0,12,f581d0148e1343358431dd298eba3ae5,1736978062,2025-01-15T21:54:22,50,NL,0,58,48,0,8,CHOP,-5,13,3
CM5YF92JX0,Mountain Pass,0,12,f581d0148e1343358431dd298eba3ae5,1736978062,2025-01-15T21:54:22,50,NL,0,59,48,0,3,CONCRETE,5,14,3
CM5YF92JX0,Mountain Pass,0,12,f581d0148e1343358431dd298eba3ae5,1736978062,2025-01-15T21:54:22,50,NL,0,60,48,0,8,CHOP,-5,9,1
CM5YF92JX0,Mountain Pass,0,12,f581d0148e1343358431dd298eba3ae5,1736978062,2025-01-15T21:54:22,50,NL,0,61,48,0,3,CONCRETE,5,8,1
CM5YF92JX0,Mountain Pass,0,12,f581d0148e1343358431dd298eba3ae5,1736978062,2025-01-15T21:54:22,50,NL,0,62,48,0,8,CHOP,-5,9,1
CM5YF92JX0,Mountain Pass,0,12,f581d0148e1343358431dd298eba3ae5,1736978062,2025-01-15T21:54:22,50,NL,0,63,48,0,5,FARM,3,7,1
CM5YF92JX0,Mountain Pass,0,12,f581d0148e1343358431dd298eba3ae5,1736978062,2025-01-15T21:54:22,50,NL,0,64,48,0,10,CHOP,-5,9,1
CM5YF92JX0,Mountain Pass,0,12,f581d0148e1343358431dd298eba3ae5,1736978062,2025-01-15T21:54:22,50,NL,0,65,48,0,4,CLEAN,6,6,0
CM5YF92JX0,Mountain Pass,0,12,f581d0148e1343358431dd298eba3ae5,1736978062,2025-01-15T21:54:22,50,NL,0,66,48,0,9,CHOP,-5,9,2
CM5YF92JX0,Mountain Pass,0,12,f581d0148e1343358431dd298eba3ae5,1736978062,2025-01-15T21:54:22,50,NL,0,67,48,0,3,CLEAN,6,5,2
CM5YF92JX0,Mountain Pass,0,12,f581d0148e1343358431dd298eba3ae5,1736978062,2025-01-15T21:54:22,50,NL,0,68,48,0,0,FARM,3,5,1
CM5YF92JX0,Mountain Pass,0,12,f581d0148e1343358431dd298eba3ae5,1736978062,2025-01-15T21:54:22,50,NL,0,69,48,0,5,CHOP,-5,4,5
CM5YF92JX0,Mountain Pass,0,12,f581d0148e1343358431dd298eba3ae5,1736978062,2025-01-15T21:54:22,50,NL,0,70,48,0,2,FARM,3,4,5
CM5YF92JX0,Mountain Pass,0,12,f581d0148e1343358431dd298eba3ae5,1736978062,2025-01-15T21:54:22,50,NL,0,71,48,0,7,CHOP,-5,9,2
CM5YF92JX0,Mountain Pass,0,12,f581d0148e1343358431dd298eba3ae5,1736978062,2025-01-15T21:54:22,50,NL,0,72,48,0,1,CLEAN,6,3,2
CM5YF92JX0,Mountain Pass,0,12,f581d0148e1343358431dd298eba3ae5,1736978062,2025-01-15T21:54:22,50,NL,0,73,48,0,6,CHOP,-5,9,2
CM5YF92JX0,Mountain Pass,0,12,f581d0148e1343358431dd298eba3ae5,1736978062,2025-01-15T21:54:22,50,NL,0,74,48,0,1,CONCRETE,5,5,2
CM5YF92JX0,Mountain Pass,0,12,f581d0148e1343358431dd298eba3ae5,1736978062,2025-01-15T21:54:22,50,NL,0,75,48,0,6,CHOP,-5,1,4
CM5YF92JX0,Mountain Pass,0,12,f581d0148e1343358431dd298eba3ae5,1736978062,2025-01-15T21:54:22,50,NL,0,76,48,0,3,FARM,3,2,2
CM5YF92JX0,Mountain Pass,0,12,f581d0148e1343358431dd298eba3ae5,1736978062,2025-01-15T21:54:22,50,NL,0,77,48,0,8,CHOP,-5,2,6
CM5YF92JX0,Mountain Pass,0,12,f581d0148e1343358431dd298eba3ae5,1736978062,2025-01-15T21:54:22,50,NL,0,78,48,0,3,CONCRETE,5,2,6
CM5YF92JX0,Mountain Pass,0,12,f581d0148e1343358431dd298eba3ae5,1736978062,2025-01-15T21:54:22,50,NL,0,79,48,0,8,CHOP,-5,8,4
CM5YF92JX0,Mountain Pass,0,12,f581d0148e1343358431dd298eba3ae5,1736978062,2025-01-15T21:54:22,50,NL,0,80,48,0,2,CLEAN,6,3,4
CM5YF92JX0,Mountain Pass,0,12,f581d0148e1343358431dd298eba3ae5,1736978062,2025-01-15T21:54:22,50,NL,0,81,48,0,7,CHOP,-5,0,6
CM5YF92JX0,Mountain Pass,0,12,f581d0148e1343358431dd298eba3ae5,1736978062,2025-01-15T21:54:22,50,NL,0,82,48,0,1,CLEAN,6,0,5
CM5YF92JX0,Mountain Pass,0,12,f581d0148e1343358431dd298eba3ae5,1736978062,2025-01-15T21:54:22,50,NL,0,83,48,0,6,CHOP,-5,8,4
CM5YF92JX0,Mountain Pass,0,12,f581d0148e1343358431dd298eba3ae5,1736978062,2025-01-15T21:54:22,50,NL,0,84,48,0,3,FARM,3,3,5
CM5YF92JX0,Mountain Pass,0,12,f581d0148e1343358431dd298eba3ae5,1736978062,2025-01-15T21:54:22,50,NL,0,85,48,0,0,FARM,3,3,4
CM5YF92JX0,Mountain Pass,0,12,f581d0148e1343358431dd298eba3ae5,1736978062,2025-01-15T21:54:22,50,NL,0,86,48,0,5,CHOP,-5,8,4
CM5YF92JX0,Mountain Pass,0,12,f581d0148e1343358431dd298eba3ae5,1736978062,2025-01-15T21:54:22,50,NL,0,87,48,0,0,CONCRETE,5,1,5
CM5YF92JX0,Mountain Pass,0,12,f581d0148e1343358431dd298eba3ae5,1736978062,2025-01-15T21:54:22,50,NL,0,88,48,0,5,CHOP,-5,11,3
CM5YF92JX0,Mountain Pass,0,12,f581d0148e1343358431dd298eba3ae5,1736978062,2025-01-15T21:54:22,50,NL,0,89,48,0,0,CONCRETE,5,2,4
CM5YF92JX0,Mountain Pass,0,12,f581d0148e1343358431dd298eba3ae5,1736978062,2025-01-15T21:54:22,50,NL,0,90,48,0,5,CHOP,-5,7,0
CM5YF92JX0,Mountain Pass,0,12,f581d0148e1343358431dd298eba3ae5,1736978062,2025-01-15T21:54:22,50,NL,0,91,48,0,0,CONCRETE,5,6,0
CM5YF92JX0,Mountain Pass,0,12,f581d0148e1343358431dd298eba3ae5,1736978062,2025-01-15T21:54:22,50,NL,0,92,48,0,5,CHOP,-5,7,0
CM5YF92JX0,Mountain Pass,0,12,f581d0148e1343358431dd298eba3ae5,1736978062,2025-01-15T21:54:22,50,NL,0,93,48,0,0,CONCRETE,5,4,2
CM5YF92JX0,Mountain Pass,0,12,f581d0148e1343358431dd298eba3ae5,1736978062,2025-01-15T21:54:22,50,NL,1,0,73,73,67,CLEAN,6,6,7
CM5YF92JX0,Mountain Pass,0,12,f581d0148e1343358431dd298eba3ae5,1736978062,2025-01-15T21:54:22,50,NL,1,1,73,73,57,PLANT_TREE,10,7,7
CM5YF92JX0,Mountain Pass,0,12,f581d0148e1343358431dd298eba3ae5,1736978062,2025-01-15T21:54:22,50,NL,1,2,73,73,54,FARM,3,5,7
CM5YF92JX0,Mountain Pass,0,12,f581d0148e1343358431dd298eba3ae5,1736978062,2025-01-15T21:54:22,50,NL,1,3,73,73,49,CONCRETE,5,6,7
CM5YF92JX0,Mountain Pass,0,12,f581d0148e1343358431dd298eba3ae5,1736978062,2025-01-15T21:54:22,50,NL,1,4,73,73,39,PLANT_TREE,10,0,6
CM5YF92JX0,Mountain Pass,0,12,f581d0148e1343358431dd298eba3ae5,1736978062,2025-01-15T21:54:22,50,NL,1,5,73,73,29,PLANT_TREE,10,4,4
CM5YF92JX0,Mountain Pass,0,12,f581d0148e1343358431dd298eba3ae5,1736978062,2025-01-15T21:54:22,50,NL,1,6,73,73,19,PLANT_TREE,10,0,5
CM5YF92JX0,Mountain Pass,0,12,f581d0148e1343358431dd298eba3ae5,1736978062,2025-01-15T21:54:22,50,NL,1,7,73,73,9,PLANT_TREE,10,8,4
CM5YF92JX0,Mountain Pass,0,12,f581d0148e1343358431dd298eba3ae5,1736978062,2025-01-15T21:54:22,50,NL,1,8,73,73,4,CONCRETE,5,0,4
CM5YF92JX0,Mountain Pass,0,12,f581d0148e1343358431dd298eba3ae5,1736978062,2025-01-15T21:54:22,50,NL,2,0,93,208,213,CHOP,-5,4,4
CM5YF92JX0,Mountain Pass,0,12,f581d0148e1343358431dd298eba3ae5,1736978062,2025-01-15T21:54:22,50,NL,2,1,93,208,207,CLEAN,6,4,4
CM5YF92JX0,Mountain Pass,0,12,f581d0148e1343358431dd298eba3ae5,1736978062,2025-01-15T21:54:22,50,NL,2,2,93,208,212,CHOP,-5,11,2
CM5YF92JX0,Mountain Pass,0,12,f581d0148e1343358431dd298eba3ae5,1736978062,2025-01-15T21:54:22,50,NL,3,0,115,252,246,CLEAN,6,3,3
CM5YF92JX0,Mountain Pass,0,12,f581d0148e1343358431dd298eba3ae5,1736978062,2025-01-15T21:54:22,50,NL,3,1,115,252,240,CLEAN,6,3,1
CM5YF92JX0,Mountain Pass,0,12,f581d0148e1343358431dd298eba3ae5,1736978062,2025-01-15T21:54:22,50,NL,3,2,115,252,234,CLEAN,6,5,4
CM5YF92JX0,Mountain Pass,0,12,f581d0148e1343358431dd298eba3ae5,1736978062,2025-01-15T21:54:22,50,NL,3,3,115,252,228,CLEAN,6,1,4
CM5YF92JX0,Mountain Pass,0,12,f581d0148e1343358431dd298eba3ae5,1736978062,2025-01-15T21:54:22,50,NL,3,4,115,252,218,PLANT_TREE,10,6,1
CM5YF92JX0,Mountain Pass,0,12,f581d0148e1343358431dd298eba3ae5,1736978062,2025-01-15T21:54:22,50,NL,3,5,115,252,213,CONCRETE,5,5,3
CM5YF92JX0,Mountain Pass,0,12,f581d0148e1343358431dd298eba3ae5,1736978062,2025-01-15T21:54:22,50,NL,3,6,115,252,210,FARM,3,1,3
CM5YF92JX0,Mountain Pass,0,12,f581d0148e1343358431dd298eba3ae5,1736978062,2025-01-15T21:54:22,50,NL,3,7,115,252,207,FARM,3,5,5
CM5YF92JX0,Mountain Pass,0,12,f581d0148e1343358431dd298eba3ae5,1736978062,2025-01-15T21:54:22,50,NL,3,8,115,252,202,CONCRETE,5,5,4
CM5YF92JX0,Mountain Pass,0,12,f581d0148e1343358431dd298eba3ae5,1736978062,2025-01-15T21:54:22,50,NL,3,9,115,252,197,CONCRETE,5,4,4
CM5YF92JX0,Mountain Pass,0,12,f581d0148e1343358431dd298eba3ae5,1736978062,2025-01-15T21:54:22,50,NL,3,10,115,252,194,FARM,3,4,1
CM5YF92JX0,Mountain Pass,0,12,f581d0148e1343358431dd298eba3ae5,1736978062,2025-01-15T21:54:22,50,NL,3,11,115,252,184,PLANT_TREE,10,3,0
CM5YF92JX0,Mountain Pass,0,12,f581d0148e1343358431dd298eba3ae5,1736978062,2025-01-15T21:54:22,50,NL,3,12,115,252,174,PLANT_TREE,10,2,3
CM5YF92JX0,Mountain Pass,0,12,f581d0148e1343358431dd298eba3ae5,1736978062,2025-01-15T21:54:22,50,NL,4,0,125,264,254,PLANT_TREE,10,3,2
CM5YF92JX0,Mountain Pass,0,12,f581d0148e1343358431dd298eba3ae5,1736978062,2025-01-15T21:54:22,50,NL,4,1,125,264,251,FARM,3,3,3
CM5YF92JX0,Mountain Pass,0,12,f581d0148e1343358431dd298eba3ae5,1736978062,2025-01-15T21:54:22,50,NL,4,2,125,264,245,CLEAN,6,3,1
CM5YF92JX0,Mountain Pass,0,12,f581d0148e1343358431dd298eba3ae5,1736978062,2025-01-15T21:54:22,50,NL,4,3,125,264,239,CLEAN,6,3,1
CM5YF92JX0,Mountain Pass,0,12,f581d0148e1343358431dd298eba3ae5,1736978062,2025-01-15T21:54:22,50,NL,4,4,125,264,233,CLEAN,6,9,1
CM5YF92JX0,Mountain Pass,0,12,f581d0148e1343358431dd298eba3ae5,1736978062,2025-01-15T21:54:22,50,NL,4,5,125,264,223,PLANT_TREE,10,9,1
CM5YF92JX0,Mountain Pass,0,12,f581d0148e1343358431dd298eba3ae5,1736978062,2025-01-15T21:54:22,50,NL,4,6,125,264,217,CLEAN,6,4,8
CM5YF92JX0,Mountain Pass,0,12,f581d0148e1343358431dd298eba3ae5,1736978062,2025-01-15T21:54:22,50,NL,4,7,125,264,211,CLEAN,6,4,6
CM5YF92JX0,Mountain Pass,0,12,f581d0148e1343358431dd298eba3ae5,1736978062,2025-01-15T21:54:22,50,NL,4,8,125,264,205,CLEAN,6,1,7
CM5YF92JX0,Mountain Pass,0,12,f581d0148e1343358431dd298eba3ae5,1736978062,2025-01-15T21:54:22,50,NL,4,9,125,264,199,CLEAN,6,2,5
CM5YF92JX0,Mountain Pass,0,12,f581d0148e1343358431dd298eba3ae5,1736978062,2025-01-15T21:54:22,50,NL,4,10,125,264,193,CLEAN,6,1,1
CM5YF92JX0,Mountain Pass,0,12,f581d0148e1343358431dd298eba3ae5,1736978062,2025-01-15T21:54:22,50,NL,4,11,125,264,188,CONCRETE,5,1,7
CM5YF92JX0,Mountain Pass,0,12,f581d0148e1343358431dd298eba3ae5,1736978062,2025-01-15T21:54:22,50,NL,4,12,125,264,178,PLANT_TREE,10,4,6
CM5YF92JX0,Mountain Pass,0,12,f581d0148e1343358431dd298eba3ae5,1736978062,2025-01-15T21:54:22,50,NL,4,13,125,264,175,FARM,3,4,8
CM5YF92JX0,Mountain Pass,0,12,f581d0148e1343358431dd298eba3ae5,1736978062,2025-01-15T21:54:22,50,NL,4,14,125,264,165,PLANT_TREE,10,5,6
CM5YF92JX0,Mountain Pass,0,12,f581d0148e1343358431dd298eba3ae5,1736978062,2025-01-15T21:54:22,50,NL,4,15,125,264,160,CONCRETE,5,3,6
CM5YF92JX0,Mountain Pass,0,12,f581d0148e1343358431dd298eba3ae5,1736978062,2025-01-15T21:54:22,50,NL,4,16,125,264,150,PLANT_TREE,10,3,8
CM5YF92JX0,Mountain Pass,0,12,f581d0148e1343358431dd298eba3ae5,1736978062,2025-01-15T21:54:22,50,NL,4,17,125,264,147,FARM,3,4,7
CM5YF92JX0,Mountain Pass,0,12,f581d0148e1343358431dd298eba3ae5,1736978062,2025-01-15T21:54:22,50,NL,4,18,125,264,142,CONCRETE,5,0,7
CM5YF92JX0,Mountain Pass,0,12,f581d0148e1343358431dd298eba3ae5,1736978062,2025-01-15T21:54:22,50,NL,5,0,141,167,162,CONCRETE,5,2,5
CM5YF92JX0,Mountain Pass,0,12,f581d0148e1343358431dd298eba3ae5,1736978062,2025-01-15T21:54:22,50,NL,5,1,141,167,156,CLEAN,6,1,0
CM5YF92JX0,Mountain Pass,0,12,f581d0148e1343358431dd298eba3ae5,1736978062,2025-01-15T21:54:22,50,NL,5,2,141,167,150,CLEAN,6,4,0
CM5YF92JX0,Mountain Pass,0,12,f581d0148e1343358431dd298eba3ae5,1736978062,2025-01-15T21:54:22,50,NL,5,3,141,167,144,CLEAN,6,3,7
CM5YF92JX0,Mountain Pass,0,12,f581d0148e1343358431dd298eba3ae5,1736978062,2025-01-15T21:54:22,50,NL,5,4,141,167,138,CLEAN,6,0,3
CM5YF92JX0,Mountain Pass,0,12,f581d0148e1343358431dd298eba3ae5,1736978062,2025-01-15T21:54:22,50,NL,5,5,141,167,135,FARM,3,1,0
CM5YF92JX0,Mountain Pass,0,12,f581d0148e1343358431dd298eba3ae5,1736978062,2025-01-15T21:54:22,50,NL,5,6,141,167,130,CONCRETE,5,4,0
CM5YF92JX0,Mountain Pass,0,12,f581d0148e1343358431dd298eba3ae5,1736978062,2025-01-15T21:54:22,50,NL,5,7,141,167,120,PLANT_TREE,10,5,0
CM5YF92JX0,Mountain Pass,0,12,f581d0148e1343358431dd298eba3ae5,1736978062,2025-01-15T21:54:22,50,NL,5,8,141,167,110,PLANT_TREE,10,1,2
CM5YF92JX0,Mountain Pass,0,12,f581d0148e1343358431dd298eba3ae5,1736978062,2025-01-15T21:54:22,50,NL,5,9,141,167,100,PLANT_TREE,10,1,1
CM5YF92JX0,Mountain Pass,0,12,f581d0148e1343358431dd298eba3ae5,1736978062,2025-01-15T21:54:22,50,NL,5,10,141,167,90,PLANT_TREE,10,2,0
CM5YF92JX0,Mountain Pass,0,12,f581d0148e1343358431dd298eba3ae5,1736978062,2025-01-15T21:54:22,50,NL,5,11,141,167,80,PLANT_TREE,10,3,1
CM5YF92JX0,Mountain Pass,0,12,f581d0148e1343358431dd298eba3ae5,1736978062,2025-01-15T21:54:22,50,NL,5,12,141,167,70,PLANT_TREE,10,2,7
CM5YF92JX0,Mountain Pass,0,12,f581d0148e1343358431dd298eba3ae5,1736978062,2025-01-15T21:54:22,50,NL,6,0,144,291,288,FARM,3,3,7
CM5YF92JX0,Mountain Pass,0,12,f581d0148e1343358431dd298eba3ae5,1736978062,2025-01-15T21:54:22,50,NL,6,1,144,291,283,CONCRETE,5,0,3
CM5YF92JX0,Mountain Pass,0,12,f581d0148e1343358431dd298eba3ae5,1736978062,2025-01-15T21:54:22,50,NL,6,2,144,291,280,FARM,3,1,4
CM5YF92JX0,Mountain Pass,0,12,f581d0148e1343358431dd298eba3ae5,1736978062,2025-01-15T21:54:22,50,NL,6,3,144,291,275,CONCRETE,5,1,6
CM5YF92JX0,Mountain Pass,0,12,f581d0148e1343358431dd298eba3ae5,1736978062,2025-01-15T21:54:22,50,NL,6,4,144,291,269,CLEAN,6,8,0
CM5YF92JX0,Mountain Pass,0,12,f581d0148e1343358431dd298eba3ae5,1736978062,2025-01-15T21:54:22,50,NL,6,5,144,291,259,PLANT_TREE,10,10,0
CM5YF92JX0,Mountain Pass,0,12,f581d0148e1343358431dd298eba3ae5,1736978062,2025-01-15T21:54:22,50,NL,6,6,144,291,249,PLANT_TREE,10,8,0
CM5YF92JX0,Mountain Pass,0,12,f581d0148e1343358431dd298eba3ae5,1736978062,2025-01-15T21:54:22,50,NL,6,7,144,291,246,FARM,3,9,0
CM5YF92JX0,Mountain Pass,0,12,f581d0148e1343358431dd298eba3ae5,1736978062,2025-01-15T21:54:22,50,NL,7,0,150,291,291,PASS,0,-1,-1
CM5YF92JX0,Mountain Pass,0,12,f581d0148e1343358431dd298eba3ae5,1736978062,2025-01-15T21:54:22,50,NL,8,0,152,399,399,PASS,0,-1,-1
CM5YF92JX0,Mountain Pass,0,12,f581d0148e1343358431dd298eba3ae5,1736978062,2025-01-15T21:54:22,50,NL,9,0,153,549,549,PASS,0,-1,-1
CM5YF92JX0,Mountain Pass,0,12,f581d0148e1343358431dd298eba3ae5,1736978062,2025-01-15T21:54:22,50,NL,10,0,153,706,711,CHOP,-5,7,7
CM5YF92JX0,Mountain Pass,0,12,f581d0148e1343358431dd298eba3ae5,1736978062,2025-01-15T21:54:22,50,NL,10,1,153,706,716,CHOP,-5,7,7
CM5YF92JX0,Mountain Pass,0,12,f581d0148e1343358431dd298eba3ae5,1736978062,2025-01-15T21:54:22,50,NL,10,2,153,706,721,CHOP,-5,7,7
CM5YF92JX0,Mountain Pass,0,12,f581d0148e1343358431dd298eba3ae5,1736978062,2025-01-15T21:54:22,50,NL,10,3,153,706,715,CLEAN,6,7,7
CM5YF92JX0,Mountain Pass,0,12,f581d0148e1343358431dd298eba3ae5,1736978062,2025-01-15T21:54:22,50,NL,10,4,153,706,712,FARM,3,7,7
CM5YF92JX0,Mountain Pass,0,12,f581d0148e1343358431dd298eba3ae5,1736978062,2025-01-15T21:54:22,50,NL,11,0,153,816,816,PASS,0,-1,-1
